INSERT INTO `user_user` (`id`, `password`, `last_login`, `is_superuser`, `username`, `first_name`, `last_name`, `email`, `is_staff`, `is_active`, `date_joined`, `image`, `patronymic`, `phone`) VALUES (2, 'cbfad1d704ad2fa6c1927b0450ec39230afc2866', '2022-01-06 18:48:32', 0, 'thoradamore', 'Karolann', 'Buckridge', 'dubuque.ned@example.net', 0, 0, '2021-10-01 21:51:35', '', 'Sidney', '79348907151');
INSERT INTO `user_user` (`id`, `password`, `last_login`, `is_superuser`, `username`, `first_name`, `last_name`, `email`, `is_staff`, `is_active`, `date_joined`, `image`, `patronymic`, `phone`) VALUES (3, 'aa9ab78dd7c8ccbdf2d5a321373f233286b0f23c', '2022-01-01 23:55:15', 0, 'stark.ariel', 'Meghan', 'OKeefe', 'valtenwerth@example.com', 0, 0, '2021-05-25 13:59:38', 'http://lorempixel.com/640/480/', 'Alec', '79631983745');
INSERT INTO `user_user` (`id`, `password`, `last_login`, `is_superuser`, `username`, `first_name`, `last_name`, `email`, `is_staff`, `is_active`, `date_joined`, `image`, `patronymic`, `phone`) VALUES (4, '024ae7de55cd72fdf3f2e4226e0ca1e1710edb2f', '2021-12-28 23:54:26', 0, 'okuneva.john', 'Cletus', 'Terry', 'haven.damore@example.org', 0, 0, '2021-01-27 11:22:56', '', 'Jamar', '79250121090');
INSERT INTO `user_user` (`id`, `password`, `last_login`, `is_superuser`, `username`, `first_name`, `last_name`, `email`, `is_staff`, `is_active`, `date_joined`, `image`, `patronymic`, `phone`) VALUES (5, '9160fd11909487e890dda9a51778d2fa90768a7b', '2022-01-10 15:22:00', 0, 'cale53', 'Audrey', 'Anderson', 'ycronin@example.net', 0, 0, '2021-03-17 08:52:10', 'http://lorempixel.com/640/480/', 'Hank', '79504310533');
INSERT INTO `user_user` (`id`, `password`, `last_login`, `is_superuser`, `username`, `first_name`, `last_name`, `email`, `is_staff`, `is_active`, `date_joined`, `image`, `patronymic`, `phone`) VALUES (6, '5632e98ef9b9f7337d6ab70a64c260e167bb778c', '2021-12-29 13:28:57', 0, 'ilittle', 'Duncan', 'OConnell', 'garnet.weissnat@example.org', 0, 0, '2021-12-09 11:09:38', '', 'Kevin', '79179183118');
INSERT INTO `user_user` (`id`, `password`, `last_login`, `is_superuser`, `username`, `first_name`, `last_name`, `email`, `is_staff`, `is_active`, `date_joined`, `image`, `patronymic`, `phone`) VALUES (7, '25d10abb3beda2e61a8a1bbb69304c80e0ccff30', '2022-01-11 09:18:23', 0, 'carmelo39', 'Mollie', 'Roob', 'graciela56@example.net', 0, 0, '2021-02-16 19:56:13', '', 'Guiseppe', '79601582260');
INSERT INTO `user_user` (`id`, `password`, `last_login`, `is_superuser`, `username`, `first_name`, `last_name`, `email`, `is_staff`, `is_active`, `date_joined`, `image`, `patronymic`, `phone`) VALUES (8, 'a622cb310d603fff1a594e082bef02dd2b3b632d', '2022-01-09 00:15:47', 0, 'sabina.kunde', 'Estrella', 'Willms', 'carson.mitchell@example.org', 0, 0, '2021-09-04 01:23:25', 'http://lorempixel.com/640/480/', 'Vidal', '79272143038');
INSERT INTO `user_user` (`id`, `password`, `last_login`, `is_superuser`, `username`, `first_name`, `last_name`, `email`, `is_staff`, `is_active`, `date_joined`, `image`, `patronymic`, `phone`) VALUES (9, '8f3e3374f3b173a5afcb40a3c7c0fa6c95c1ce68', '2022-01-04 15:35:36', 0, 'emmett12', 'Lina', 'Klein', 'monte71@example.org', 0, 0, '2021-12-22 12:37:35', 'http://lorempixel.com/640/480/', 'Israel', '79457191192');
INSERT INTO `user_user` (`id`, `password`, `last_login`, `is_superuser`, `username`, `first_name`, `last_name`, `email`, `is_staff`, `is_active`, `date_joined`, `image`, `patronymic`, `phone`) VALUES (10, '56e56e42dae494704a22318d1c4542c3e5685241', '2021-12-14 18:47:07', 0, 'murray50', 'Wilhelm', 'Altenwerth', 'reinhold.dickens@example.org', 0, 0, '2021-04-02 00:57:05', 'http://lorempixel.com/640/480/', 'Vaughn', '79994889202');
INSERT INTO `user_user` (`id`, `password`, `last_login`, `is_superuser`, `username`, `first_name`, `last_name`, `email`, `is_staff`, `is_active`, `date_joined`, `image`, `patronymic`, `phone`) VALUES (11, '519310352376686fa4389ff00be39c72c5c73a52', '2021-12-14 04:54:26', 0, 'ruben36', 'Ariel', 'McLaughlin', 'kelvin.johnson@example.org', 0, 0, '2021-12-17 16:05:52', 'http://lorempixel.com/640/480/', 'Cordelia', '79239587349');
INSERT INTO `user_user` (`id`, `password`, `last_login`, `is_superuser`, `username`, `first_name`, `last_name`, `email`, `is_staff`, `is_active`, `date_joined`, `image`, `patronymic`, `phone`) VALUES (12, 'b82d733eee345e678c8dfe6492c2311dbd9bbde8', '2022-01-01 03:19:18', 0, 'horacio43', 'Jadyn', 'Connelly', 'dibbert.coleman@example.net', 0, 0, '2021-07-08 11:00:03', 'http://lorempixel.com/640/480/', 'Ansel', '79923509290');
INSERT INTO `user_user` (`id`, `password`, `last_login`, `is_superuser`, `username`, `first_name`, `last_name`, `email`, `is_staff`, `is_active`, `date_joined`, `image`, `patronymic`, `phone`) VALUES (13, '2987eda0c8f554d56c52b8c2537a964df925bad1', '2022-01-09 07:05:11', 0, 'brain.zboncak', 'Kariane', 'Lowe', 'jaida64@example.net', 0, 0, '2021-02-08 22:27:24', 'http://lorempixel.com/640/480/', 'Arnold', '79708412477');
INSERT INTO `user_user` (`id`, `password`, `last_login`, `is_superuser`, `username`, `first_name`, `last_name`, `email`, `is_staff`, `is_active`, `date_joined`, `image`, `patronymic`, `phone`) VALUES (14, '90f0235e3a94bb53544614a7c2a34af5ac9edf04', '2022-01-11 06:08:39', 0, 'oliver.wisozk', 'Claire', 'Purdy', 'werner.balistreri@example.com', 0, 0, '2021-10-06 03:53:26', '', 'Reyes', '79146976512');
INSERT INTO `user_user` (`id`, `password`, `last_login`, `is_superuser`, `username`, `first_name`, `last_name`, `email`, `is_staff`, `is_active`, `date_joined`, `image`, `patronymic`, `phone`) VALUES (15, 'c7ccbe273ee0242e543bb143939fa56ab07f6c5c', '2021-12-29 01:08:18', 0, 'hhyatt', 'Delia', 'Mante', 'emory.haley@example.com', 0, 0, '2022-01-03 03:45:29', '', 'Frederick', '79365215462');
INSERT INTO `user_user` (`id`, `password`, `last_login`, `is_superuser`, `username`, `first_name`, `last_name`, `email`, `is_staff`, `is_active`, `date_joined`, `image`, `patronymic`, `phone`) VALUES (16, '8db3832d2af2afa7bfaacdcbb92caf19e6176387', '2021-12-20 18:32:24', 0, 'stamm.cary', 'Abdullah', 'Schulist', 'wfunk@example.net', 0, 0, '2021-07-20 12:02:46', 'http://lorempixel.com/640/480/', 'Riley', '79981380965');
INSERT INTO `user_user` (`id`, `password`, `last_login`, `is_superuser`, `username`, `first_name`, `last_name`, `email`, `is_staff`, `is_active`, `date_joined`, `image`, `patronymic`, `phone`) VALUES (17, 'c6d8f61e8fe52e502e2d9df9f49a5c23bae07ae5', '2021-12-22 04:48:32', 0, 'pfannerstill.shanelle', 'Arlo', 'White', 'tmayert@example.org', 0, 0, '2021-08-25 18:59:42', '', 'Ewell', '79879624632');
INSERT INTO `user_user` (`id`, `password`, `last_login`, `is_superuser`, `username`, `first_name`, `last_name`, `email`, `is_staff`, `is_active`, `date_joined`, `image`, `patronymic`, `phone`) VALUES (18, '777374d1c3e72d0fcc837ade3ac0caa803636714', '2022-01-11 07:03:46', 0, 'kaylah.rath', 'Mozell', 'Daugherty', 'rlubowitz@example.com', 0, 0, '2021-05-10 13:25:00', '', 'Scottie', '79801188766');
INSERT INTO `user_user` (`id`, `password`, `last_login`, `is_superuser`, `username`, `first_name`, `last_name`, `email`, `is_staff`, `is_active`, `date_joined`, `image`, `patronymic`, `phone`) VALUES (19, '7cc4652d6038a52edfe8e2364a17885f00dd2f0a', '2021-12-20 00:16:56', 0, 'austen.block', 'Mauricio', 'Schinner', 'maudie16@example.com', 0, 0, '2021-12-05 18:33:24', 'http://lorempixel.com/640/480/', 'Don', '79123453988');
INSERT INTO `user_user` (`id`, `password`, `last_login`, `is_superuser`, `username`, `first_name`, `last_name`, `email`, `is_staff`, `is_active`, `date_joined`, `image`, `patronymic`, `phone`) VALUES (20, '7856f3c776de2b4574e6f29b9da7802005f6eeed', '2021-12-30 00:27:15', 0, 'gorczany.alisha', 'Doyle', 'Littel', 'hershel.stroman@example.net', 0, 0, '2021-08-02 08:05:19', '', 'Otho', '79570894070');
INSERT INTO `user_user` (`id`, `password`, `last_login`, `is_superuser`, `username`, `first_name`, `last_name`, `email`, `is_staff`, `is_active`, `date_joined`, `image`, `patronymic`, `phone`) VALUES (21, '71c0d7e6179286958e50c27789149e1ab0da6580', '2021-12-21 23:45:09', 0, 'gkreiger', 'Paula', 'VonRueden', 'chandler78@example.net', 0, 0, '2022-01-06 22:52:39', '', 'Demetrius', '79334615659');
INSERT INTO `user_user` (`id`, `password`, `last_login`, `is_superuser`, `username`, `first_name`, `last_name`, `email`, `is_staff`, `is_active`, `date_joined`, `image`, `patronymic`, `phone`) VALUES (22, '636b9dafabc436087046732209ce1b8892516ac6', '2022-01-01 22:08:40', 0, 'fcorwin', 'Alexie', 'Collier', 'sgottlieb@example.org', 0, 0, '2021-01-28 19:07:48', '', 'Tanner', '79336529244');
INSERT INTO `user_user` (`id`, `password`, `last_login`, `is_superuser`, `username`, `first_name`, `last_name`, `email`, `is_staff`, `is_active`, `date_joined`, `image`, `patronymic`, `phone`) VALUES (23, '06fac3e3fa980ce1081f859242bb3ba284192909', '2021-12-16 21:03:37', 0, 'micaela74', 'Dorian', 'Marquardt', 'rylee.considine@example.net', 0, 0, '2021-02-12 10:38:53', '', 'Bailey', '79155663488');
INSERT INTO `user_user` (`id`, `password`, `last_login`, `is_superuser`, `username`, `first_name`, `last_name`, `email`, `is_staff`, `is_active`, `date_joined`, `image`, `patronymic`, `phone`) VALUES (24, 'dfe1122127e8fe4c8fa75f74c46e9a594b98faba', '2022-01-05 09:06:57', 0, 'frankie.schmitt', 'Earlene', 'Bashirian', 'krajcik.tre@example.org', 0, 0, '2021-07-06 07:25:44', '', 'Jordan', '79613959003');
INSERT INTO `user_user` (`id`, `password`, `last_login`, `is_superuser`, `username`, `first_name`, `last_name`, `email`, `is_staff`, `is_active`, `date_joined`, `image`, `patronymic`, `phone`) VALUES (25, 'c6702216903e263e81045bc9f9a426f41f8ac14e', '2021-12-26 10:56:25', 0, 'gene.schaefer', 'Linnie', 'Flatley', 'destiny65@example.net', 0, 0, '2021-12-12 14:30:53', 'http://lorempixel.com/640/480/', 'Adolphus', '79739502975');
INSERT INTO `user_user` (`id`, `password`, `last_login`, `is_superuser`, `username`, `first_name`, `last_name`, `email`, `is_staff`, `is_active`, `date_joined`, `image`, `patronymic`, `phone`) VALUES (26, 'ae0aacb8835aaffca32758a38f573234ce2f55bf', '2021-12-28 16:50:41', 0, 'leannon.aileen', 'Shawna', 'Koepp', 'ifahey@example.org', 0, 0, '2021-09-15 12:00:22', 'http://lorempixel.com/640/480/', 'Tate', '79932231241');
INSERT INTO `user_user` (`id`, `password`, `last_login`, `is_superuser`, `username`, `first_name`, `last_name`, `email`, `is_staff`, `is_active`, `date_joined`, `image`, `patronymic`, `phone`) VALUES (27, 'a83b9822a3ea4016f6149692af7fe971be0e6923', '2021-12-14 14:53:30', 0, 'dallin23', 'Marilou', 'Gerlach', 'simeon.kemmer@example.net', 0, 0, '2021-05-10 18:37:43', '', 'Owen', '79983161388');
INSERT INTO `user_user` (`id`, `password`, `last_login`, `is_superuser`, `username`, `first_name`, `last_name`, `email`, `is_staff`, `is_active`, `date_joined`, `image`, `patronymic`, `phone`) VALUES (28, 'e2e9c5fe1090c36e1c335fc154cc706c3aa30d44', '2021-12-20 15:47:14', 0, 'pkoepp', 'Saige', 'Friesen', 'strosin.darryl@example.org', 0, 0, '2021-05-21 10:10:38', 'http://lorempixel.com/640/480/', 'Gonzalo', '79926677043');
INSERT INTO `user_user` (`id`, `password`, `last_login`, `is_superuser`, `username`, `first_name`, `last_name`, `email`, `is_staff`, `is_active`, `date_joined`, `image`, `patronymic`, `phone`) VALUES (29, 'a7c2935de3b0f5e3d550351541a03137b2d00be3', '2021-12-18 19:50:15', 0, 'qbatz', 'Constance', 'Block', 'kiehn.lee@example.com', 0, 0, '2021-04-30 03:01:11', '', 'Freddy', '79606080202');
INSERT INTO `user_user` (`id`, `password`, `last_login`, `is_superuser`, `username`, `first_name`, `last_name`, `email`, `is_staff`, `is_active`, `date_joined`, `image`, `patronymic`, `phone`) VALUES (30, '37365a8c19ca49053ea0151588d8f4d8f66b0e28', '2022-01-10 14:48:35', 0, 'edmond.hermann', 'Aaron', 'Larson', 'verdie.dickinson@example.org', 0, 0, '2021-08-11 13:56:33', 'http://lorempixel.com/640/480/', 'Diamond', '79698792530');

INSERT INTO `user_company` (`id`, `name`, `phone`, `email`) VALUES (1, 'ООО "СтандартПроект"', '79978982435', 'seth96@example.net');
INSERT INTO `user_company` (`id`, `name`, `phone`, `email`) VALUES (2, 'ООО "СпецРемСтройпроект"', '79987264765', 'ellsworth10@example.com');
INSERT INTO `user_company` (`id`, `name`, `phone`, `email`) VALUES (3, 'ООО "КрасПроект"', '79514835384', 'shansen@example.org');
INSERT INTO `user_company` (`id`, `name`, `phone`, `email`) VALUES (4, 'ООО "ВолгаСпец"', '79745736673', 'marianna11@example.net');
INSERT INTO `user_company` (`id`, `name`, `phone`, `email`) VALUES (5, 'ООО "СтройМонтаж"', '79444215131', 'mparker@example.org');
INSERT INTO `user_company` (`id`, `name`, `phone`, `email`) VALUES (6, 'ООО "БестПроджектс"', '79103943167', 'tyra.ernser@example.com');
INSERT INTO `user_company` (`id`, `name`, `phone`, `email`) VALUES (7, 'ООО "ИнвестПроект"', '79558826464', 'caroline.dickinson@example.net');
INSERT INTO `user_company` (`id`, `name`, `phone`, `email`) VALUES (8, 'ООО "Гея"', '79154483946', 'rhett.hahn@example.com');
INSERT INTO `user_company` (`id`, `name`, `phone`, `email`) VALUES (9, 'ООО "ЭкоСтандарт"', '79974147844', 'krystal.lehner@example.net');
INSERT INTO `user_company` (`id`, `name`, `phone`, `email`) VALUES (10, 'ФАУ "Главгосэкспертиза России"', '79317873344', 'hoeger.claude@example.net');

INSERT INTO `user_usercompanyinfo` (`id`, `department`, `expert`, `chief_project_engineer`, `assistant`, `user_id`, `company_id`, `position`) VALUES (2, '', 0, 1, 0, 2, 1, 'Главный инженер проекта');
INSERT INTO `user_usercompanyinfo` (`id`, `department`, `expert`, `chief_project_engineer`, `assistant`, `user_id`, `company_id`, `position`) VALUES (3, '', 0, 1, 0, 3, 1, 'Главный инженер проекта');
INSERT INTO `user_usercompanyinfo` (`id`, `department`, `expert`, `chief_project_engineer`, `assistant`, `user_id`, `company_id`, `position`) VALUES (4, '', 0, 0, 1, 4, 1, 'Главный конструктор');
INSERT INTO `user_usercompanyinfo` (`id`, `department`, `expert`, `chief_project_engineer`, `assistant`, `user_id`, `company_id`, `position`) VALUES (5, '', 0, 0, 1, 5, 1, 'Начальник отдела');
INSERT INTO `user_usercompanyinfo` (`id`, `department`, `expert`, `chief_project_engineer`, `assistant`, `user_id`, `company_id`, `position`) VALUES (6, '', 0, 0, 0, 6, 6, 'Архитектор');
INSERT INTO `user_usercompanyinfo` (`id`, `department`, `expert`, `chief_project_engineer`, `assistant`, `user_id`, `company_id`, `position`) VALUES (7, '', 0, 0, 0, 7, 9, 'Инженер-проектировщик');
INSERT INTO `user_usercompanyinfo` (`id`, `department`, `expert`, `chief_project_engineer`, `assistant`, `user_id`, `company_id`, `position`) VALUES (8, '', 0, 0, 0, 8, 4, 'Главный специалист');
INSERT INTO `user_usercompanyinfo` (`id`, `department`, `expert`, `chief_project_engineer`, `assistant`, `user_id`, `company_id`, `position`) VALUES (9, '', 0, 0, 0, 9, 8, 'Главный специалист');
INSERT INTO `user_usercompanyinfo` (`id`, `department`, `expert`, `chief_project_engineer`, `assistant`, `user_id`, `company_id`, `position`) VALUES (10, '', 0, 0, 0, 10, 3, 'Инженер-проектировщик');
INSERT INTO `user_usercompanyinfo` (`id`, `department`, `expert`, `chief_project_engineer`, `assistant`, `user_id`, `company_id`, `position`) VALUES (11, '', 0, 0, 0, 11, 6, 'Начальник отдела');
INSERT INTO `user_usercompanyinfo` (`id`, `department`, `expert`, `chief_project_engineer`, `assistant`, `user_id`, `company_id`, `position`) VALUES (12, '', 0, 0, 0, 12, 4, 'Инженер-проектировщик');
INSERT INTO `user_usercompanyinfo` (`id`, `department`, `expert`, `chief_project_engineer`, `assistant`, `user_id`, `company_id`, `position`) VALUES (13, '', 0, 0, 0, 13, 8, 'Главный специалист');
INSERT INTO `user_usercompanyinfo` (`id`, `department`, `expert`, `chief_project_engineer`, `assistant`, `user_id`, `company_id`, `position`) VALUES (14, '', 0, 0, 0, 14, 6, 'Главный специалист');
INSERT INTO `user_usercompanyinfo` (`id`, `department`, `expert`, `chief_project_engineer`, `assistant`, `user_id`, `company_id`, `position`) VALUES (15, '', 0, 0, 0, 15, 4, 'Инженер-проектировщик');
INSERT INTO `user_usercompanyinfo` (`id`, `department`, `expert`, `chief_project_engineer`, `assistant`, `user_id`, `company_id`, `position`) VALUES (16, '', 0, 0, 0, 16, 1, 'Начальник отдела');
INSERT INTO `user_usercompanyinfo` (`id`, `department`, `expert`, `chief_project_engineer`, `assistant`, `user_id`, `company_id`, `position`) VALUES (17, '', 0, 0, 0, 17, 6, 'Инженер-проектировщик');
INSERT INTO `user_usercompanyinfo` (`id`, `department`, `expert`, `chief_project_engineer`, `assistant`, `user_id`, `company_id`, `position`) VALUES (18, '', 0, 0, 0, 18, 9, 'Главный специалист');
INSERT INTO `user_usercompanyinfo` (`id`, `department`, `expert`, `chief_project_engineer`, `assistant`, `user_id`, `company_id`, `position`) VALUES (19, '', 0, 0, 0, 19, 6, 'Главный специалист');
INSERT INTO `user_usercompanyinfo` (`id`, `department`, `expert`, `chief_project_engineer`, `assistant`, `user_id`, `company_id`, `position`) VALUES (20, '', 0, 0, 0, 20, 5, 'Главный специалист');
INSERT INTO `user_usercompanyinfo` (`id`, `department`, `expert`, `chief_project_engineer`, `assistant`, `user_id`, `company_id`, `position`) VALUES (21, '', 0, 0, 0, 21, 1, 'Главный специалист');
INSERT INTO `user_usercompanyinfo` (`id`, `department`, `expert`, `chief_project_engineer`, `assistant`, `user_id`, `company_id`, `position`) VALUES (22, '', 0, 0, 0, 22, 6, 'Инженер-проектировщик');
INSERT INTO `user_usercompanyinfo` (`id`, `department`, `expert`, `chief_project_engineer`, `assistant`, `user_id`, `company_id`, `position`) VALUES (23, '', 0, 0, 0, 23, 2, 'Главный специалист');
INSERT INTO `user_usercompanyinfo` (`id`, `department`, `expert`, `chief_project_engineer`, `assistant`, `user_id`, `company_id`, `position`) VALUES (24, '', 0, 0, 0, 24, 8, 'Начальник отдела');
INSERT INTO `user_usercompanyinfo` (`id`, `department`, `expert`, `chief_project_engineer`, `assistant`, `user_id`, `company_id`, `position`) VALUES (25, '', 0, 0, 0, 25, 3, 'Главный специалист');
INSERT INTO `user_usercompanyinfo` (`id`, `department`, `expert`, `chief_project_engineer`, `assistant`, `user_id`, `company_id`, `position`) VALUES (26, '', 0, 0, 0, 26, 5, 'Инженер-проектировщик');
INSERT INTO `user_usercompanyinfo` (`id`, `department`, `expert`, `chief_project_engineer`, `assistant`, `user_id`, `company_id`, `position`) VALUES (27, '', 0, 0, 0, 27, 7, 'Главный специалист');
INSERT INTO `user_usercompanyinfo` (`id`, `department`, `expert`, `chief_project_engineer`, `assistant`, `user_id`, `company_id`, `position`) VALUES (28, '', 0, 0, 0, 28, 4, 'Начальник отдела');
INSERT INTO `user_usercompanyinfo` (`id`, `department`, `expert`, `chief_project_engineer`, `assistant`, `user_id`, `company_id`, `position`) VALUES (29, '', 1, 0, 0, 29, 10, 'Эксперт');
INSERT INTO `user_usercompanyinfo` (`id`, `department`, `expert`, `chief_project_engineer`, `assistant`, `user_id`, `company_id`, `position`) VALUES (30, '', 1, 0, 0, 30, 10, 'Эксперт');

INSERT INTO `main_project` (`id`, `name`, `created_at`, `exp_date`, `next_upload`, `admin_id`, `code`, `project_type`) VALUES (1, 'Реконструкция здания больницы', '2021-11-03 11:20:07', '2022-01-08', '2022-01-09', 2, '18-06/2021', 1);
INSERT INTO `main_project` (`id`, `name`, `created_at`, `exp_date`, `next_upload`, `admin_id`, `code`, `project_type`) VALUES (2, 'Капитальный ремонт участка а/д м4 Дон', '2021-12-07 00:48:55', '2021-12-14', '2021-12-17', 3, '20-06/2021', 2);
INSERT INTO `main_project` (`id`, `name`, `created_at`, `exp_date`, `next_upload`, `admin_id`, `code`, `project_type`) VALUES (3, 'Строительство 16-ти этажного дома по ул. Гоголя', '2021-07-24 23:54:46', '2022-01-09', '2021-12-18', 3, '14-05/2019', 1);

INSERT INTO `main_section` (`id`, `project_id`, `name`, `company_id`, `responsible_id`, `expert_id`, `abbreviation`) VALUES (1, 1, 'Пояснительная записка', 1, 4, 30, 'ПЗ');
INSERT INTO `main_section` (`id`, `project_id`, `name`, `company_id`, `responsible_id`, `expert_id`, `abbreviation`) VALUES (2, 1, 'Архитектурные решения', 1, 2, NULL, 'АР');
INSERT INTO `main_section` (`id`, `project_id`, `name`, `company_id`, `responsible_id`, `expert_id`, `abbreviation`) VALUES (3, 1, 'Схема планировочной организации земельного участка', 1, 2, 30, 'ПЗУ');
INSERT INTO `main_section` (`id`, `project_id`, `name`, `company_id`, `responsible_id`, `expert_id`, `abbreviation`) VALUES (4, 1, 'Конструктивные и объемно-планировочные решения', 1, 26, 29, 'КР');
INSERT INTO `main_section` (`id`, `project_id`, `name`, `company_id`, `responsible_id`, `expert_id`, `abbreviation`) VALUES (5, 1, 'Сведения об инженерном оборудовании, о сетях инженерно-технического обеспечения, перечень инженерно-технических мероприятий, содержание технологических решений', 6, 24, NULL, 'ИОС');
INSERT INTO `main_section` (`id`, `project_id`, `name`, `company_id`, `responsible_id`, `expert_id`, `abbreviation`) VALUES (6, 1, 'Проект организации строительства', 4, 21, 30, 'ПОС');
INSERT INTO `main_section` (`id`, `project_id`, `name`, `company_id`, `responsible_id`, `expert_id`, `abbreviation`) VALUES (7, 1, 'Перечень мероприятий по охране окружающей среды', 6, 28, NULL, 'ООС');
INSERT INTO `main_section` (`id`, `project_id`, `name`, `company_id`, `responsible_id`, `expert_id`, `abbreviation`) VALUES (8, 1, 'Мероприятия по обеспечению пожарной безопасности', 5, 8, 29, 'ПБ');
INSERT INTO `main_section` (`id`, `project_id`, `name`, `company_id`, `responsible_id`, `expert_id`, `abbreviation`) VALUES (9, 1, 'Мероприятия по обеспечению доступа инвалидов', 9, 1, NULL, 'ОДИ');
INSERT INTO `main_section` (`id`, `project_id`, `name`, `company_id`, `responsible_id`, `expert_id`, `abbreviation`) VALUES (10, 2, 'Пояснительная записка', 1, 24, 29, 'ПЗ');
INSERT INTO `main_section` (`id`, `project_id`, `name`, `company_id`, `responsible_id`, `expert_id`, `abbreviation`) VALUES (11, 2, 'Проект полосы отвода', 1, 7, 30, 'ППО');
INSERT INTO `main_section` (`id`, `project_id`, `name`, `company_id`, `responsible_id`, `expert_id`, `abbreviation`) VALUES (12, 2, 'Технологические и конструктивные решения линейного объекта. Искусственные сооружения', 1, 12, 29, 'ТКР');
INSERT INTO `main_section` (`id`, `project_id`, `name`, `company_id`, `responsible_id`, `expert_id`, `abbreviation`) VALUES (13, 2, 'Здания, строения и сооружения, входящие в инфраструктуру линейного объекта', 2, 12, 30, 'ИЛО');
INSERT INTO `main_section` (`id`, `project_id`, `name`, `company_id`, `responsible_id`, `expert_id`, `abbreviation`) VALUES (14, 2, 'Проект организации строительства', 8, 4, NULL, 'ПОС');
INSERT INTO `main_section` (`id`, `project_id`, `name`, `company_id`, `responsible_id`, `expert_id`, `abbreviation`) VALUES (15, 2, 'Мероприятия по охране окружающей среды', 5, 9, 30, 'ООС');

INSERT INTO `main_document` (`id`, `name`, `doc_path`, `section_id`, `version`, `variation`, `md5`, `status`, `created_at`, `note`) VALUES ('1', '40011082021_18-06-2021_1_ПЗ.pdf', 'main_docs/40011082021_18-06-2021_1_ПЗ.pdf', '1', '1', '', '4c6d4ced2cebc02614f2fa28bdacfc79', 'Загружено', '2021-08-11 13:56:40', '');
INSERT INTO `main_document` (`id`, `name`, `doc_path`, `section_id`, `version`, `variation`, `md5`, `status`, `created_at`, `note`) VALUES ('2', '40113082021_18-06-2021_2_АР.pdf ', 'main_docs/40113082021_18-06-2021_2_АР.pdf ', '2', '1', '', 'b3ae61ed59133d0214ee99fa8be70748', 'Загружено', '2021-08-13 14:52:38', '');
INSERT INTO `main_document` (`id`, `name`, `doc_path`, `section_id`, `version`, `variation`, `md5`, `status`, `created_at`, `note`) VALUES ('3', '40218082021_18-06-2021_3_ПЗУ.pdf ', 'main_docs/40218082021_18-06-2021_3_ПЗУ.pdf ', '3', '1', '', '425af55a0618868db8bd30d1a0037618', 'Загружено', '2021-08-18 16:54:46', '');
INSERT INTO `main_document` (`id`, `name`, `doc_path`, `section_id`, `version`, `variation`, `md5`, `status`, `created_at`, `note`) VALUES ('4', '40323082021_18-06-2021_4_КР.pdf ', 'main_docs/40323082021_18-06-2021_4_КР.pdf ', '4', '1', '', '49bd9c4c1925a42a564b478fe88078cd', 'Загружено', '2021-08-23 13:51:59', '');
INSERT INTO `main_document` (`id`, `name`, `doc_path`, `section_id`, `version`, `variation`, `md5`, `status`, `created_at`, `note`) VALUES ('5', '40423082021_18-06-2021_5_ИОС.pdf ', 'main_docs/40423082021_18-06-2021_5_ИОС.pdf ', '5', '1', '', 'c0c49fe714582e0299a445d9eeb47b17', 'Загружено', '2021-08-23 11:22:40', '');
INSERT INTO `main_document` (`id`, `name`, `doc_path`, `section_id`, `version`, `variation`, `md5`, `status`, `created_at`, `note`) VALUES ('6', '40504082021_18-06-2021_6_ПОС.pdf ', 'main_docs/40504082021_18-06-2021_6_ПОС.pdf ', '6', '1', '', 'c0a5d898a36457ad90c1417e07333946', 'Загружено', '2021-08-04 15:27:56', '');
INSERT INTO `main_document` (`id`, `name`, `doc_path`, `section_id`, `version`, `variation`, `md5`, `status`, `created_at`, `note`) VALUES ('7', '40604082021_18-06-2021_7_ООС.pdf ', 'main_docs/40604082021_18-06-2021_7_ООС.pdf ', '7', '1', '', 'ea8d2ca3e02c206d37027f5915d71eb2', 'Загружено', '2021-08-04 12:48:57', '');
INSERT INTO `main_document` (`id`, `name`, `doc_path`, `section_id`, `version`, `variation`, `md5`, `status`, `created_at`, `note`) VALUES ('8', '40713082021_18-06-2021_8_ПБ.pdf ', 'main_docs/40713082021_18-06-2021_8_ПБ.pdf ', '8', '1', '', '8d42771e817ff1964be39bd2d2a0b584', 'Загружено', '2021-08-13 13:28:41', '');
INSERT INTO `main_document` (`id`, `name`, `doc_path`, `section_id`, `version`, `variation`, `md5`, `status`, `created_at`, `note`) VALUES ('9', '40813082021_18-06-2021_9_ОДИ.pdf ', 'main_docs/40813082021_18-06-2021_9_ОДИ.pdf ', '9', '1', '', 'c1b8052bcd712ccb2a8d134d71b28de9', 'Загружено', '2021-08-13 12:27:14', '');
INSERT INTO `main_document` (`id`, `name`, `doc_path`, `section_id`, `version`, `variation`, `md5`, `status`, `created_at`, `note`) VALUES ('10', '40915092021_18-06-2021_1_ПЗ_(изм.1).pdf ', 'main_docs/40915092021_18-06-2021_1_ПЗ_(изм.1).pdf ', '1', '2', '1', '92d3b5887d04ac8cec35c81b5b442297', 'Первичные', '2021-09-15 17:25:47', '');
INSERT INTO `main_document` (`id`, `name`, `doc_path`, `section_id`, `version`, `variation`, `md5`, `status`, `created_at`, `note`) VALUES ('11', '41021092021_18-06-2021_2_АР_(изм.1).pdf ', 'main_docs/41021092021_18-06-2021_2_АР_(изм.1).pdf ', '2', '2', '1', '9e7bd03431ccce0a3000ebfd3f5b6649', 'Положительное', '2021-09-21 16:13:11', 'Можно печатать');
INSERT INTO `main_document` (`id`, `name`, `doc_path`, `section_id`, `version`, `variation`, `md5`, `status`, `created_at`, `note`) VALUES ('12', '41121092021_18-06-2021_3_ПЗУ_(изм.1).pdf ', 'main_docs/41121092021_18-06-2021_3_ПЗУ_(изм.1).pdf ', '3', '2', '1', '9b311ac1b64474f2010393aaad25a1b9', 'Первичные', '2021-09-21 18:45:16', 'Изменение генплана');
INSERT INTO `main_document` (`id`, `name`, `doc_path`, `section_id`, `version`, `variation`, `md5`, `status`, `created_at`, `note`) VALUES ('13', '41221092021_18-06-2021_4_КР_(изм.1).pdf ', 'main_docs/41221092021_18-06-2021_4_КР_(изм.1).pdf ', '4', '2', '1', '47b7d37740c34b6528fce356b64b5827', 'Положительное', '2021-09-21 14:39:23', 'Заменены сваи');
INSERT INTO `main_document` (`id`, `name`, `doc_path`, `section_id`, `version`, `variation`, `md5`, `status`, `created_at`, `note`) VALUES ('14', '41321092021_18-06-2021_5_ИОС_(изм.1).pdf ', 'main_docs/41321092021_18-06-2021_5_ИОС_(изм.1).pdf ', '5', '2', '1', 'd09fd5cc1856de1a8bb9543b95d2269f', 'Положительное', '2021-09-21 14:50:13', 'Можно печатать');
INSERT INTO `main_document` (`id`, `name`, `doc_path`, `section_id`, `version`, `variation`, `md5`, `status`, `created_at`, `note`) VALUES ('15', '41421092021_18-06-2021_6_ПОС_(изм.1).pdf ', 'main_docs/41421092021_18-06-2021_6_ПОС_(изм.1).pdf ', '6', '2', '1', '5163f318d4a31f7985d2b899620b45fa', 'Положительное', '2021-09-21 18:56:47', '');
INSERT INTO `main_document` (`id`, `name`, `doc_path`, `section_id`, `version`, `variation`, `md5`, `status`, `created_at`, `note`) VALUES ('16', '41521092021_18-06-2021_7_ООС_(изм.1).pdf ', 'main_docs/41521092021_18-06-2021_7_ООС_(изм.1).pdf ', '7', '2', '1', '0021c784daccb3a4f51cc31ae3e2fad1', 'Первичные', '2021-09-21 13:53:51', '');
INSERT INTO `main_document` (`id`, `name`, `doc_path`, `section_id`, `version`, `variation`, `md5`, `status`, `created_at`, `note`) VALUES ('17', '41628092021_18-06-2021_8_ПБ_(изм.1).pdf ', 'main_docs/41628092021_18-06-2021_8_ПБ_(изм.1).pdf ', '8', '2', '1', 'ff7426469eb8458546fee8b9487bd846', 'Первичные', '2021-09-28 13:38:55', '');
INSERT INTO `main_document` (`id`, `name`, `doc_path`, `section_id`, `version`, `variation`, `md5`, `status`, `created_at`, `note`) VALUES ('18', '41729092021_18-06-2021_9_ОДИ_(изм.1).pdf ', 'main_docs/41729092021_18-06-2021_9_ОДИ_(изм.1).pdf ', '9', '2', '1', '1eb13a9ff31e052ae23234fdbff9fa90', 'Первичные', '2021-09-29 10:39:19', '');
INSERT INTO `main_document` (`id`, `name`, `doc_path`, `section_id`, `version`, `variation`, `md5`, `status`, `created_at`, `note`) VALUES ('19', '41829092021_18-06-2021_1_ПЗ_(изм.2).pdf ', 'main_docs/41829092021_18-06-2021_1_ПЗ_(изм.2).pdf ', '1', '3', '2', '10b1049615ff14f6d713fd9f20872f7b', 'Повторные', '2021-09-29 17:58:27', '');
INSERT INTO `main_document` (`id`, `name`, `doc_path`, `section_id`, `version`, `variation`, `md5`, `status`, `created_at`, `note`) VALUES ('20', '41929092021_18-06-2021_3_ПЗУ_(изм.2).pdf ', 'main_docs/41929092021_18-06-2021_3_ПЗУ_(изм.2).pdf ', '3', '3', '2', '2285b63bb7f0d8b9e343664827ff50e2', 'Повторные', '2021-09-29 17:40:55', '');
INSERT INTO `main_document` (`id`, `name`, `doc_path`, `section_id`, `version`, `variation`, `md5`, `status`, `created_at`, `note`) VALUES ('21', '42029092021_18-06-2021_7_ООС_(изм.2).pdf ', 'main_docs/42029092021_18-06-2021_7_ООС_(изм.2).pdf ', '7', '3', '2', '89502ef1c54819d26dc49f7f65195357', 'Положительное', '2021-09-29 17:35:36', 'Вставить подписи');
INSERT INTO `main_document` (`id`, `name`, `doc_path`, `section_id`, `version`, `variation`, `md5`, `status`, `created_at`, `note`) VALUES ('22', '42130092021_18-06-2021_8_ПБ_(изм.2).pdf ', 'main_docs/42130092021_18-06-2021_8_ПБ_(изм.2).pdf ', '8', '3', '2', 'a3ef9cd53d6dc731e4fba1777cba289e', 'Положительное', '2021-09-30 11:29:20', 'Можно печатать');
INSERT INTO `main_document` (`id`, `name`, `doc_path`, `section_id`, `version`, `variation`, `md5`, `status`, `created_at`, `note`) VALUES ('23', '42230092021_18-06-2021_9_ОДИ_(изм.2).pdf ', 'main_docs/42230092021_18-06-2021_9_ОДИ_(изм.2).pdf ', '9', '3', '2', 'b502c051dcd78bb61b9938fc868c9a72', 'Положительное', '2021-09-30 14:21:51', '');
INSERT INTO `main_document` (`id`, `name`, `doc_path`, `section_id`, `version`, `variation`, `md5`, `status`, `created_at`, `note`) VALUES ('24', '42304102021_18-06-2021_1_ПЗ_(изм.3).pdf ', 'main_docs/42304102021_18-06-2021_1_ПЗ_(изм.3).pdf ', '1', '4', '3', 'd19d1600abe9336925b56c51a55aa406', 'Повторные', '2021-10-04 16:34:45', '');
INSERT INTO `main_document` (`id`, `name`, `doc_path`, `section_id`, `version`, `variation`, `md5`, `status`, `created_at`, `note`) VALUES ('25', '42404102021_18-06-2021_3_ПЗУ_(изм.3).pdf ', 'main_docs/42404102021_18-06-2021_3_ПЗУ_(изм.3).pdf ', '3', '4', '3', 'a7dceacd258eb00e237d5884ec7530ad', 'Положительное', '2021-10-04 10:47:23', 'Вставить подписи');
INSERT INTO `main_document` (`id`, `name`, `doc_path`, `section_id`, `version`, `variation`, `md5`, `status`, `created_at`, `note`) VALUES ('26', '42504102021_18-06-2021_1_ПЗ_(изм.4).pdf ', 'main_docs/42504102021_18-06-2021_1_ПЗ_(изм.4).pdf ', '1', '5', '4', 'e98d7f64b478f8975f1390e357bfe79f', 'Положительное', '2021-10-04 14:35:41', 'Можно печатать');
INSERT INTO `main_document` (`id`, `name`, `doc_path`, `section_id`, `version`, `variation`, `md5`, `status`, `created_at`, `note`) VALUES ('27', '42604102021_20-06-2021_1_ПЗ.pdf ', 'main_docs/42604102021_20-06-2021_1_ПЗ.pdf ', '10', '1', '', '33d964b56d329752bc6e4451b0254808', 'Загружено', '2021-10-04 15:55:11', '');
INSERT INTO `main_document` (`id`, `name`, `doc_path`, `section_id`, `version`, `variation`, `md5`, `status`, `created_at`, `note`) VALUES ('28', '42704102021_20-06-2021_2_ППО.pdf ', 'main_docs/42704102021_20-06-2021_2_ППО.pdf ', '11', '1', '', '429913a196ded639ab7a524b24d859f6', 'Загружено', '2021-10-04 11:56:15', '');
INSERT INTO `main_document` (`id`, `name`, `doc_path`, `section_id`, `version`, `variation`, `md5`, `status`, `created_at`, `note`) VALUES ('29', '42806102021_20-06-2021_3_ТКР.pdf ', 'main_docs/42806102021_20-06-2021_3_ТКР.pdf ', '12', '1', '', 'f6f931473dd4754eb5ab5a23b5cfc6de', 'Загружено', '2021-10-06 14:35:51', '');
INSERT INTO `main_document` (`id`, `name`, `doc_path`, `section_id`, `version`, `variation`, `md5`, `status`, `created_at`, `note`) VALUES ('30', '42906102021_20-06-2021_4_ИЛО.pdf ', 'main_docs/42906102021_20-06-2021_4_ИЛО.pdf ', '13', '1', '', '7a4a9515fc7b08d9c21e377239a904de', 'Загружено', '2021-10-06 16:54:42', '');
INSERT INTO `main_document` (`id`, `name`, `doc_path`, `section_id`, `version`, `variation`, `md5`, `status`, `created_at`, `note`) VALUES ('31', '43006102021_20-06-2021_5_ПОС.pdf ', 'main_docs/43006102021_20-06-2021_5_ПОС.pdf ', '14', '1', '', '405fe84795d4df72941b45b00d597bd2', 'Загружено', '2021-10-06 18:10:37', '');
INSERT INTO `main_document` (`id`, `name`, `doc_path`, `section_id`, `version`, `variation`, `md5`, `status`, `created_at`, `note`) VALUES ('32', '43106102021_20-06-2021_6_ООС.pdf ', 'main_docs/43106102021_20-06-2021_6_ООС.pdf ', '15', '1', '', '06d203ddd459cb347d972b53b0abf8e6', 'Загружено', '2021-10-06 16:13:32', '');
INSERT INTO `main_document` (`id`, `name`, `doc_path`, `section_id`, `version`, `variation`, `md5`, `status`, `created_at`, `note`) VALUES ('33', '43206102021_20-06-2021_1_ПЗ_(изм.1).pdf ', 'main_docs/43206102021_20-06-2021_1_ПЗ_(изм.1).pdf ', '10', '2', '1', 'fa7394b4325217764c90747b00fa4053', 'Первичные', '2021-10-06 15:35:35', '');
INSERT INTO `main_document` (`id`, `name`, `doc_path`, `section_id`, `version`, `variation`, `md5`, `status`, `created_at`, `note`) VALUES ('34', '43308102021_20-06-2021_2_ППО_(изм.1).pdf ', 'main_docs/43308102021_20-06-2021_2_ППО_(изм.1).pdf ', '11', '2', '1', 'a2302c811f43aefea1c80f12e6e682c4', 'Первичные', '2021-10-08 18:51:21', 'Корректировка трассы');
INSERT INTO `main_document` (`id`, `name`, `doc_path`, `section_id`, `version`, `variation`, `md5`, `status`, `created_at`, `note`) VALUES ('35', '43412102021_20-06-2021_3_ТКР_(изм.1).pdf ', 'main_docs/43412102021_20-06-2021_3_ТКР_(изм.1).pdf ', '12', '2', '1', '664dd94c8bcf998b7fad455dfcfedba9', 'Первичные', '2021-10-12 10:24:49', '');
INSERT INTO `main_document` (`id`, `name`, `doc_path`, `section_id`, `version`, `variation`, `md5`, `status`, `created_at`, `note`) VALUES ('36', '43518102021_20-06-2021_4_ИЛО_(изм.1).pdf ', 'main_docs/43518102021_20-06-2021_4_ИЛО_(изм.1).pdf ', '13', '2', '1', '68a296a516ca8f44c67322147d8df0e6', 'Первичные', '2021-10-18 14:11:44', '');
INSERT INTO `main_document` (`id`, `name`, `doc_path`, `section_id`, `version`, `variation`, `md5`, `status`, `created_at`, `note`) VALUES ('37', '43621102021_20-06-2021_5_ПОС_(изм.1).pdf ', 'main_docs/43621102021_20-06-2021_5_ПОС_(изм.1).pdf ', '14', '2', '1', '7d122e01a972865bf5f8ecf6fa9d868a', 'Первичные', '2021-10-21 16:12:52', '');
INSERT INTO `main_document` (`id`, `name`, `doc_path`, `section_id`, `version`, `variation`, `md5`, `status`, `created_at`, `note`) VALUES ('38', '43722102021_20-06-2021_6_ООС_(изм.1).pdf ', 'main_docs/43722102021_20-06-2021_6_ООС_(изм.1).pdf ', '15', '2', '1', '462d988f66bea800131498ad55abe2df', 'Первичные', '2021-10-22 18:39:12', 'Заказать справку по рыбам');
INSERT INTO `main_document` (`id`, `name`, `doc_path`, `section_id`, `version`, `variation`, `md5`, `status`, `created_at`, `note`) VALUES ('39', '43827102021_20-06-2021_1_ПЗ_(изм.2).pdf ', 'main_docs/43827102021_20-06-2021_1_ПЗ_(изм.2).pdf ', '10', '3', '2', '47ef0d5cf97f51bf4ee836b6a7181bc6', 'Положительное', '2021-10-27 13:27:43', 'Можно печатать');
INSERT INTO `main_document` (`id`, `name`, `doc_path`, `section_id`, `version`, `variation`, `md5`, `status`, `created_at`, `note`) VALUES ('40', '43902112021_20-06-2021_2_ППО_(изм.2).pdf ', 'main_docs/43902112021_20-06-2021_2_ППО_(изм.2).pdf ', '11', '3', '2', '34f315cfa33012b42cb8342bd5670d5d', 'Положительное', '2021-11-02 16:11:11', 'Можно печатать');
INSERT INTO `main_document` (`id`, `name`, `doc_path`, `section_id`, `version`, `variation`, `md5`, `status`, `created_at`, `note`) VALUES ('41', '44002112021_20-06-2021_3_ТКР_(изм.2).pdf ', 'main_docs/44002112021_20-06-2021_3_ТКР_(изм.2).pdf ', '12', '3', '2', '66017efa3fb78c7d71781412be6fdd0a', 'Повторные', '2021-11-02 15:45:56', '');
INSERT INTO `main_document` (`id`, `name`, `doc_path`, `section_id`, `version`, `variation`, `md5`, `status`, `created_at`, `note`) VALUES ('42', '44103112021_20-06-2021_4_ИЛО_(изм.2).pdf ', 'main_docs/44103112021_20-06-2021_4_ИЛО_(изм.2).pdf ', '13', '3', '2', 'cd77294a0246efc3b1157880f0cd2799', 'Положительное', '2021-11-03 16:55:23', 'Можно печатать');
INSERT INTO `main_document` (`id`, `name`, `doc_path`, `section_id`, `version`, `variation`, `md5`, `status`, `created_at`, `note`) VALUES ('43', '44203112021_20-06-2021_5_ПОС_(изм.2).pdf ', 'main_docs/44203112021_20-06-2021_5_ПОС_(изм.2).pdf ', '14', '3', '2', '5f02e310f082b070d98aac61e0a20a3d', 'Повторные', '2021-11-03 11:34:58', '');
INSERT INTO `main_document` (`id`, `name`, `doc_path`, `section_id`, `version`, `variation`, `md5`, `status`, `created_at`, `note`) VALUES ('44', '44303112021_20-06-2021_6_ООС_(изм.2).pdf ', 'main_docs/44303112021_20-06-2021_6_ООС_(изм.2).pdf ', '15', '3', '2', '9ccfe8f056c6841ff039e1036f05436d', 'Повторные', '2021-11-03 12:55:45', '');
INSERT INTO `main_document` (`id`, `name`, `doc_path`, `section_id`, `version`, `variation`, `md5`, `status`, `created_at`, `note`) VALUES ('45', '44403112021_20-06-2021_3_ТКР_(изм.3).pdf ', 'main_docs/44403112021_20-06-2021_3_ТКР_(изм.3).pdf ', '12', '4', '3', 'a8215050d934ea9f93e8c30a06d32f15', 'Повторные', '2021-11-03 18:43:34', '');
INSERT INTO `main_document` (`id`, `name`, `doc_path`, `section_id`, `version`, `variation`, `md5`, `status`, `created_at`, `note`) VALUES ('46', '44503112021_20-06-2021_5_ПОС_(изм.3).pdf ', 'main_docs/44503112021_20-06-2021_5_ПОС_(изм.3).pdf ', '14', '4', '3', 'ed9fb1eb8513585ec94239ec03e2d937', 'Положительное', '2021-11-03 13:15:20', 'Можно печатать');
INSERT INTO `main_document` (`id`, `name`, `doc_path`, `section_id`, `version`, `variation`, `md5`, `status`, `created_at`, `note`) VALUES ('47', '44606112021_20-06-2021_6_ООС_(изм.3).pdf ', 'main_docs/44606112021_20-06-2021_6_ООС_(изм.3).pdf ', '15', '4', '3', '6c8bb96133ef0d9f985707f69a9fc4e4', 'Повторные', '2021-11-06 12:56:10', '');
INSERT INTO `main_document` (`id`, `name`, `doc_path`, `section_id`, `version`, `variation`, `md5`, `status`, `created_at`, `note`) VALUES ('48', '44710112021_20-06-2021_3_ТКР_(изм.4).pdf ', 'main_docs/44710112021_20-06-2021_3_ТКР_(изм.4).pdf ', '12', '5', '4', '8117f03eee7977bd00943163b56ca284', 'Повторные', '2021-11-10 17:56:24', '');
INSERT INTO `main_document` (`id`, `name`, `doc_path`, `section_id`, `version`, `variation`, `md5`, `status`, `created_at`, `note`) VALUES ('49', '44810112021_20-06-2021_6_ООС_(изм.4).pdf ', 'main_docs/44810112021_20-06-2021_6_ООС_(изм.4).pdf ', '15', '5', '4', '17a74a3dfaca0882271fe92f53f699df', 'Положительное', '2021-11-10 11:24:48', 'Можно печатать');
INSERT INTO `main_document` (`id`, `name`, `doc_path`, `section_id`, `version`, `variation`, `md5`, `status`, `created_at`, `note`) VALUES ('50', '44915112021_20-06-2021_3_ТКР_(изм.5).pdf ', 'main_docs/44915112021_20-06-2021_3_ТКР_(изм.5).pdf ', '12', '6', '5', '35beb7000e94baa5baa2c81935dd8a13', 'Положительное', '2021-11-15 16:23:26', 'Можно печатать');

INSERT INTO `main_adjustment` (`id`, `section_id`, `document_id`, `pages`, `code`, `note`, `body`) VALUES (1, 2, 4, '26', '4', '', 'Nihil reiciendis vero dolorem impedit explicabo. Porro nulla id cumque sit autem id consequatur velit. Ducimus nobis minus praesentium.');
INSERT INTO `main_adjustment` (`id`, `section_id`, `document_id`, `pages`, `code`, `note`, `body`) VALUES (2, 1, 44, '21', '4', 'Ipsum ipsum sed in earum deleniti. Architecto vitae incidunt sed voluptatem eos magnam. Sunt nobis odio dicta temporibus porro r', 'Ut officia et quis sunt. Ea aut aut blanditiis rerum inventore. Et et cupiditate odit eum.');
INSERT INTO `main_adjustment` (`id`, `section_id`, `document_id`, `pages`, `code`, `note`, `body`) VALUES (3, 8, 18, '25', '3', 'Quia laboriosam corrupti unde adipisci ut aut. Nulla vitae possimus cumque qui. Accusantium et vero sed nihil aut consequatur.', 'Non molestias rerum et. Perspiciatis deserunt ut ex voluptatem aut aut eos. Mollitia quia dolor autem molestias nobis.');
INSERT INTO `main_adjustment` (`id`, `section_id`, `document_id`, `pages`, `code`, `note`, `body`) VALUES (4, 13, 12, '29', '3', '', 'Dolorum facere pariatur dolorem eligendi voluptatem debitis. Et modi dolorem voluptatum accusamus delectus minus quis. Sit aliquid illum non dignissimos.');
INSERT INTO `main_adjustment` (`id`, `section_id`, `document_id`, `pages`, `code`, `note`, `body`) VALUES (5, 4, 11, '115', '2', 'Eum placeat doloremque est qui nihil sunt. Maiores soluta vitae corporis laboriosam magni. Quidem officiis praesentium in quia. ', 'Molestiae similique qui voluptatem deserunt. Quos qui dolore magni cum perferendis qui. Placeat sunt tempore qui magni et.');
INSERT INTO `main_adjustment` (`id`, `section_id`, `document_id`, `pages`, `code`, `note`, `body`) VALUES (6, 7, 16, '82', '3', '', 'Rerum quia exercitationem modi corporis et quibusdam ut. Natus est distinctio distinctio autem. Pariatur assumenda quam natus voluptatem cum commodi totam. Corporis consectetur quia voluptatem dolorem facilis dolorem officiis. Commodi tenetur magni sed nih');
INSERT INTO `main_adjustment` (`id`, `section_id`, `document_id`, `pages`, `code`, `note`, `body`) VALUES (7, 1, 34, '54', '1', 'Animi voluptas quasi et blanditiis. Id quis vero quidem magnam. Vel consectetur incidunt est dolorum. Eveniet ipsum velit verita', 'Ut accusamus hic animi maiores. Voluptatem quidem cupiditate totam itaque. Ut aperiam magni neque praesentium. Dolores qui eos voluptatum iure.');
INSERT INTO `main_adjustment` (`id`, `section_id`, `document_id`, `pages`, `code`, `note`, `body`) VALUES (8, 1, 35, '58', '2', 'Voluptas in fugit vel earum. Quasi amet consequatur quasi. Architecto ducimus et nesciunt laudantium omnis voluptatem maiores. P', 'Nulla exercitationem dolorem a tenetur qui aut aut. Quisquam est vel corporis modi quibusdam est. Reiciendis accusantium sit rerum vitae. Et ratione illo laudantium. Qui earum sint cumque odio accusamus tempora nisi.');
INSERT INTO `main_adjustment` (`id`, `section_id`, `document_id`, `pages`, `code`, `note`, `body`) VALUES (9, 5, 14, '69', '3', '', 'Qui possimus ut aperiam ad qui et. Enim voluptatem sint recusandae ut quia. Consequatur quo sunt non. Voluptatem sed quos voluptatem dolor odit.');
INSERT INTO `main_adjustment` (`id`, `section_id`, `document_id`, `pages`, `code`, `note`, `body`) VALUES (10, 3, 15, '90', '1', 'Unde omnis inventore quia consequatur debitis dicta quas. Beatae corrupti eius eos qui aspernatur eum. Itaque fugiat dolor quod ', 'Incidunt id natus et cum. Atque iste neque architecto at. Totam eveniet et suscipit mollitia.');
INSERT INTO `main_adjustment` (`id`, `section_id`, `document_id`, `pages`, `code`, `note`, `body`) VALUES (11, 15, 17, '117', '4', 'Et quisquam quam dolorem rem velit omnis nihil. Iusto impedit est consequatur accusamus quidem. Maxime quae voluptatem ea ipsam ', 'Similique quo natus quis quos. Occaecati magni doloribus non velit ipsum. Sit consequuntur nostrum recusandae voluptate similique.');
INSERT INTO `main_adjustment` (`id`, `section_id`, `document_id`, `pages`, `code`, `note`, `body`) VALUES (12, 9, 23, '30', '3', 'Quae fugit possimus quasi est. Ratione dolor aut sit optio et consequuntur ratione. Hic suscipit ullam ut saepe. Pariatur numqua', 'Id cupiditate veritatis rerum minus quaerat sit. Quis iure iusto nisi facere quas. Officia non distinctio quod et dolor nam.');
INSERT INTO `main_adjustment` (`id`, `section_id`, `document_id`, `pages`, `code`, `note`, `body`) VALUES (13, 7, 27, '89', '2', '', 'Corrupti eligendi cumque quos praesentium enim. Dignissimos at tempora consequatur esse. Nulla quasi et quos.');
INSERT INTO `main_adjustment` (`id`, `section_id`, `document_id`, `pages`, `code`, `note`, `body`) VALUES (14, 11, 44, '111', '4', 'Libero at voluptatem consequatur voluptas voluptatibus. Placeat magnam doloribus inventore. At reiciendis expedita cumque odit a', 'Et officiis esse voluptatibus deleniti vel suscipit. Omnis quibusdam omnis animi quia blanditiis doloremque. Aperiam consectetur iusto neque reiciendis rerum placeat.');
INSERT INTO `main_adjustment` (`id`, `section_id`, `document_id`, `pages`, `code`, `note`, `body`) VALUES (15, 11, 27, '91', '4', '', 'Ut voluptatum dolorum neque omnis. Est nam tempora consequuntur neque quia. Doloremque hic iste exercitationem accusamus aut nemo perferendis. Necessitatibus impedit quo corporis iure pariatur neque quibusdam.');
INSERT INTO `main_adjustment` (`id`, `section_id`, `document_id`, `pages`, `code`, `note`, `body`) VALUES (16, 15, 13, '53', '1', '', 'Amet vel accusantium voluptas veritatis rem enim. Non vel temporibus ipsum consequatur sapiente corporis itaque. Amet est nihil nisi ut quia.');
INSERT INTO `main_adjustment` (`id`, `section_id`, `document_id`, `pages`, `code`, `note`, `body`) VALUES (17, 10, 10, '39', '4', 'Rerum doloribus rerum consectetur eos et. Error molestias nulla aut harum hic. Ratione quibusdam nesciunt nostrum nihil ratione.', 'Et hic temporibus natus voluptatum. Nihil deleniti itaque iste quasi eligendi omnis vitae. Ex officiis architecto in nemo.');
INSERT INTO `main_adjustment` (`id`, `section_id`, `document_id`, `pages`, `code`, `note`, `body`) VALUES (18, 12, 16, '35', '2', '', 'Esse ex natus ipsam sed. Quia provident repellat molestias. Harum voluptates harum officiis sunt voluptas ipsam cumque eos. Aut atque aut ipsam itaque et assumenda.');
INSERT INTO `main_adjustment` (`id`, `section_id`, `document_id`, `pages`, `code`, `note`, `body`) VALUES (19, 15, 9, '34', '1', 'Quibusdam deleniti quod iusto debitis molestiae sit aut. Illum cupiditate itaque rerum quia consequuntur omnis.', 'Aut deleniti voluptatem dolorem aut aut voluptas reprehenderit. Ab maiores voluptas voluptatem earum voluptate laudantium beatae. Deleniti qui aliquam accusamus nobis vel perferendis.');
INSERT INTO `main_adjustment` (`id`, `section_id`, `document_id`, `pages`, `code`, `note`, `body`) VALUES (20, 5, 34, '74', '4', '', 'Doloribus non veniam dolorem nobis tempore omnis porro et. Quam eum corporis voluptate aut. Adipisci quo praesentium dolorem aut magni totam enim.');
INSERT INTO `main_adjustment` (`id`, `section_id`, `document_id`, `pages`, `code`, `note`, `body`) VALUES (21, 8, 22, '24', '4', '', 'Eum adipisci commodi tenetur asperiores molestiae a. Nihil possimus ipsum qui velit sed consequatur. Voluptatem delectus asperiores similique laborum. Odit exercitationem laudantium rem officia voluptatem odio.');
INSERT INTO `main_adjustment` (`id`, `section_id`, `document_id`, `pages`, `code`, `note`, `body`) VALUES (22, 2, 29, '105', '3', 'Laborum beatae perferendis et voluptatem. Rerum ullam laudantium quibusdam incidunt et. Quia qui facere accusamus et ullam enim ', 'Molestiae sit ut harum ratione consectetur nulla facilis veritatis. Optio ut mollitia ratione earum temporibus. Atque nisi rerum quaerat magni rem et. Velit aspernatur cumque numquam voluptas quasi incidunt. Beatae autem nisi in similique harum.');
INSERT INTO `main_adjustment` (`id`, `section_id`, `document_id`, `pages`, `code`, `note`, `body`) VALUES (23, 12, 20, '61', '1', 'Rem consequatur deleniti rerum aut. Et id sed iusto nesciunt. Enim possimus eum voluptatibus recusandae. Et sed numquam qui et a', 'Repellendus quis corrupti mollitia voluptas facilis molestiae. Libero reiciendis iste omnis recusandae qui. Vel ipsa aperiam quidem blanditiis suscipit.');
INSERT INTO `main_adjustment` (`id`, `section_id`, `document_id`, `pages`, `code`, `note`, `body`) VALUES (24, 12, 23, '83', '4', 'Ut ipsum doloremque reiciendis vel incidunt. Dignissimos ex harum consequatur sint in beatae illo reprehenderit. Dolore voluptat', 'Quia officia nisi non id. Quod eos est fuga officia voluptatum aut. Magnam amet architecto aut consequatur.');
INSERT INTO `main_adjustment` (`id`, `section_id`, `document_id`, `pages`, `code`, `note`, `body`) VALUES (25, 1, 12, '115', '3', 'Unde soluta animi itaque et. Quaerat doloribus omnis voluptas molestiae sed sequi. Earum eaque aut facere ipsa at.', 'Et nihil occaecati eius laborum. Esse rerum ab mollitia quidem voluptatem. Quia atque saepe impedit error atque.');
INSERT INTO `main_adjustment` (`id`, `section_id`, `document_id`, `pages`, `code`, `note`, `body`) VALUES (26, 9, 11, '119', '1', 'Deserunt a a qui odio. Consequatur repellat ipsa facere quisquam minima tempore cupiditate. Accusamus illo commodi et dicta. Acc', 'A laboriosam dolorum error asperiores pariatur. Velit molestiae ut sit possimus. Id maxime fuga reiciendis vel eligendi. Est et repudiandae rerum ratione maxime voluptates.');
INSERT INTO `main_adjustment` (`id`, `section_id`, `document_id`, `pages`, `code`, `note`, `body`) VALUES (27, 14, 6, '100', '2', 'Ut omnis quia voluptatem sunt modi explicabo vel doloribus. Eligendi sunt mollitia optio fugiat.', 'Veritatis temporibus et ea consequuntur harum debitis amet. Eius laborum quia qui autem tenetur est necessitatibus. Maxime distinctio ut a. Dolores provident perferendis numquam ipsa placeat quibusdam repellendus.');
INSERT INTO `main_adjustment` (`id`, `section_id`, `document_id`, `pages`, `code`, `note`, `body`) VALUES (28, 14, 47, '119', '3', 'Nihil voluptatem iusto ex sed provident consequatur reiciendis corrupti. Animi voluptatem veniam autem perspiciatis animi. Et mo', 'Porro consequuntur cupiditate iste cum. Ullam eaque dicta unde doloremque. Earum facere tempora dolore omnis. Maxime esse magnam ea beatae nisi consequatur qui.');
INSERT INTO `main_adjustment` (`id`, `section_id`, `document_id`, `pages`, `code`, `note`, `body`) VALUES (29, 15, 24, '76', '4', '', 'Ex esse nemo eius provident omnis. Necessitatibus ullam est rerum sed.');
INSERT INTO `main_adjustment` (`id`, `section_id`, `document_id`, `pages`, `code`, `note`, `body`) VALUES (30, 11, 12, '20', '1', 'Voluptates quasi commodi incidunt. Consectetur maxime explicabo dicta quos quaerat quia consequatur. Sunt cupiditate accusamus m', 'Ut enim debitis minus voluptatem id reiciendis. Similique deleniti nihil ut nemo. Assumenda commodi odit rerum a. Nesciunt ipsa vel deserunt aliquam et veniam.');
INSERT INTO `main_adjustment` (`id`, `section_id`, `document_id`, `pages`, `code`, `note`, `body`) VALUES (31, 8, 36, '98', '4', 'Eligendi distinctio ratione harum quia rerum nihil aut. Iste eos odio aut numquam dolor ab. Nostrum voluptate dolorem eius dolor', 'Quisquam qui facere dolores aspernatur quidem id. Rerum reiciendis omnis nemo sit. Error et eum eum est ullam similique inventore aut.');
INSERT INTO `main_adjustment` (`id`, `section_id`, `document_id`, `pages`, `code`, `note`, `body`) VALUES (32, 15, 35, '101', '4', 'Velit at ut dolorem consequatur. Sint omnis placeat necessitatibus dolorem eos. Quasi laboriosam illum modi nostrum minima disti', 'Nihil ratione consequatur laudantium aut molestiae et. Fugit corrupti velit omnis optio consectetur voluptatem.');
INSERT INTO `main_adjustment` (`id`, `section_id`, `document_id`, `pages`, `code`, `note`, `body`) VALUES (33, 13, 47, '45', '4', '', 'Voluptas odit vitae dolores vitae. Sed quia alias cum eum sunt iste. Et nulla quidem neque alias. Ut accusamus cumque non nisi tempore maxime vitae.');
INSERT INTO `main_adjustment` (`id`, `section_id`, `document_id`, `pages`, `code`, `note`, `body`) VALUES (34, 9, 34, '16', '2', '', 'Laboriosam ut odit aspernatur hic sunt voluptate quae. Dolores dolor aut non voluptas ea voluptatem eum.');
INSERT INTO `main_adjustment` (`id`, `section_id`, `document_id`, `pages`, `code`, `note`, `body`) VALUES (35, 10, 38, '30', '1', 'Omnis omnis accusantium ab nihil fugit suscipit. Aut ut et nam ad sapiente. Natus voluptas qui hic hic aperiam eum.', 'Necessitatibus veniam pariatur quis. Corrupti quaerat ut et in dolor. Porro nesciunt et quibusdam accusamus accusantium rerum beatae. Voluptas est unde voluptas velit dolorum eligendi.');
INSERT INTO `main_adjustment` (`id`, `section_id`, `document_id`, `pages`, `code`, `note`, `body`) VALUES (36, 5, 17, '34', '1', 'Maiores illum ipsum deserunt tempora dolorem nobis officia. Ut id quam odit illo sunt. Quibusdam molestias aut ut cumque.', 'Inventore eos vel exercitationem saepe qui pariatur sint. Dolorem facere a deleniti aut sint. Ea maiores doloribus libero excepturi. Dolorem debitis rerum ea id molestiae porro laboriosam. Consequatur dolorem sint fuga hic voluptas a qui.');
INSERT INTO `main_adjustment` (`id`, `section_id`, `document_id`, `pages`, `code`, `note`, `body`) VALUES (37, 9, 12, '98', '1', 'Magnam aut enim hic nulla aspernatur ea aut. Aut architecto qui voluptatem id blanditiis quo. Sint dolores mollitia culpa perfer', 'Cupiditate assumenda voluptas officiis sapiente. Dolore doloremque incidunt vitae facilis et. Eos est omnis sapiente sed aut et et.');
INSERT INTO `main_adjustment` (`id`, `section_id`, `document_id`, `pages`, `code`, `note`, `body`) VALUES (38, 12, 42, '99', '3', 'Sit libero mollitia non fuga qui voluptatum. Debitis qui sequi maxime non est culpa qui ipsam. Ea doloribus repellat vel est cum', 'Optio cupiditate autem ut sint cum ad deleniti velit. Dicta non animi sint id omnis consectetur rerum. Voluptatibus ducimus dolores quis et eos aut. Labore laudantium dolore voluptatem aliquam vel voluptas fugiat.');
INSERT INTO `main_adjustment` (`id`, `section_id`, `document_id`, `pages`, `code`, `note`, `body`) VALUES (39, 14, 17, '52', '2', 'Consequatur amet voluptas explicabo libero magnam autem. Sint neque quia sunt et quisquam. Laboriosam ut molestiae consequatur a', 'Ipsa debitis voluptas assumenda et ut sed sit illo. Rem voluptatem soluta deserunt a. Deserunt ab et at dignissimos nostrum voluptatibus harum.');
INSERT INTO `main_adjustment` (`id`, `section_id`, `document_id`, `pages`, `code`, `note`, `body`) VALUES (40, 9, 50, '10', '3', 'Vel reprehenderit deleniti doloremque rerum facere recusandae. Omnis earum consequuntur iusto asperiores beatae alias. Minus et ', 'Error et a ratione doloribus autem tempore nostrum cupiditate. Iure dolorem suscipit ullam sunt voluptatibus.');
INSERT INTO `main_adjustment` (`id`, `section_id`, `document_id`, `pages`, `code`, `note`, `body`) VALUES (41, 7, 3, '61', '3', '', 'Tempore et cumque eveniet aut fugiat. Est laboriosam et maxime inventore totam.');
INSERT INTO `main_adjustment` (`id`, `section_id`, `document_id`, `pages`, `code`, `note`, `body`) VALUES (42, 15, 31, '79', '3', '', 'Illo nobis temporibus nisi amet aut necessitatibus sunt porro. Illo quibusdam dolorum expedita consectetur unde. Qui quia et molestiae illum.');
INSERT INTO `main_adjustment` (`id`, `section_id`, `document_id`, `pages`, `code`, `note`, `body`) VALUES (43, 15, 35, '64', '1', '', 'Quia minima et facilis tempora unde tenetur aut. Temporibus non similique optio aliquid voluptatum repudiandae.');
INSERT INTO `main_adjustment` (`id`, `section_id`, `document_id`, `pages`, `code`, `note`, `body`) VALUES (44, 5, 26, '7', '1', 'Totam expedita pariatur non qui et. Quia est et et doloremque sint porro. A numquam numquam quia voluptas quia delectus. Facilis', 'Sed provident consequatur ratione fugiat repudiandae. Non ut unde voluptatem qui rerum voluptatem saepe. Aliquam a aut est voluptas est.');
INSERT INTO `main_adjustment` (`id`, `section_id`, `document_id`, `pages`, `code`, `note`, `body`) VALUES (45, 15, 32, '13', '4', 'Qui sed pariatur qui aspernatur laborum. Officiis molestias sit impedit impedit. Fugiat adipisci quaerat voluptas molestiae. Qui', 'Quidem officia eveniet veritatis explicabo eum. Ut vitae temporibus qui autem repellendus impedit velit. Libero ut repellat est earum eum vitae quia. Sit eveniet quasi reiciendis impedit magni.');
INSERT INTO `main_adjustment` (`id`, `section_id`, `document_id`, `pages`, `code`, `note`, `body`) VALUES (46, 14, 26, '55', '1', 'Nisi facilis enim numquam nam vitae eligendi molestiae. Aut atque officiis autem in ea. Veritatis tempora harum necessitatibus t', 'Consequuntur accusamus velit magni. Consequuntur necessitatibus repellat veritatis culpa impedit aut consequatur. Quia et cupiditate illum quibusdam.');
INSERT INTO `main_adjustment` (`id`, `section_id`, `document_id`, `pages`, `code`, `note`, `body`) VALUES (47, 10, 45, '99', '3', 'Atque cumque dolor voluptatum qui aliquid. Perferendis nihil vero nam totam a illo nobis magnam. Quia ut nulla repellat vel quia', 'Blanditiis natus id occaecati voluptatem dolorum voluptas pariatur deserunt. Placeat earum veritatis non omnis enim.');
INSERT INTO `main_adjustment` (`id`, `section_id`, `document_id`, `pages`, `code`, `note`, `body`) VALUES (48, 5, 40, '18', '4', 'Deleniti molestias omnis fugit consectetur natus ea. Quisquam recusandae enim id id. Voluptas quis a pariatur adipisci. Labore a', 'Minima saepe quia aut eos iste fugit quia. Velit reprehenderit ea illum delectus doloribus qui. Architecto sit illum ullam ipsum porro.');
INSERT INTO `main_adjustment` (`id`, `section_id`, `document_id`, `pages`, `code`, `note`, `body`) VALUES (49, 15, 47, '47', '2', 'Aut odio accusantium at est autem voluptatibus totam nam. Vitae maiores ut repellendus possimus dicta. Magni consequuntur ut asp', 'Praesentium aut eos suscipit ut. Iste occaecati aut maiores incidunt mollitia sit. Laborum vitae ipsum eius quidem mollitia ab tempora.');
INSERT INTO `main_adjustment` (`id`, `section_id`, `document_id`, `pages`, `code`, `note`, `body`) VALUES (50, 2, 27, '7', '3', 'Itaque optio et aliquam sit corporis veritatis. Ullam nobis quis autem quia sapiente unde. Quo omnis molestias harum at aspernat', 'Ipsam eveniet vitae voluptatem quae ducimus. Repellat facere eos tenetur quasi facilis.');
INSERT INTO `main_adjustment` (`id`, `section_id`, `document_id`, `pages`, `code`, `note`, `body`) VALUES (51, 15, 43, '13', '2', 'Impedit suscipit rem illum. Non quo voluptas et et ipsum sapiente. Minus qui voluptatem hic ea.', 'Voluptatibus totam inventore maxime ut. Unde placeat aut voluptatem facere. Rerum veniam dolor impedit ad dolores ullam quia.');
INSERT INTO `main_adjustment` (`id`, `section_id`, `document_id`, `pages`, `code`, `note`, `body`) VALUES (52, 9, 40, '36', '2', 'Unde voluptas magni eaque provident soluta enim vel. Aut enim repellat sit nam. Tempore nemo voluptatem tempora ut. Et ea qui vo', 'Modi quibusdam dignissimos fugiat recusandae ut consectetur eaque vel. Molestiae autem architecto quia magni est ea placeat modi. Minima nam dolorum blanditiis corporis. Modi fugiat et ratione aut quibusdam.');
INSERT INTO `main_adjustment` (`id`, `section_id`, `document_id`, `pages`, `code`, `note`, `body`) VALUES (53, 14, 31, '40', '2', 'Ipsa ut ipsam ut sint distinctio eos dolorum. Inventore quis debitis inventore qui eum voluptatem similique.', 'Quo provident sint architecto ad velit. Et enim pariatur aut in. Doloremque natus magni est illo.');
INSERT INTO `main_adjustment` (`id`, `section_id`, `document_id`, `pages`, `code`, `note`, `body`) VALUES (54, 7, 12, '104', '3', 'Est voluptatem rem unde aut. Sit nesciunt neque excepturi reprehenderit. Magnam molestiae eligendi ut qui. Iure dicta aspernatur', 'Ipsum aperiam velit voluptatem velit nulla. Illum doloremque et quidem at beatae consequuntur dicta hic. Id hic quia delectus voluptatum quo laborum.');
INSERT INTO `main_adjustment` (`id`, `section_id`, `document_id`, `pages`, `code`, `note`, `body`) VALUES (55, 4, 6, '9', '4', 'Doloribus amet ducimus odit nesciunt commodi quia. Ut adipisci velit voluptate rerum quia. Porro reprehenderit ipsa ut dolor sol', 'Eveniet aut officiis cum sapiente. Autem nulla aut dolores. Et sint aliquid hic sit quam illo consequatur.');
INSERT INTO `main_adjustment` (`id`, `section_id`, `document_id`, `pages`, `code`, `note`, `body`) VALUES (56, 5, 26, '84', '4', 'Omnis eos sequi rerum vel eum. Sapiente molestiae est animi cum. Quis eos fugit corporis aut tempore consectetur est.', 'Ducimus sed qui soluta illo facere et. Et quaerat sed nulla ad. Ipsum commodi asperiores iure rerum optio ipsam veritatis minus. Sed doloremque quo quibusdam voluptas corrupti eligendi.');
INSERT INTO `main_adjustment` (`id`, `section_id`, `document_id`, `pages`, `code`, `note`, `body`) VALUES (57, 1, 11, '45', '1', '', 'Consequatur totam mollitia doloribus qui laborum quidem. Nesciunt voluptatibus expedita earum numquam est id error. Veritatis nihil iure tempora facilis et.');
INSERT INTO `main_adjustment` (`id`, `section_id`, `document_id`, `pages`, `code`, `note`, `body`) VALUES (58, 6, 15, '46', '2', 'Perspiciatis tempore aut ut nulla. Totam ad eius laboriosam cum. Autem ea voluptate suscipit debitis magnam esse illo. Quia volu', 'Sit reiciendis vero quia nesciunt incidunt nobis. Sit quis unde quis commodi enim dolorum in. A corporis aut harum quia quo et dolorem. Commodi ipsum aliquam ratione vero.');
INSERT INTO `main_adjustment` (`id`, `section_id`, `document_id`, `pages`, `code`, `note`, `body`) VALUES (59, 6, 36, '94', '1', '', 'Optio dolorum dolores molestias a. Quidem vitae corporis officiis ratione nesciunt sit et. Et porro nisi neque nesciunt nihil ad assumenda. Illo et dicta quod.');
INSERT INTO `main_adjustment` (`id`, `section_id`, `document_id`, `pages`, `code`, `note`, `body`) VALUES (60, 13, 28, '93', '4', 'Error tempore dolores exercitationem consectetur quam quidem eos. Ullam veniam porro qui eos qui consectetur. Autem sequi ut qui', 'Architecto fugit nesciunt minima sunt. Nostrum aperiam itaque quibusdam numquam consequatur enim. Molestiae qui similique consectetur illo modi fuga. Explicabo et exercitationem in dolore.');
INSERT INTO `main_adjustment` (`id`, `section_id`, `document_id`, `pages`, `code`, `note`, `body`) VALUES (61, 9, 30, '107', '2', 'Mollitia aliquam et omnis aliquam laborum. Eum possimus culpa aliquid voluptatem sed aut sit voluptas. Consequatur repellat cons', 'Veniam expedita earum autem accusamus explicabo id. Quod maxime ducimus tempore officiis ea deserunt. Ducimus rerum sed consequatur et.');
INSERT INTO `main_adjustment` (`id`, `section_id`, `document_id`, `pages`, `code`, `note`, `body`) VALUES (62, 2, 27, '102', '4', '', 'Cum porro inventore magnam ut ad pariatur. Possimus quaerat ut error. Ut accusamus sit consectetur tempora corrupti quaerat consequuntur. Et et optio quibusdam.');
INSERT INTO `main_adjustment` (`id`, `section_id`, `document_id`, `pages`, `code`, `note`, `body`) VALUES (63, 2, 20, '92', '3', 'Eum itaque maxime earum. Et deleniti quae corrupti qui animi fuga. Voluptas ut rem officia dolores et expedita sapiente.', 'Dolorum tempora laboriosam perspiciatis aut. Sint natus alias est consequatur distinctio molestiae. Harum sapiente voluptatum iste nihil sed ipsum fugiat. Nam ut eum consequatur eveniet dolores.');
INSERT INTO `main_adjustment` (`id`, `section_id`, `document_id`, `pages`, `code`, `note`, `body`) VALUES (64, 10, 4, '81', '3', 'Officia quia voluptatem quas illum nam vitae. Sed itaque corrupti placeat autem reprehenderit quia. Qui rerum perferendis iusto ', 'Similique magni vero at quos delectus est. Delectus numquam velit repellendus repudiandae. Fugit repellendus excepturi aut perferendis sequi. Assumenda corrupti tempora ipsam totam dolores rerum.');
INSERT INTO `main_adjustment` (`id`, `section_id`, `document_id`, `pages`, `code`, `note`, `body`) VALUES (65, 12, 49, '113', '1', 'Ut iste atque labore consectetur veritatis. Qui aliquam debitis modi ipsam ut natus. Aut vel voluptate quisquam molestiae et dol', 'Minus et in ducimus beatae placeat non et. Et ipsam in molestiae laborum. Omnis qui aperiam corrupti earum. Enim qui minima laborum.');
INSERT INTO `main_adjustment` (`id`, `section_id`, `document_id`, `pages`, `code`, `note`, `body`) VALUES (66, 10, 2, '90', '1', 'Eaque sunt ipsa architecto culpa blanditiis similique. Voluptatem occaecati odit optio voluptatem expedita. Veritatis iste et et', 'Voluptas cumque labore officia magnam. Non voluptatem dolores odit ipsa tempore. Dicta impedit rerum quasi ratione rerum dignissimos occaecati.');
INSERT INTO `main_adjustment` (`id`, `section_id`, `document_id`, `pages`, `code`, `note`, `body`) VALUES (67, 12, 14, '101', '3', '', 'Est dolorem iure possimus qui officia et. Facere ut accusantium eos mollitia sapiente. Sed et repellat deserunt ratione. Rem qui aliquid aut error non quas qui blanditiis.');
INSERT INTO `main_adjustment` (`id`, `section_id`, `document_id`, `pages`, `code`, `note`, `body`) VALUES (68, 2, 39, '1', '4', 'Vel maiores tenetur delectus aliquam ut. Quas nihil adipisci minus. Ut illo ut voluptates labore quidem. Placeat possimus facili', 'Consequatur beatae fuga error illo eligendi. Quo voluptatem ipsa quaerat ratione. Quidem nihil ex quis expedita non ut quos. Exercitationem enim sit dolorum consequatur. Aut ex qui rerum ipsa in.');
INSERT INTO `main_adjustment` (`id`, `section_id`, `document_id`, `pages`, `code`, `note`, `body`) VALUES (69, 11, 21, '15', '1', 'Non laborum error ab et omnis. Maiores nulla eum eos id officia. Rerum eos pariatur quae magni qui cupiditate tenetur.', 'Qui ipsa voluptas asperiores facilis voluptas. Provident corporis placeat et molestiae nesciunt autem voluptas. Expedita nam est veritatis temporibus eum est.');
INSERT INTO `main_adjustment` (`id`, `section_id`, `document_id`, `pages`, `code`, `note`, `body`) VALUES (70, 9, 41, '24', '2', '', 'Officiis ipsam soluta veritatis. Quisquam laudantium saepe fuga quia quidem laboriosam illum. Sit assumenda culpa at porro natus et et corporis. Consequatur incidunt labore rem aliquid quibusdam.');
INSERT INTO `main_adjustment` (`id`, `section_id`, `document_id`, `pages`, `code`, `note`, `body`) VALUES (71, 10, 31, '97', '4', 'Commodi eveniet nihil eius dicta placeat eaque vitae. Vel consequatur tempore ut sed aut hic. Aut voluptate possimus asperiores ', 'Suscipit voluptas occaecati culpa est. Distinctio doloribus voluptatum rerum est labore necessitatibus voluptate. Voluptatem hic sit est accusantium recusandae.');
INSERT INTO `main_adjustment` (`id`, `section_id`, `document_id`, `pages`, `code`, `note`, `body`) VALUES (72, 13, 12, '1', '2', '', 'Porro quia doloremque provident quasi eaque. Praesentium repudiandae aliquid labore vel saepe. Quis aspernatur ex nobis rerum et voluptatem.');
INSERT INTO `main_adjustment` (`id`, `section_id`, `document_id`, `pages`, `code`, `note`, `body`) VALUES (73, 8, 41, '95', '4', '', 'Dolores sequi officia unde delectus. Est aut consequatur et aut. Alias nihil doloribus libero incidunt et tenetur. Et reiciendis id praesentium facilis sequi quisquam fuga quia.');
INSERT INTO `main_adjustment` (`id`, `section_id`, `document_id`, `pages`, `code`, `note`, `body`) VALUES (74, 11, 2, '56', '1', 'Vitae numquam sed inventore temporibus voluptatum qui. Et cum quis perspiciatis voluptatum eaque perferendis dolores. Laboriosam', 'Doloremque sed culpa omnis doloremque quia. Aut molestiae reiciendis sit quae alias distinctio qui et.');
INSERT INTO `main_adjustment` (`id`, `section_id`, `document_id`, `pages`, `code`, `note`, `body`) VALUES (75, 7, 30, '7', '2', 'In qui libero delectus tempore ipsa at saepe. Laudantium voluptates magnam quibusdam libero.', 'Sunt quod et qui dolor architecto. Et itaque consequatur amet ex impedit nam in.');
INSERT INTO `main_adjustment` (`id`, `section_id`, `document_id`, `pages`, `code`, `note`, `body`) VALUES (76, 4, 21, '15', '3', 'Assumenda reiciendis repudiandae in nostrum dolor rerum. Nulla non quidem unde velit optio ratione et. Possimus architecto dicta', 'Non ut rerum facilis. Cumque dicta reprehenderit cumque et et. Molestiae quam in corrupti ut.');
INSERT INTO `main_adjustment` (`id`, `section_id`, `document_id`, `pages`, `code`, `note`, `body`) VALUES (77, 15, 30, '88', '4', '', 'Quibusdam est at placeat exercitationem. In rerum quos odit repellendus neque. Sit ut quis et incidunt aliquam et hic.');
INSERT INTO `main_adjustment` (`id`, `section_id`, `document_id`, `pages`, `code`, `note`, `body`) VALUES (78, 14, 39, '92', '2', '', 'Ut aut itaque est molestiae id. Doloremque est dolore nostrum itaque.');
INSERT INTO `main_adjustment` (`id`, `section_id`, `document_id`, `pages`, `code`, `note`, `body`) VALUES (79, 9, 11, '77', '2', 'Ut similique veniam blanditiis quae molestiae. Quidem vel sit iusto est consequatur quaerat quia ut. Ea rerum iusto nam.', 'Deserunt porro minima dolorum debitis minima magnam nostrum nesciunt. Ducimus optio sint enim sit. Omnis sed libero error earum est dolor.');
INSERT INTO `main_adjustment` (`id`, `section_id`, `document_id`, `pages`, `code`, `note`, `body`) VALUES (80, 4, 9, '100', '1', 'Voluptatibus voluptatem voluptatem sint voluptatem placeat. Sint quia sed eos itaque facilis. Voluptatibus nostrum qui beatae a ', 'Quibusdam repellendus tempore dolorum voluptatem. Omnis voluptatem quasi ut eligendi dolore maxime ut. Et quibusdam tenetur non facere nemo totam repellendus. Voluptates quia voluptatem est repellendus in.');
INSERT INTO `main_adjustment` (`id`, `section_id`, `document_id`, `pages`, `code`, `note`, `body`) VALUES (81, 12, 8, '34', '3', '', 'Nostrum nemo aut soluta consequatur doloribus nisi. Pariatur dolorem veniam aut voluptates. Et et earum quaerat eos quos esse. Rerum exercitationem aut expedita possimus accusantium aperiam.');
INSERT INTO `main_adjustment` (`id`, `section_id`, `document_id`, `pages`, `code`, `note`, `body`) VALUES (82, 9, 47, '75', '4', 'Consequatur ut pariatur sit veritatis nesciunt ut. Sint aut perspiciatis ea ad perferendis ut doloremque occaecati. Aut placeat ', 'Laboriosam quasi sit provident incidunt. Animi impedit error consequatur quia. Illum sed repudiandae voluptas ut assumenda. Doloribus quod aspernatur explicabo voluptatem qui dignissimos ea.');
INSERT INTO `main_adjustment` (`id`, `section_id`, `document_id`, `pages`, `code`, `note`, `body`) VALUES (83, 6, 34, '65', '4', 'Dolorem possimus eum placeat dolores hic aliquam incidunt. Corrupti possimus laboriosam qui aut aut aliquam tempora. Magni nulla', 'Et esse ipsa dolor enim sed velit. Consequatur fugit sed esse error ut enim. Impedit ut harum qui voluptatem voluptas voluptatem velit. Repellat omnis magni soluta aperiam.');
INSERT INTO `main_adjustment` (`id`, `section_id`, `document_id`, `pages`, `code`, `note`, `body`) VALUES (84, 11, 42, '74', '4', 'Distinctio beatae modi nemo cupiditate eos quia. Aut quis enim esse voluptatem esse totam. Iusto fuga nam ut facilis dolores. Vo', 'Dolorem molestiae iusto dignissimos eos quia eum. Molestiae vero sed iste neque vel libero. Hic enim quia vitae laboriosam rem aliquam veniam sed. Enim et voluptatem unde consequuntur id blanditiis molestiae esse.');
INSERT INTO `main_adjustment` (`id`, `section_id`, `document_id`, `pages`, `code`, `note`, `body`) VALUES (85, 3, 5, '94', '2', '', 'Commodi minus dicta ut voluptatum mollitia consequatur magni. Et et velit qui placeat. Facere ullam nam porro esse. Quo corporis qui odit saepe ad consequatur sint quisquam.');
INSERT INTO `main_adjustment` (`id`, `section_id`, `document_id`, `pages`, `code`, `note`, `body`) VALUES (86, 3, 13, '69', '4', '', 'Iure vel ipsa eum enim praesentium minima delectus. Sunt eveniet quia ut numquam ea dolore. Libero natus odit officiis nobis rem voluptatibus accusantium.');
INSERT INTO `main_adjustment` (`id`, `section_id`, `document_id`, `pages`, `code`, `note`, `body`) VALUES (87, 3, 14, '99', '1', 'Aut accusamus reiciendis cumque. Amet magni aut rerum molestiae. Sint incidunt laboriosam dolorem dolor dolorem ut quia exercita', 'Blanditiis reiciendis quo quo iure error sit ut est. Qui iste non vel quaerat quasi vitae maxime.');
INSERT INTO `main_adjustment` (`id`, `section_id`, `document_id`, `pages`, `code`, `note`, `body`) VALUES (88, 3, 17, '115', '1', 'Nulla aspernatur consequatur quia qui accusamus voluptatem. Occaecati et modi rerum sed. Distinctio officiis blanditiis et.', 'Et amet similique magni quis aperiam iure quis. Voluptatum inventore aliquam quisquam eum voluptatem. Vel quidem voluptatibus quisquam beatae quae doloremque. Quia odio in dolorum odio.');
INSERT INTO `main_adjustment` (`id`, `section_id`, `document_id`, `pages`, `code`, `note`, `body`) VALUES (89, 4, 19, '31', '4', '', 'Numquam totam doloremque sit qui qui quia nesciunt quia. Deserunt dolorum reprehenderit corrupti nesciunt aut. Repellat aut nihil consectetur voluptatibus. Nemo nam est earum quaerat atque.');
INSERT INTO `main_adjustment` (`id`, `section_id`, `document_id`, `pages`, `code`, `note`, `body`) VALUES (90, 2, 49, '90', '4', '', 'Voluptatem ut nulla eaque ratione quod libero. Totam nulla fuga dolorem temporibus et. Ea accusamus assumenda ut sit nisi tempore.');
INSERT INTO `main_adjustment` (`id`, `section_id`, `document_id`, `pages`, `code`, `note`, `body`) VALUES (91, 15, 4, '69', '2', 'Deserunt commodi ab optio dolor numquam. Labore consequatur nesciunt harum aut ut. Rerum esse est quis in repellat voluptatem. D', 'Vitae autem nihil vel dolor dolorem quam autem enim. Non ratione ut at perferendis. Doloremque voluptatem rerum molestiae quibusdam quia voluptatem dolor. Voluptatum incidunt asperiores sit id sunt.');
INSERT INTO `main_adjustment` (`id`, `section_id`, `document_id`, `pages`, `code`, `note`, `body`) VALUES (92, 1, 33, '87', '3', '', 'Ut nobis odio iste distinctio ea. Et minima quia est qui minus dolorem. Autem dolorum nulla alias. Necessitatibus in magni dolore quibusdam.');
INSERT INTO `main_adjustment` (`id`, `section_id`, `document_id`, `pages`, `code`, `note`, `body`) VALUES (93, 2, 11, '36', '2', '', 'Et quaerat sint voluptas aliquam quia autem accusamus. Commodi eum placeat qui sint omnis ab occaecati. Adipisci qui molestiae laborum sunt consectetur molestiae incidunt. Quia reiciendis aut ut enim non.');
INSERT INTO `main_adjustment` (`id`, `section_id`, `document_id`, `pages`, `code`, `note`, `body`) VALUES (94, 8, 27, '42', '1', 'Velit odit corporis ea praesentium. Consequuntur quo corporis rerum earum molestiae culpa nesciunt. Soluta praesentium quidem et', 'Ab enim fuga dicta omnis consequatur voluptate illo optio. Voluptatem rerum eum labore aperiam. Provident qui vel eaque ut molestiae. Et in aspernatur ullam minima omnis ea tenetur.');
INSERT INTO `main_adjustment` (`id`, `section_id`, `document_id`, `pages`, `code`, `note`, `body`) VALUES (95, 11, 28, '74', '1', '', 'Sequi eaque quis omnis. Ex reprehenderit qui enim nemo tempora similique quas ducimus. A dolor qui sed vitae.');
INSERT INTO `main_adjustment` (`id`, `section_id`, `document_id`, `pages`, `code`, `note`, `body`) VALUES (96, 14, 7, '63', '2', 'Rerum impedit dolor et ea officiis autem qui quo. Et facere eius voluptatem iste reiciendis. Quasi non placeat explicabo nam.', 'Qui aut in aperiam et animi. Non est accusamus est sit. Omnis aut accusantium quos asperiores magni quo veniam. Vero et sunt voluptas tempore porro. Voluptatem eligendi blanditiis praesentium voluptatum quisquam.');
INSERT INTO `main_adjustment` (`id`, `section_id`, `document_id`, `pages`, `code`, `note`, `body`) VALUES (97, 3, 32, '116', '2', '', 'Porro expedita id eaque alias similique ex. Officiis quisquam iste ipsum recusandae labore. Voluptas enim omnis ratione laborum.');
INSERT INTO `main_adjustment` (`id`, `section_id`, `document_id`, `pages`, `code`, `note`, `body`) VALUES (98, 2, 18, '69', '1', 'Beatae deserunt nihil ut reiciendis in magnam. Reiciendis aut iusto itaque mollitia dolorem eligendi. Ea quo repudiandae est neq', 'Ipsum distinctio non officiis delectus molestiae est. Assumenda ad unde corporis. Dolorem reiciendis non quaerat quia iure occaecati ipsum pariatur. Deleniti laborum sit dolorum odit qui. Ipsam rerum accusamus eos eum autem voluptatem nisi.');
INSERT INTO `main_adjustment` (`id`, `section_id`, `document_id`, `pages`, `code`, `note`, `body`) VALUES (99, 10, 13, '23', '4', '', 'Autem omnis commodi dolores aut nam dolores a. Animi ipsum consequatur laborum doloribus cumque harum ab voluptas. Quia quia sed sint iure repellendus aut aut. Quia distinctio quam et at quibusdam. Sit incidunt aut nulla eligendi quibusdam omnis aperiam.');
INSERT INTO `main_adjustment` (`id`, `section_id`, `document_id`, `pages`, `code`, `note`, `body`) VALUES (100, 3, 41, '115', '2', 'Dolores vitae ab consequatur sint sunt adipisci. Quis dolorem pariatur animi optio consequuntur odit perspiciatis. Ipsam quo pos', 'Magni aut omnis nostrum distinctio dolores eveniet. Et aperiam et eveniet repellendus sint qui. Qui recusandae qui earum. Accusamus expedita corporis totam ratione ipsa in distinctio. Dolorum quos voluptas omnis iusto molestiae fugiat repellat exercitation');

INSERT INTO `main_remark` (`id`, `section_id`, `expert_id`, `date`, `body`, `number`, `link`, `basis`) VALUES (1, 13, 5, '2021-12-31', 'Et ullam officia voluptatem laudantium et. Dolore molestiae corporis explicabo enim voluptatem.', 9, 'Quae esse doloremque amet voluptas dolore et dolorum enim.', 'Rerum nemo laboriosam enim quia cumque aperiam ut.');
INSERT INTO `main_remark` (`id`, `section_id`, `expert_id`, `date`, `body`, `number`, `link`, `basis`) VALUES (2, 12, 2, '2021-12-30', 'Dolores sint rem dolorum fuga aliquam nisi incidunt. Ad placeat eos soluta sit sint et numquam. Earum distinctio qui sed. Tempora sit non possimus ullam tempora.', 1, 'Reprehenderit aut et sit molestiae nemo.', 'Labore quaerat expedita et molestias sapiente ut cumque.');
INSERT INTO `main_remark` (`id`, `section_id`, `expert_id`, `date`, `body`, `number`, `link`, `basis`) VALUES (3, 15, 20, '2021-12-20', 'Explicabo et unde debitis porro explicabo sit. Ullam ipsa corporis voluptas magnam. Quasi fugiat placeat et possimus.', 2, 'Quaerat pariatur distinctio aliquid dolores.', 'Quae ea delectus aperiam numquam nihil qui dolorem sunt.');
INSERT INTO `main_remark` (`id`, `section_id`, `expert_id`, `date`, `body`, `number`, `link`, `basis`) VALUES (4, 12, 27, '2022-01-07', 'Corrupti ducimus aliquid qui consequatur blanditiis cupiditate aspernatur. Aut eaque aspernatur delectus aut. Veritatis voluptatem sunt alias ex natus et adipisci.', 18, 'Voluptatem repellat aperiam adipisci ut harum non.', 'Est totam et quia qui maiores vel ad.');
INSERT INTO `main_remark` (`id`, `section_id`, `expert_id`, `date`, `body`, `number`, `link`, `basis`) VALUES (5, 3, 1, '2022-01-03', 'Ut enim corporis modi eaque. Consequatur est adipisci est architecto eveniet. Et velit rerum quidem alias veniam. Quia quas nam placeat minima est commodi.', 19, 'Deleniti facilis recusandae illum eaque est omnis.', 'Consequatur ut necessitatibus laborum consequuntur sunt quod voluptatum.');
INSERT INTO `main_remark` (`id`, `section_id`, `expert_id`, `date`, `body`, `number`, `link`, `basis`) VALUES (6, 5, 7, '2022-01-16', 'Voluptatem tempore cupiditate in vitae voluptates pariatur. Rerum vel rerum non. Ipsum numquam nesciunt optio molestiae. Sed culpa et debitis dolores.', 14, 'Et explicabo sed nihil odio mollitia.', 'Molestiae et molestiae non quia.');
INSERT INTO `main_remark` (`id`, `section_id`, `expert_id`, `date`, `body`, `number`, `link`, `basis`) VALUES (7, 3, 1, '2021-12-22', 'Reiciendis facilis est harum et ratione. Aperiam error odio deserunt corrupti quaerat. Non est voluptatem quidem. Laudantium aspernatur est ut.', 1, 'Numquam quibusdam iusto sit sit.', 'Quo rem atque totam quia est est ut.');
INSERT INTO `main_remark` (`id`, `section_id`, `expert_id`, `date`, `body`, `number`, `link`, `basis`) VALUES (8, 14, 15, '2022-01-12', 'Aliquam et aut deleniti iusto impedit. Ut veniam nisi ipsum repellendus assumenda incidunt. Harum placeat eos quia aspernatur nihil nobis voluptatem sapiente.', 14, 'Eius quia dicta asperiores.', 'Vel ipsam alias possimus.');
INSERT INTO `main_remark` (`id`, `section_id`, `expert_id`, `date`, `body`, `number`, `link`, `basis`) VALUES (9, 8, 18, '2022-01-03', 'Quam omnis cum sint rerum incidunt aut rem. Dolorem rerum perferendis fugit provident perferendis. Et eum et animi et voluptatem qui omnis. Eligendi velit et eius voluptate optio quisquam in.', 5, 'Amet esse debitis nemo corrupti perspiciatis cumque.', 'Expedita vero est eaque eveniet et ut.');
INSERT INTO `main_remark` (`id`, `section_id`, `expert_id`, `date`, `body`, `number`, `link`, `basis`) VALUES (10, 4, 4, '2021-12-21', 'Officiis a alias corporis eos minus qui dolorem. Incidunt nihil error nam odio. Autem vel eaque ut est non amet impedit quis. Sint debitis tenetur soluta. Labore dolor et iure fuga eius.', 16, 'Dolorem voluptatem illo earum.', 'Aperiam nesciunt adipisci aspernatur.');
INSERT INTO `main_remark` (`id`, `section_id`, `expert_id`, `date`, `body`, `number`, `link`, `basis`) VALUES (11, 11, 30, '2021-12-17', 'Tempore magnam possimus ab odio atque et fuga. Dolorem et dolorem quasi ut libero.', 1, 'Sint voluptatem error ipsa quasi ea id occaecati.', 'Animi sint saepe eaque modi voluptatem.');
INSERT INTO `main_remark` (`id`, `section_id`, `expert_id`, `date`, `body`, `number`, `link`, `basis`) VALUES (12, 3, 5, '2021-12-28', 'Eaque unde velit sint ut. Aperiam ea quia adipisci dignissimos.', 15, 'Assumenda laudantium consectetur omnis veniam.', 'Itaque omnis non atque ea.');
INSERT INTO `main_remark` (`id`, `section_id`, `expert_id`, `date`, `body`, `number`, `link`, `basis`) VALUES (13, 4, 23, '2021-12-21', 'Qui est ut totam architecto. Voluptatem cupiditate qui dolor voluptatem nulla magnam. Autem et vero ipsa accusamus delectus sed quia sequi.', 14, 'Ut vitae id ipsum qui et tempora dolore.', 'Minima omnis ipsam repellendus ut qui enim aperiam.');
INSERT INTO `main_remark` (`id`, `section_id`, `expert_id`, `date`, `body`, `number`, `link`, `basis`) VALUES (14, 4, 20, '2021-12-23', 'Adipisci omnis qui a ut et saepe. Est in magni debitis qui. Iure quia omnis vitae quaerat. Molestias vero voluptas odit itaque explicabo.', 11, 'Molestiae hic natus ipsam numquam itaque quis.', 'Magnam dolore quisquam quis.');
INSERT INTO `main_remark` (`id`, `section_id`, `expert_id`, `date`, `body`, `number`, `link`, `basis`) VALUES (15, 11, 21, '2021-12-29', 'Consequatur recusandae consequatur eos. Impedit perspiciatis eligendi consectetur quo voluptatum. Numquam ipsam expedita blanditiis ipsam provident modi voluptas.', 4, 'Est voluptatum est autem illo.', 'Eum expedita impedit accusantium delectus aut unde hic.');
INSERT INTO `main_remark` (`id`, `section_id`, `expert_id`, `date`, `body`, `number`, `link`, `basis`) VALUES (16, 3, 17, '2022-01-02', 'Aliquam ut qui ipsam id et tempora. Aperiam nam voluptatum illum alias. Iste illum eum quos ut. Explicabo quasi quo reiciendis autem quia dolores est.', 12, 'Tempore sunt molestiae quo alias distinctio libero.', 'Qui laboriosam vitae qui illum quia.');
INSERT INTO `main_remark` (`id`, `section_id`, `expert_id`, `date`, `body`, `number`, `link`, `basis`) VALUES (17, 1, 10, '2021-12-30', 'Optio doloremque quam nihil sit tenetur et. Doloremque quasi odit cum omnis. Sunt consectetur consequatur autem sed accusantium ea.', 4, 'Pariatur laborum vel animi omnis voluptas doloribus accusantium nemo.', 'Nobis sapiente possimus accusamus laudantium ullam consequuntur aperiam dolorum.');
INSERT INTO `main_remark` (`id`, `section_id`, `expert_id`, `date`, `body`, `number`, `link`, `basis`) VALUES (18, 13, 30, '2022-01-13', 'Qui dolores distinctio non nostrum. Et et harum enim amet id consequatur quisquam. Non amet quia occaecati modi ut fuga. Quo consequatur fuga consequatur et facilis reprehenderit omnis.', 13, 'Pariatur eligendi est qui quam mollitia quasi et quas.', 'Eos eos dolorem voluptatibus doloremque eius animi eligendi.');
INSERT INTO `main_remark` (`id`, `section_id`, `expert_id`, `date`, `body`, `number`, `link`, `basis`) VALUES (19, 13, 8, '2021-12-28', 'Aspernatur eum atque impedit. Labore ut excepturi enim odit quod quia. Reiciendis odit sed eos dolor sed.', 3, 'Ipsum consequatur enim sapiente ut.', 'Quod facere cumque odio necessitatibus non nam dolores animi.');
INSERT INTO `main_remark` (`id`, `section_id`, `expert_id`, `date`, `body`, `number`, `link`, `basis`) VALUES (20, 4, 14, '2022-01-11', 'Sapiente quia est veritatis laboriosam et eligendi dolorem. Ipsum officiis cupiditate consequuntur laboriosam qui soluta. Sunt qui a doloribus cumque porro. Numquam qui vel maxime dolore.', 6, 'Quos dicta nam voluptas id dolore vero aut praesentium.', 'Dolor vel commodi consequatur voluptate et aspernatur qui velit.');
INSERT INTO `main_remark` (`id`, `section_id`, `expert_id`, `date`, `body`, `number`, `link`, `basis`) VALUES (21, 9, 30, '2022-01-05', 'Nemo nihil harum ut officiis esse hic et. Impedit voluptas ducimus aut similique et totam non. Corrupti ipsum provident ea qui nobis.', 4, 'Neque possimus et vel impedit.', 'Iste quidem nihil atque et excepturi sequi dolores.');
INSERT INTO `main_remark` (`id`, `section_id`, `expert_id`, `date`, `body`, `number`, `link`, `basis`) VALUES (22, 15, 2, '2021-12-30', 'Eos molestiae sapiente quod ut. Quos qui assumenda vel sint quas facere illo minima. Dolorum rerum non in aperiam similique assumenda est.', 10, 'Totam est occaecati ducimus perferendis illo aut molestias.', 'Ut officia aut ipsa qui ut excepturi.');
INSERT INTO `main_remark` (`id`, `section_id`, `expert_id`, `date`, `body`, `number`, `link`, `basis`) VALUES (23, 7, 29, '2021-12-19', 'Molestias placeat ut ullam ut totam blanditiis. Fugiat sint architecto quod sunt esse fuga. Neque repellat mollitia pariatur aut sapiente voluptatibus possimus.', 19, 'Culpa hic eos quo necessitatibus qui.', 'Est aut asperiores harum.');
INSERT INTO `main_remark` (`id`, `section_id`, `expert_id`, `date`, `body`, `number`, `link`, `basis`) VALUES (24, 13, 20, '2022-01-08', 'Et aut reprehenderit quis ratione laboriosam reiciendis. Fugit nemo nam sunt dolorem odio. Illum sed itaque repellat eius.', 6, 'Expedita saepe porro veniam odio.', 'Illo et enim dolor aut rerum consequuntur alias.');
INSERT INTO `main_remark` (`id`, `section_id`, `expert_id`, `date`, `body`, `number`, `link`, `basis`) VALUES (25, 8, 14, '2021-12-25', 'Porro ullam omnis qui quam fuga eos. Est amet autem impedit. Velit quam incidunt magni iusto enim quod sed omnis.', 20, 'Quia beatae aut dolorum minus qui ad id tempora.', 'Praesentium doloribus sequi et.');
INSERT INTO `main_remark` (`id`, `section_id`, `expert_id`, `date`, `body`, `number`, `link`, `basis`) VALUES (26, 3, 13, '2021-12-30', 'Sit deserunt cumque voluptatem dolorem. Molestias pariatur veniam ut quia quia. Repellat nihil omnis qui animi modi ipsum voluptas cumque. Voluptate perferendis voluptates sapiente cum nesciunt quia.', 16, 'Qui exercitationem tempora voluptatibus laborum rerum blanditiis officia.', 'Aut aut consequatur eaque aut ipsa minima ad.');
INSERT INTO `main_remark` (`id`, `section_id`, `expert_id`, `date`, `body`, `number`, `link`, `basis`) VALUES (27, 14, 5, '2022-01-07', 'Nam nam officiis fugit dignissimos et quaerat. Magni aspernatur ipsum suscipit voluptatum quos asperiores temporibus.', 8, 'Aut id non sed voluptatum et odio.', 'Adipisci eum quam repudiandae nulla et voluptatum facilis eos.');
INSERT INTO `main_remark` (`id`, `section_id`, `expert_id`, `date`, `body`, `number`, `link`, `basis`) VALUES (28, 11, 2, '2021-12-23', 'Eaque illo facere sunt est molestias dolor. Ullam neque aspernatur iure asperiores quo. Qui est nesciunt placeat quia ex animi hic quasi.', 6, 'Porro est aut nemo animi.', 'Repudiandae officia ut aliquam id ut harum ut.');
INSERT INTO `main_remark` (`id`, `section_id`, `expert_id`, `date`, `body`, `number`, `link`, `basis`) VALUES (29, 12, 12, '2021-12-20', 'Accusantium dolorum ut in. Nobis ut aut placeat atque officiis qui reiciendis.', 4, 'Amet nihil est mollitia est tempore a.', 'Iure voluptas rem quam laborum qui esse eum.');
INSERT INTO `main_remark` (`id`, `section_id`, `expert_id`, `date`, `body`, `number`, `link`, `basis`) VALUES (30, 9, 3, '2022-01-06', 'Voluptatum nemo ex quaerat inventore neque cumque quibusdam. Impedit incidunt magnam voluptate nemo dolor. Illo dicta velit maxime harum inventore.', 1, 'Ut libero explicabo hic repellat quia.', 'Est aliquam ea earum.');
INSERT INTO `main_remark` (`id`, `section_id`, `expert_id`, `date`, `body`, `number`, `link`, `basis`) VALUES (31, 15, 1, '2022-01-03', 'Et qui occaecati eos consequuntur quas. Quos quis explicabo aut itaque qui. Deserunt aspernatur optio deserunt aut ut.', 9, 'Libero ut molestiae eligendi enim culpa aut.', 'Aut odit vel qui voluptate eligendi asperiores numquam.');
INSERT INTO `main_remark` (`id`, `section_id`, `expert_id`, `date`, `body`, `number`, `link`, `basis`) VALUES (32, 1, 24, '2021-12-24', 'Deleniti sequi impedit quibusdam commodi. Molestiae aut reiciendis ducimus excepturi suscipit qui. Accusamus earum eveniet ipsa consequatur.', 4, 'Consequatur molestiae consequuntur voluptatem aperiam id sunt.', 'Dolores eaque et quas quisquam consequatur nisi dolore.');
INSERT INTO `main_remark` (`id`, `section_id`, `expert_id`, `date`, `body`, `number`, `link`, `basis`) VALUES (33, 11, 2, '2021-12-22', 'Est eum quis nihil nulla. Voluptatibus totam iste a quo. Quaerat dolores cumque amet qui sed ipsa quibusdam.', 3, 'Repudiandae autem autem doloribus corporis.', 'Accusantium reprehenderit sit ratione enim velit doloremque quia a.');
INSERT INTO `main_remark` (`id`, `section_id`, `expert_id`, `date`, `body`, `number`, `link`, `basis`) VALUES (34, 15, 9, '2021-12-26', 'Dolorem nobis aut ut. Tenetur dolorum porro recusandae et provident qui sit dolores. Eos placeat laudantium molestiae nisi reprehenderit veniam neque qui.', 6, 'Sed omnis et blanditiis aut.', 'Fugit sunt culpa et nam perspiciatis.');
INSERT INTO `main_remark` (`id`, `section_id`, `expert_id`, `date`, `body`, `number`, `link`, `basis`) VALUES (35, 8, 16, '2022-01-08', 'Nemo quae est qui consequuntur. Debitis eos ipsam ea ut autem. Incidunt repudiandae perspiciatis recusandae nulla quia commodi quo.', 6, 'Occaecati dignissimos eius consequatur atque aut dolorem consectetur.', 'Non ea molestias enim culpa est fuga.');
INSERT INTO `main_remark` (`id`, `section_id`, `expert_id`, `date`, `body`, `number`, `link`, `basis`) VALUES (36, 4, 9, '2022-01-03', 'Voluptatibus aperiam unde qui minima in architecto. Sed quia ut earum deserunt tempora.', 13, 'Placeat dolor commodi esse sunt nihil voluptatem dignissimos magni.', 'Eos libero voluptate illum nobis ut quos.');
INSERT INTO `main_remark` (`id`, `section_id`, `expert_id`, `date`, `body`, `number`, `link`, `basis`) VALUES (37, 3, 13, '2022-01-10', 'Delectus eos illo odio voluptate similique minus. Repellat omnis sed dolorum at sit aliquam sequi. Vitae provident ipsa aut similique et cupiditate.', 9, 'Temporibus aspernatur qui aspernatur consequatur at nemo omnis.', 'Corrupti ipsum commodi voluptatum culpa.');
INSERT INTO `main_remark` (`id`, `section_id`, `expert_id`, `date`, `body`, `number`, `link`, `basis`) VALUES (38, 14, 30, '2022-01-05', 'Voluptas placeat sit rerum quos magnam qui perspiciatis. Amet amet modi tenetur. Vel earum harum quae rerum inventore. Atque aut repellat nam odit possimus eum.', 7, 'Veritatis voluptatem iusto voluptatem ducimus labore laborum.', 'Suscipit aut sunt quos enim ducimus.');
INSERT INTO `main_remark` (`id`, `section_id`, `expert_id`, `date`, `body`, `number`, `link`, `basis`) VALUES (39, 2, 20, '2021-12-19', 'Et ex ut et molestiae aperiam illo. Vel id ut totam quam quia.', 2, 'Voluptatem magni enim tenetur exercitationem iure commodi.', 'Maxime repellat laborum veritatis officia cumque voluptatum.');
INSERT INTO `main_remark` (`id`, `section_id`, `expert_id`, `date`, `body`, `number`, `link`, `basis`) VALUES (40, 13, 1, '2022-01-04', 'Quia blanditiis a tempore rerum. Dignissimos quidem sit sequi enim fugiat iste. Consequatur est aut ab repudiandae.', 11, 'Doloremque quasi culpa esse rem rerum.', 'Vitae et facilis doloremque velit.');
INSERT INTO `main_remark` (`id`, `section_id`, `expert_id`, `date`, `body`, `number`, `link`, `basis`) VALUES (41, 11, 1, '2022-01-14', 'Ut non sit in ut soluta. Qui perferendis optio optio et accusamus eos. Totam consequuntur beatae fugit id.', 15, 'Commodi atque facilis nisi sed voluptas quae fugit.', 'Itaque doloribus occaecati occaecati tempora dolorem natus.');
INSERT INTO `main_remark` (`id`, `section_id`, `expert_id`, `date`, `body`, `number`, `link`, `basis`) VALUES (42, 11, 16, '2022-01-09', 'Quos et voluptates eveniet inventore illo. Blanditiis esse ut nemo neque. Nisi quos sunt veritatis tempora quis non aut.', 1, 'Voluptas aliquid maiores nesciunt quia commodi.', 'Voluptatibus provident est quae nesciunt assumenda non tempore.');
INSERT INTO `main_remark` (`id`, `section_id`, `expert_id`, `date`, `body`, `number`, `link`, `basis`) VALUES (43, 2, 22, '2022-01-10', 'Alias laborum eos similique et. Qui delectus nobis accusamus. Voluptas excepturi iste aperiam omnis vel. Vel repellat ex a provident officiis quis et.', 7, 'Dolores cupiditate ea labore excepturi quis.', 'Cum esse dolor aspernatur suscipit.');
INSERT INTO `main_remark` (`id`, `section_id`, `expert_id`, `date`, `body`, `number`, `link`, `basis`) VALUES (44, 1, 17, '2022-01-09', 'Suscipit eaque aut explicabo qui impedit reiciendis. Recusandae voluptatum est voluptatem praesentium sed. Quia aut delectus dolor.', 9, 'Magni nihil nobis sequi libero aliquid dolores.', 'Ut amet illo odio dolore tenetur.');
INSERT INTO `main_remark` (`id`, `section_id`, `expert_id`, `date`, `body`, `number`, `link`, `basis`) VALUES (45, 12, 22, '2021-12-29', 'Harum rerum eligendi qui. Ipsa possimus exercitationem ipsa repudiandae accusantium tempora. Est sunt unde deserunt modi. Pariatur ipsam fugit eos aut at voluptate.', 5, 'Quo animi molestias perspiciatis officia consequatur consequatur ut facere.', 'Sed maxime suscipit enim eligendi.');
INSERT INTO `main_remark` (`id`, `section_id`, `expert_id`, `date`, `body`, `number`, `link`, `basis`) VALUES (46, 12, 1, '2022-01-05', 'Explicabo et voluptas vel et. Saepe asperiores voluptas ut debitis. Quia autem magnam quia.', 17, 'Eum minus id officia eveniet sit.', 'Tempore error id atque laboriosam suscipit quia quos.');
INSERT INTO `main_remark` (`id`, `section_id`, `expert_id`, `date`, `body`, `number`, `link`, `basis`) VALUES (47, 1, 2, '2022-01-12', 'Ea ad tempora molestias exercitationem a recusandae quis. Sunt culpa perferendis dolor enim quae. Et est quaerat esse alias accusamus culpa.', 12, 'Asperiores et possimus enim itaque quibusdam explicabo numquam quia.', 'Possimus accusamus ea ut atque.');
INSERT INTO `main_remark` (`id`, `section_id`, `expert_id`, `date`, `body`, `number`, `link`, `basis`) VALUES (48, 4, 27, '2021-12-23', 'Esse adipisci neque sed qui ut modi voluptatibus reiciendis. Dolorum eaque voluptas odit quia ut eveniet et. Quod facilis vel sed sed vero error qui. Repudiandae quis ut eius ex a ut sunt.', 7, 'Id autem explicabo sed ut minus.', 'Voluptatem in omnis possimus beatae perferendis non.');
INSERT INTO `main_remark` (`id`, `section_id`, `expert_id`, `date`, `body`, `number`, `link`, `basis`) VALUES (49, 15, 22, '2021-12-19', 'Consectetur enim ipsam et voluptas aut velit eveniet. Dolores delectus reiciendis sapiente fugit sint. Odio quia quia amet sit accusantium dolor eaque.', 15, 'Magnam vitae dolore omnis magnam aperiam dolorum aut.', 'Nihil voluptatem et est.');
INSERT INTO `main_remark` (`id`, `section_id`, `expert_id`, `date`, `body`, `number`, `link`, `basis`) VALUES (50, 10, 30, '2021-12-29', 'Eum laudantium non quisquam et magnam deleniti. Voluptate consectetur quod quo cum ut.', 11, 'Consequatur optio odit fugiat suscipit.', 'Saepe dignissimos qui deleniti aut.');
INSERT INTO `main_remark` (`id`, `section_id`, `expert_id`, `date`, `body`, `number`, `link`, `basis`) VALUES (51, 12, 8, '2021-12-23', 'Facere et quasi impedit aut. Similique nam aut dolorum provident unde nostrum. Ut provident fuga tempora repellat ut.', 9, 'Eaque aperiam doloribus dolor.', 'Qui omnis sunt laboriosam vel.');
INSERT INTO `main_remark` (`id`, `section_id`, `expert_id`, `date`, `body`, `number`, `link`, `basis`) VALUES (52, 14, 4, '2022-01-14', 'Hic magni qui quaerat nesciunt eos. Similique quis adipisci voluptas inventore non velit ea. Quibusdam id at itaque illum et.', 18, 'Sunt qui similique libero iure quia.', 'Omnis ipsam id itaque harum cum fugit.');
INSERT INTO `main_remark` (`id`, `section_id`, `expert_id`, `date`, `body`, `number`, `link`, `basis`) VALUES (53, 6, 28, '2021-12-24', 'Et reiciendis reprehenderit sed illo error. Non corporis laboriosam sit dolores neque voluptatum. Quas fugit sit repellat maxime expedita. Dicta nam fuga nemo nulla unde doloribus voluptatibus.', 8, 'Animi culpa perspiciatis quisquam ullam.', 'Suscipit ea id molestiae et ipsum in magni id.');
INSERT INTO `main_remark` (`id`, `section_id`, `expert_id`, `date`, `body`, `number`, `link`, `basis`) VALUES (54, 14, 12, '2022-01-04', 'Explicabo consequuntur sed vero qui et itaque dolorem. Tempora totam dolorem dolorum a. Quia doloremque et autem ut fugiat.', 8, 'Necessitatibus vitae quo iusto porro illum dolor.', 'Veritatis et laborum voluptates repellat.');
INSERT INTO `main_remark` (`id`, `section_id`, `expert_id`, `date`, `body`, `number`, `link`, `basis`) VALUES (55, 5, 15, '2021-12-27', 'Non eaque ab rerum vel voluptas rem. Delectus suscipit aut iste numquam harum dignissimos voluptatem. Quia quaerat culpa maxime.', 18, 'Ducimus velit inventore voluptatem aliquam eum esse.', 'Ut necessitatibus iusto aliquid vel explicabo distinctio.');
INSERT INTO `main_remark` (`id`, `section_id`, `expert_id`, `date`, `body`, `number`, `link`, `basis`) VALUES (56, 4, 24, '2021-12-22', 'Est odit exercitationem nisi odit rerum accusantium aut. Non provident fugit quidem impedit culpa voluptatum. Iusto consectetur aut tempora voluptates.', 11, 'Eveniet laudantium dolore voluptatum et dolorem neque perferendis reprehenderit.', 'Et vel et voluptas alias dolorum excepturi id.');
INSERT INTO `main_remark` (`id`, `section_id`, `expert_id`, `date`, `body`, `number`, `link`, `basis`) VALUES (57, 6, 2, '2021-12-28', 'Nulla ut iusto totam et. Quibusdam et et nobis consequuntur. Autem labore et quis sapiente velit repudiandae quaerat.', 3, 'Incidunt rerum omnis sequi quo dolore autem culpa.', 'Vel et beatae molestiae in fugit nihil voluptatibus.');
INSERT INTO `main_remark` (`id`, `section_id`, `expert_id`, `date`, `body`, `number`, `link`, `basis`) VALUES (58, 6, 12, '2022-01-06', 'Id sed modi asperiores necessitatibus dignissimos eligendi. Aut est modi repellat natus. Vel et asperiores id exercitationem.', 18, 'Vel sint sed enim sit sunt.', 'Consectetur et perferendis consectetur pariatur.');
INSERT INTO `main_remark` (`id`, `section_id`, `expert_id`, `date`, `body`, `number`, `link`, `basis`) VALUES (59, 14, 23, '2022-01-11', 'Molestiae totam est animi non nobis dolor. Minus ad quis neque. Est quisquam inventore modi veniam necessitatibus ipsam.', 17, 'At iusto qui minima incidunt temporibus fugit.', 'Qui nesciunt nobis id fugit qui commodi dolorem soluta.');
INSERT INTO `main_remark` (`id`, `section_id`, `expert_id`, `date`, `body`, `number`, `link`, `basis`) VALUES (60, 13, 21, '2022-01-14', 'Et cum placeat soluta dolor odio et. Explicabo et consequatur quibusdam quae inventore. Consequuntur in impedit officia omnis qui. Vitae nesciunt nobis non sapiente.', 19, 'Eveniet deserunt sint similique.', 'Aut molestiae molestiae deleniti.');
INSERT INTO `main_remark` (`id`, `section_id`, `expert_id`, `date`, `body`, `number`, `link`, `basis`) VALUES (61, 13, 5, '2021-12-19', 'Aliquam aliquid optio nesciunt eum ut. Aliquid dolorum earum illo eos. Perferendis repudiandae numquam amet et error. Ducimus delectus provident autem ab et vero.', 16, 'Consequuntur sint voluptatibus nihil repellendus quos eos.', 'Nam sed ut numquam commodi et dolores.');
INSERT INTO `main_remark` (`id`, `section_id`, `expert_id`, `date`, `body`, `number`, `link`, `basis`) VALUES (62, 11, 28, '2021-12-23', 'Quos repellat nemo perferendis quisquam voluptatem sequi. Fuga doloremque voluptates sequi optio. Excepturi soluta ut reprehenderit repudiandae. Aspernatur aperiam nostrum rerum ut dolor.', 20, 'Accusamus nulla enim repudiandae quia esse deleniti aperiam sit.', 'Nemo et voluptatem voluptatem voluptates.');
INSERT INTO `main_remark` (`id`, `section_id`, `expert_id`, `date`, `body`, `number`, `link`, `basis`) VALUES (63, 10, 17, '2021-12-30', 'Quam ex porro sed aut. Excepturi aspernatur ullam sed rerum impedit quo. Suscipit consequatur dignissimos error velit corrupti sed quia quibusdam.', 20, 'Omnis odio voluptas velit harum nesciunt.', 'Minus est praesentium non deleniti blanditiis eum.');
INSERT INTO `main_remark` (`id`, `section_id`, `expert_id`, `date`, `body`, `number`, `link`, `basis`) VALUES (64, 8, 30, '2021-12-20', 'Officiis ut amet et illo sed. Architecto architecto nam sint. Repudiandae quo quasi incidunt amet qui minus voluptates ut. Quia tenetur temporibus a animi iste architecto.', 6, 'Culpa in in et molestiae ut quaerat ullam cumque.', 'Ipsum qui autem sit ex sequi.');
INSERT INTO `main_remark` (`id`, `section_id`, `expert_id`, `date`, `body`, `number`, `link`, `basis`) VALUES (65, 6, 25, '2022-01-11', 'Consectetur eveniet autem labore eum voluptas in quia odit. Fugit voluptatem delectus eum accusantium qui vel eaque. Itaque eius rem sint quo voluptatibus. Quis omnis aut et et rerum.', 14, 'Minima harum voluptatem ab beatae molestiae quidem.', 'Laboriosam nostrum natus culpa.');
INSERT INTO `main_remark` (`id`, `section_id`, `expert_id`, `date`, `body`, `number`, `link`, `basis`) VALUES (66, 8, 24, '2021-12-30', 'Quis sed sunt alias alias. Fuga ipsa dolorem quo eos qui voluptatem commodi rem. Ipsum optio vitae perferendis corporis.', 11, 'Qui voluptas non et commodi rerum quis.', 'Sint nobis aut sed nam tempore assumenda quis.');
INSERT INTO `main_remark` (`id`, `section_id`, `expert_id`, `date`, `body`, `number`, `link`, `basis`) VALUES (67, 10, 3, '2022-01-11', 'Numquam voluptatem aspernatur totam vel ea adipisci aut. Ex qui laborum veniam voluptatibus quas dolorem consectetur. Hic tempore voluptatem temporibus.', 4, 'Omnis expedita sunt qui et iste a.', 'Aut culpa aut odit accusantium neque dolorem.');
INSERT INTO `main_remark` (`id`, `section_id`, `expert_id`, `date`, `body`, `number`, `link`, `basis`) VALUES (68, 10, 4, '2022-01-09', 'Soluta quia dolorem adipisci distinctio at fuga cumque. Consequuntur et molestiae dolorem praesentium. Consequatur voluptatem consequatur accusamus corrupti nostrum omnis qui.', 10, 'Consequatur debitis porro nostrum ut est aut excepturi error.', 'Sit fugit nesciunt hic quia.');
INSERT INTO `main_remark` (`id`, `section_id`, `expert_id`, `date`, `body`, `number`, `link`, `basis`) VALUES (69, 14, 21, '2021-12-20', 'Sit porro voluptatibus animi libero. Non debitis molestiae est culpa dolor molestiae. Blanditiis quasi at eveniet beatae ut sint qui facilis.', 15, 'Necessitatibus nihil ut et dolorem similique molestias.', 'Itaque qui nobis repellat sit blanditiis ut.');
INSERT INTO `main_remark` (`id`, `section_id`, `expert_id`, `date`, `body`, `number`, `link`, `basis`) VALUES (70, 7, 28, '2021-12-19', 'Et cum et aliquam ut assumenda perspiciatis nulla. Deserunt voluptas quos perferendis et. Rerum eum laudantium voluptatem tempore hic.', 15, 'Et voluptates tempora laboriosam quia debitis voluptatum dignissimos.', 'Iure et soluta assumenda accusamus sed.');
INSERT INTO `main_remark` (`id`, `section_id`, `expert_id`, `date`, `body`, `number`, `link`, `basis`) VALUES (71, 9, 5, '2022-01-04', 'Voluptas ratione autem eius iusto facere voluptatem alias. Reiciendis quod id qui amet. Molestias ea ducimus quia suscipit.', 9, 'Commodi quisquam dolorem numquam.', 'Laborum dignissimos recusandae eligendi vero ea tempore.');
INSERT INTO `main_remark` (`id`, `section_id`, `expert_id`, `date`, `body`, `number`, `link`, `basis`) VALUES (72, 7, 28, '2021-12-26', 'Excepturi deserunt blanditiis molestiae laudantium. Dolore officia maxime aspernatur. Dignissimos nemo perferendis corrupti possimus quae quisquam repellat.', 3, 'Non perferendis ducimus ipsa rerum.', 'Est sed hic officiis ipsum id doloribus.');
INSERT INTO `main_remark` (`id`, `section_id`, `expert_id`, `date`, `body`, `number`, `link`, `basis`) VALUES (73, 13, 6, '2021-12-31', 'Laboriosam id amet delectus id molestias eos. Atque nulla quidem suscipit. Quidem voluptatem accusantium veritatis ea aut saepe.', 14, 'Veritatis sunt reiciendis ullam quidem.', 'Consequatur rerum quidem ad optio quia ut rem.');
INSERT INTO `main_remark` (`id`, `section_id`, `expert_id`, `date`, `body`, `number`, `link`, `basis`) VALUES (74, 15, 22, '2022-01-07', 'In in qui architecto molestiae qui eum sequi. Distinctio rem qui quae ullam omnis. Aspernatur et sit voluptates dolor dolorem.', 20, 'Perspiciatis nulla laudantium ut magni.', 'Necessitatibus qui temporibus at tempore.');
INSERT INTO `main_remark` (`id`, `section_id`, `expert_id`, `date`, `body`, `number`, `link`, `basis`) VALUES (75, 7, 5, '2021-12-22', 'Et illum omnis sapiente officiis enim veritatis qui sint. Et reprehenderit possimus quia omnis magni eaque. Adipisci ut aut fuga impedit tempore. Laborum sint dolorem doloribus sint.', 1, 'Aspernatur qui voluptas sunt necessitatibus.', 'Animi expedita dolores ut qui nobis.');
INSERT INTO `main_remark` (`id`, `section_id`, `expert_id`, `date`, `body`, `number`, `link`, `basis`) VALUES (76, 12, 5, '2022-01-11', 'Ut expedita fuga perferendis vero consequatur magni. Ipsam cupiditate facere assumenda. Beatae et quis inventore omnis voluptas. Est aperiam vitae adipisci omnis aliquid id.', 15, 'Officia eum porro perferendis tenetur in sequi.', 'Repudiandae et harum cum repellat.');
INSERT INTO `main_remark` (`id`, `section_id`, `expert_id`, `date`, `body`, `number`, `link`, `basis`) VALUES (77, 13, 17, '2022-01-13', 'Et fuga ducimus neque et ut. Quia nam nemo magnam ea alias deleniti. Tempore eveniet et error quia quis iste.', 12, 'Dolores ex inventore dolor suscipit quae.', 'Illum autem animi libero vero quasi.');
INSERT INTO `main_remark` (`id`, `section_id`, `expert_id`, `date`, `body`, `number`, `link`, `basis`) VALUES (78, 4, 13, '2021-12-29', 'Pariatur ea quas nam dolor cupiditate voluptatem. Vero magnam deserunt veniam est sint laboriosam. Praesentium est molestiae debitis ut laborum neque. Illum doloribus tenetur et quia molestiae.', 20, 'Culpa quae distinctio deserunt aspernatur dolorem aut eos.', 'Voluptate porro corrupti distinctio tempora et voluptas.');
INSERT INTO `main_remark` (`id`, `section_id`, `expert_id`, `date`, `body`, `number`, `link`, `basis`) VALUES (79, 1, 14, '2022-01-13', 'Aliquid rem ut qui quo vero dignissimos accusamus. Magni dolorum corporis earum et autem totam. Dolorem vel laudantium iste quia nemo. Vitae non eius ducimus numquam officiis dolorem.', 14, 'Fuga reiciendis aliquid nesciunt ut reiciendis delectus eum.', 'Ad reiciendis qui perferendis maiores harum quo.');
INSERT INTO `main_remark` (`id`, `section_id`, `expert_id`, `date`, `body`, `number`, `link`, `basis`) VALUES (80, 4, 9, '2022-01-06', 'Architecto voluptates eum dolorem hic eveniet consequatur iusto. Est quisquam dolore consequatur hic est. Aut est vel rerum numquam repudiandae atque qui et.', 9, 'Laborum perferendis ab rerum exercitationem.', 'Ut omnis eaque est minima aut iste aut.');
INSERT INTO `main_remark` (`id`, `section_id`, `expert_id`, `date`, `body`, `number`, `link`, `basis`) VALUES (81, 6, 4, '2021-12-18', 'Velit accusamus tempore dolores esse eius aliquam. Et aut iusto velit est. Quam nemo maiores blanditiis autem magnam.', 18, 'Qui aut officiis natus iste nihil aut maiores.', 'Saepe eligendi et iusto in temporibus consequatur excepturi.');
INSERT INTO `main_remark` (`id`, `section_id`, `expert_id`, `date`, `body`, `number`, `link`, `basis`) VALUES (82, 5, 15, '2021-12-19', 'Explicabo laudantium sapiente harum aut dolor. Commodi quae repellendus perferendis dicta atque voluptatum. Fuga officiis sed debitis esse animi. Quam laboriosam expedita deleniti vero.', 12, 'Quo magnam placeat omnis porro veniam officia enim.', 'Eum sapiente dolores voluptate fuga quidem.');
INSERT INTO `main_remark` (`id`, `section_id`, `expert_id`, `date`, `body`, `number`, `link`, `basis`) VALUES (83, 8, 2, '2021-12-26', 'Iste animi odit eos. Ea officiis sit ut. Molestias deserunt dicta voluptatibus rerum et tempora et ut. Et ut et facere temporibus ut rerum.', 18, 'Velit amet blanditiis voluptatem perferendis voluptas quia quaerat.', 'Odio quam quasi natus repellat non eligendi.');
INSERT INTO `main_remark` (`id`, `section_id`, `expert_id`, `date`, `body`, `number`, `link`, `basis`) VALUES (84, 12, 14, '2022-01-15', 'Error sed quia sint minima consectetur qui ut unde. Repudiandae aliquid est aut vel laudantium. Aliquid harum excepturi modi aut autem. Soluta cumque ut occaecati.', 20, 'Deleniti nemo dicta perferendis voluptate.', 'Et ad rerum qui velit enim.');
INSERT INTO `main_remark` (`id`, `section_id`, `expert_id`, `date`, `body`, `number`, `link`, `basis`) VALUES (85, 12, 27, '2021-12-28', 'Tempora necessitatibus optio id impedit. Et quibusdam et non consequatur suscipit porro. Neque rerum repudiandae odit et. Repellendus cum aperiam pariatur blanditiis non laudantium consequatur sit.', 5, 'Libero ratione nihil ipsum eligendi ipsam qui praesentium.', 'Ut quia quibusdam molestiae magni est voluptatem.');
INSERT INTO `main_remark` (`id`, `section_id`, `expert_id`, `date`, `body`, `number`, `link`, `basis`) VALUES (86, 3, 16, '2021-12-30', 'Quasi aut asperiores nulla ducimus illo modi. Soluta voluptatibus est ducimus numquam suscipit. Tempore est eaque exercitationem.', 15, 'Ipsam molestiae sed dolores modi.', 'Consequuntur minus molestias laudantium aut quibusdam aut minima.');
INSERT INTO `main_remark` (`id`, `section_id`, `expert_id`, `date`, `body`, `number`, `link`, `basis`) VALUES (87, 11, 27, '2021-12-27', 'Odio labore repellat quia. Aliquam sit vero laboriosam ea omnis. Omnis perspiciatis laudantium quia earum mollitia.', 6, 'A nam autem dolorem enim.', 'Modi adipisci itaque aut consequuntur in sit vero.');
INSERT INTO `main_remark` (`id`, `section_id`, `expert_id`, `date`, `body`, `number`, `link`, `basis`) VALUES (88, 3, 15, '2022-01-15', 'Sunt incidunt libero et ipsa aut nostrum. Veritatis dolores rem rerum est animi illo molestiae placeat. Asperiores ut provident ab rerum.', 10, 'Corrupti qui quibusdam aut sed reprehenderit.', 'Voluptas placeat natus ea aut molestiae perspiciatis possimus.');
INSERT INTO `main_remark` (`id`, `section_id`, `expert_id`, `date`, `body`, `number`, `link`, `basis`) VALUES (89, 2, 30, '2021-12-19', 'Qui voluptatum dignissimos accusantium ipsum repellat minus. Aut et sunt pariatur hic sunt sed.', 18, 'Aut voluptatem quam et tempore quo tempore.', 'Distinctio recusandae voluptatem ipsa qui possimus delectus.');
INSERT INTO `main_remark` (`id`, `section_id`, `expert_id`, `date`, `body`, `number`, `link`, `basis`) VALUES (90, 2, 15, '2021-12-25', 'Expedita eveniet consequatur vero ut adipisci. Architecto quidem dicta velit quis.', 12, 'Omnis exercitationem natus hic numquam.', 'Qui corporis perspiciatis voluptatem reprehenderit voluptatem.');
INSERT INTO `main_remark` (`id`, `section_id`, `expert_id`, `date`, `body`, `number`, `link`, `basis`) VALUES (91, 15, 20, '2021-12-25', 'Facere modi ratione qui dolores officia neque sapiente. Perspiciatis possimus consequatur maxime aliquid qui qui ut.', 17, 'Error assumenda eum vero rerum.', 'Velit dolores quam voluptas est praesentium consequatur.');
INSERT INTO `main_remark` (`id`, `section_id`, `expert_id`, `date`, `body`, `number`, `link`, `basis`) VALUES (92, 9, 8, '2022-01-16', 'Ea excepturi quo quaerat quia. Quam placeat velit velit sit aut adipisci. Nemo omnis repudiandae sequi hic sed dicta eligendi. Est aut similique officia omnis blanditiis.', 7, 'Et debitis itaque quia voluptates id.', 'Ratione vel enim officiis omnis.');
INSERT INTO `main_remark` (`id`, `section_id`, `expert_id`, `date`, `body`, `number`, `link`, `basis`) VALUES (93, 4, 8, '2021-12-19', 'Fugiat sit quis error consectetur reprehenderit vel nostrum laboriosam. Sequi nihil cupiditate veniam et est ut. Molestiae nam laboriosam quas aut.', 2, 'Est modi at inventore nemo temporibus.', 'Velit nulla ea et sunt aspernatur numquam iusto.');
INSERT INTO `main_remark` (`id`, `section_id`, `expert_id`, `date`, `body`, `number`, `link`, `basis`) VALUES (94, 14, 25, '2022-01-02', 'Tempora ab et dolorem quas veniam beatae placeat. Rerum modi dolor soluta nihil voluptatem aspernatur at. Asperiores aspernatur sed quia quis voluptatum praesentium.', 1, 'Ipsa blanditiis esse soluta ut quod quia non.', 'Voluptate sed facilis qui.');
INSERT INTO `main_remark` (`id`, `section_id`, `expert_id`, `date`, `body`, `number`, `link`, `basis`) VALUES (95, 10, 30, '2022-01-12', 'Quae distinctio beatae quia delectus quos non quibusdam qui. Sunt soluta libero vero odit consequatur. Amet voluptatem voluptatibus rerum dolore et. Velit ut in dignissimos dolor harum quis rerum.', 15, 'Expedita consequuntur voluptate recusandae ut optio culpa.', 'Qui consequatur quam molestias accusantium est iusto.');
INSERT INTO `main_remark` (`id`, `section_id`, `expert_id`, `date`, `body`, `number`, `link`, `basis`) VALUES (96, 5, 15, '2022-01-09', 'Veritatis laboriosam velit dicta eos sit enim maxime. Vel voluptates quasi veniam eius aliquid aspernatur quasi. Ut ullam quas in distinctio qui.', 10, 'Laborum sit ut harum exercitationem dolores nihil asperiores.', 'Tenetur et aperiam fugit dolorum sit eligendi vero quae.');
INSERT INTO `main_remark` (`id`, `section_id`, `expert_id`, `date`, `body`, `number`, `link`, `basis`) VALUES (97, 13, 2, '2022-01-10', 'Ipsum saepe omnis reiciendis magnam iusto. Sed qui consequatur atque.', 19, 'Quisquam eveniet qui dolorem autem.', 'Excepturi qui blanditiis in labore ab nihil.');
INSERT INTO `main_remark` (`id`, `section_id`, `expert_id`, `date`, `body`, `number`, `link`, `basis`) VALUES (98, 3, 7, '2022-01-05', 'Non accusamus enim ratione voluptatem et. Numquam nam quia ea dolores. Omnis repellat quia commodi alias porro. Aliquid voluptas nostrum molestiae necessitatibus facere quam nihil corrupti.', 4, 'Ullam voluptates ut qui vero eligendi necessitatibus.', 'Officiis dolore omnis repellendus quisquam sunt.');
INSERT INTO `main_remark` (`id`, `section_id`, `expert_id`, `date`, `body`, `number`, `link`, `basis`) VALUES (99, 4, 22, '2022-01-06', 'Enim quod incidunt rerum. Officia quia labore dolor quae. Dignissimos et laudantium sit cumque.', 3, 'Sed incidunt a in.', 'Maxime sint qui facere rem corporis.');
INSERT INTO `main_remark` (`id`, `section_id`, `expert_id`, `date`, `body`, `number`, `link`, `basis`) VALUES (100, 9, 30, '2021-12-24', 'Voluptatem ipsa nostrum tempora explicabo rem. Ea incidunt laboriosam dicta voluptates ut voluptatem et.\nQui ab officia rerum ullam. Et voluptas consectetur earum.', 9, 'Incidunt aspernatur consequatur expedita expedita et.', 'Ratione ut eos qui ut dolorem voluptates.');
INSERT INTO `main_remark` (`id`, `section_id`, `expert_id`, `date`, `body`, `number`, `link`, `basis`) VALUES (101, 9, 25, '2021-12-18', 'Beatae accusantium placeat possimus nemo. Vitae illum autem explicabo autem. Harum libero rerum temporibus accusamus eius. Occaecati adipisci nesciunt et ex id dolore ipsam.', 13, 'Occaecati officia quas quaerat sit ut ut.', 'Aut similique voluptas consequatur nostrum et eos.');
INSERT INTO `main_remark` (`id`, `section_id`, `expert_id`, `date`, `body`, `number`, `link`, `basis`) VALUES (102, 14, 13, '2022-01-03', 'Atque at labore aliquid mollitia autem. Aut dicta occaecati architecto suscipit consequatur. Alias omnis eos ipsam iusto.', 16, 'Rerum voluptas ipsam quo iste est.', 'Dolore velit voluptates vero ipsam.');
INSERT INTO `main_remark` (`id`, `section_id`, `expert_id`, `date`, `body`, `number`, `link`, `basis`) VALUES (103, 8, 3, '2022-01-02', 'Odit aut necessitatibus voluptatum adipisci repellat ipsa culpa. Possimus labore omnis vero voluptas eveniet. Natus dolores ut reprehenderit similique.', 4, 'Quae enim voluptatem vel molestiae officiis eius sit.', 'Alias ut aspernatur voluptate nihil consequatur et fugit.');
INSERT INTO `main_remark` (`id`, `section_id`, `expert_id`, `date`, `body`, `number`, `link`, `basis`) VALUES (104, 9, 1, '2022-01-16', 'Nulla rerum voluptatem nam dolores perferendis et dolore. Optio facilis assumenda natus iste quia ipsam minima. Quisquam aut aut voluptatum ab vitae.', 6, 'Temporibus mollitia atque earum sed.', 'Quae itaque ut repellat vel asperiores facilis est.');
INSERT INTO `main_remark` (`id`, `section_id`, `expert_id`, `date`, `body`, `number`, `link`, `basis`) VALUES (105, 12, 26, '2022-01-09', 'Necessitatibus iste similique eius odio aut. Voluptatum quasi aut autem qui consequatur nisi aliquam aliquid. Quae porro perspiciatis rerum beatae sint. Temporibus dolores nostrum pariatur aut eum.', 3, 'Qui aperiam totam occaecati.', 'Dolor aliquam commodi quam eos sequi et.');
INSERT INTO `main_remark` (`id`, `section_id`, `expert_id`, `date`, `body`, `number`, `link`, `basis`) VALUES (106, 7, 13, '2022-01-16', 'Ipsum non sed rerum excepturi nisi occaecati mollitia. Excepturi ex ut id eius quae. Nemo molestiae quia aspernatur molestiae repudiandae quam. Et necessitatibus beatae impedit quae nam.', 20, 'Aut sed expedita est commodi.', 'Deleniti aut dolorem officia voluptatum consequatur et.');
INSERT INTO `main_remark` (`id`, `section_id`, `expert_id`, `date`, `body`, `number`, `link`, `basis`) VALUES (107, 15, 29, '2021-12-28', 'Earum voluptates in sed voluptatum. Ex et libero iste porro.', 13, 'Magni quae omnis et rerum temporibus et.', 'Fuga ullam dignissimos consectetur totam eius.');
INSERT INTO `main_remark` (`id`, `section_id`, `expert_id`, `date`, `body`, `number`, `link`, `basis`) VALUES (108, 14, 30, '2021-12-21', 'Ut dolorum ipsum cupiditate. Voluptatem optio ex mollitia magni voluptatum vel nulla vitae.', 2, 'Unde molestiae eaque ipsam ipsum sint et aut.', 'Ad sint voluptatem magni voluptatem tenetur et.');
INSERT INTO `main_remark` (`id`, `section_id`, `expert_id`, `date`, `body`, `number`, `link`, `basis`) VALUES (109, 3, 27, '2021-12-30', 'Minus velit est dolor. Perferendis dolor fugiat neque occaecati ratione non veniam repellendus. Esse est dolorum sunt dolor dolores.', 3, 'Exercitationem nesciunt eum asperiores nostrum dolorum.', 'Autem doloribus ipsam unde tenetur.');
INSERT INTO `main_remark` (`id`, `section_id`, `expert_id`, `date`, `body`, `number`, `link`, `basis`) VALUES (110, 6, 30, '2021-12-22', 'Commodi et dolores ut numquam. Qui debitis quasi repellendus nihil ea velit.', 2, 'Nihil voluptatem dolores et minima natus.', 'Repudiandae illo esse eligendi.');
INSERT INTO `main_remark` (`id`, `section_id`, `expert_id`, `date`, `body`, `number`, `link`, `basis`) VALUES (111, 11, 17, '2021-12-23', 'Iure aut iure dolorum et consequatur enim rerum. Non at architecto consequatur natus sed magni. Saepe ipsa perspiciatis nam veniam mollitia velit blanditiis.', 9, 'Inventore asperiores et qui quas distinctio.', 'Perspiciatis molestiae sequi tempore sit cupiditate eligendi non.');
INSERT INTO `main_remark` (`id`, `section_id`, `expert_id`, `date`, `body`, `number`, `link`, `basis`) VALUES (112, 15, 15, '2021-12-29', 'Nulla esse quaerat architecto quia dolorum reprehenderit dolor. Blanditiis dicta eligendi eum aut. Optio ea corrupti corrupti amet. Sit quidem voluptatem dignissimos asperiores.', 1, 'Atque qui quod sunt doloribus et quis sint.', 'Exercitationem id non ipsam temporibus dolorum beatae pariatur.');
INSERT INTO `main_remark` (`id`, `section_id`, `expert_id`, `date`, `body`, `number`, `link`, `basis`) VALUES (113, 12, 24, '2021-12-19', 'Necessitatibus nemo non autem id eveniet perspiciatis. Laboriosam harum et sapiente quia vitae velit. Omnis placeat pariatur neque alias sed officia maxime.', 2, 'Nisi veniam omnis ut error repellat nulla.', 'Et nihil voluptatem voluptate fugiat hic esse.');
INSERT INTO `main_remark` (`id`, `section_id`, `expert_id`, `date`, `body`, `number`, `link`, `basis`) VALUES (114, 5, 6, '2021-12-31', 'Qui illo enim earum natus officiis quidem. Et minus deleniti at dolorem omnis perferendis sed aut. Dolore in beatae eius consequatur rerum. Quaerat nam neque iusto ipsa et vitae asperiores.', 12, 'Beatae ea nulla qui iste ea provident.', 'Necessitatibus tempore autem ducimus.');
INSERT INTO `main_remark` (`id`, `section_id`, `expert_id`, `date`, `body`, `number`, `link`, `basis`) VALUES (115, 9, 11, '2021-12-26', 'Inventore molestiae non ut et. Atque esse porro officiis itaque aliquid et iusto sit. Est est non iure pariatur repellendus error exercitationem.', 8, 'Fugiat libero doloremque labore et ut qui nostrum beatae.', 'Dolores perspiciatis eos soluta nulla perferendis facere.');
INSERT INTO `main_remark` (`id`, `section_id`, `expert_id`, `date`, `body`, `number`, `link`, `basis`) VALUES (116, 7, 27, '2022-01-11', 'Exercitationem natus omnis reiciendis nesciunt reprehenderit mollitia est. Assumenda nihil qui magni praesentium voluptates quis est quasi. Quam necessitatibus quas porro odio consequatur earum.', 15, 'Ut culpa dolorem ut iure harum repellendus pariatur sed.', 'Sit dolorem eum deleniti et.');
INSERT INTO `main_remark` (`id`, `section_id`, `expert_id`, `date`, `body`, `number`, `link`, `basis`) VALUES (117, 15, 6, '2022-01-08', 'Inventore quis earum voluptate expedita rem sed quas saepe. Maiores est commodi excepturi laudantium recusandae fuga quia. Provident et autem dolorum.', 12, 'Ipsum natus voluptas quam molestias.', 'Qui velit labore quo qui maxime est.');
INSERT INTO `main_remark` (`id`, `section_id`, `expert_id`, `date`, `body`, `number`, `link`, `basis`) VALUES (118, 4, 15, '2022-01-11', 'Est est autem et iusto dicta sed harum. Eos quia doloremque in similique et temporibus. Corporis aut culpa non optio consequatur pariatur aliquid.', 11, 'Maxime molestias accusamus ab voluptatibus quidem.', 'Magni libero voluptatum aperiam error vel quam et.');
INSERT INTO `main_remark` (`id`, `section_id`, `expert_id`, `date`, `body`, `number`, `link`, `basis`) VALUES (119, 4, 17, '2022-01-01', 'Beatae maiores architecto natus dolor officia excepturi cumque. Tempora nisi cumque eum nesciunt voluptas explicabo et nam. Velit voluptatem aut voluptatem aut enim.', 10, 'Ex itaque consequatur unde molestiae.', 'Totam voluptas quam quis cumque voluptatem.');
INSERT INTO `main_remark` (`id`, `section_id`, `expert_id`, `date`, `body`, `number`, `link`, `basis`) VALUES (120, 7, 14, '2022-01-04', 'Natus maxime et est veritatis tempore. Recusandae voluptatem esse non ea eos. Ea similique dolore repudiandae aut.', 10, 'Cum sequi sequi et officiis iure atque repudiandae.', 'Ut illum ex sit.');
INSERT INTO `main_remark` (`id`, `section_id`, `expert_id`, `date`, `body`, `number`, `link`, `basis`) VALUES (121, 10, 6, '2021-12-30', 'Quos dolor ad veniam esse nam id eius velit. Similique quia ducimus provident dolor rerum voluptatem. Iusto repellendus ex temporibus accusamus architecto.', 17, 'Optio est eum sit qui.', 'Doloremque soluta aperiam numquam perspiciatis facere.');
INSERT INTO `main_remark` (`id`, `section_id`, `expert_id`, `date`, `body`, `number`, `link`, `basis`) VALUES (122, 6, 24, '2022-01-04', 'Voluptas ut nostrum est laboriosam. Autem perferendis voluptas ipsam aliquid dicta et. Voluptatem quasi aliquam et nobis qui.', 7, 'Sit ut sed saepe error.', 'Sed a aut quo corrupti voluptatum necessitatibus.');
INSERT INTO `main_remark` (`id`, `section_id`, `expert_id`, `date`, `body`, `number`, `link`, `basis`) VALUES (123, 3, 19, '2021-12-21', 'Sed est corrupti voluptas itaque reprehenderit. Et unde ducimus voluptatibus ipsam beatae facere accusamus. Aut illo ratione laborum quas nostrum suscipit.', 8, 'Deleniti repellat et laboriosam est voluptatem ipsam autem.', 'Consequatur nemo enim quas inventore omnis saepe doloremque.');
INSERT INTO `main_remark` (`id`, `section_id`, `expert_id`, `date`, `body`, `number`, `link`, `basis`) VALUES (124, 14, 28, '2021-12-30', 'Possimus aspernatur eum aut quia quisquam corporis recusandae. Quasi voluptatem corporis velit expedita omnis. Ab laboriosam dolores saepe et aut.', 12, 'Sint possimus consectetur quidem autem veritatis eveniet et.', 'Placeat nemo assumenda tempore quos repellendus sit.');
INSERT INTO `main_remark` (`id`, `section_id`, `expert_id`, `date`, `body`, `number`, `link`, `basis`) VALUES (125, 11, 27, '2021-12-19', 'Id possimus deleniti autem ad qui veniam. Voluptas sed nostrum ad voluptates cum blanditiis dolor laboriosam. Placeat quae quia quasi aut tempore. Ea distinctio iusto ipsa ipsam labore distinctio.', 9, 'Omnis vero qui dolor blanditiis ipsa vero distinctio.', 'Animi rem debitis omnis non et ratione reprehenderit possimus.');
INSERT INTO `main_remark` (`id`, `section_id`, `expert_id`, `date`, `body`, `number`, `link`, `basis`) VALUES (126, 9, 25, '2022-01-09', 'Atque iste aut dolorem dolor. Rerum architecto sint accusamus recusandae. Officia perferendis hic et. Nesciunt perferendis deserunt reprehenderit architecto.', 9, 'Quia dolorem aliquam eaque doloribus.', 'Sit at temporibus aspernatur repellendus.');
INSERT INTO `main_remark` (`id`, `section_id`, `expert_id`, `date`, `body`, `number`, `link`, `basis`) VALUES (127, 7, 10, '2022-01-12', 'Adipisci ut quia doloremque eos sed quo. Pariatur recusandae iure deleniti aut. Nihil recusandae maiores placeat laudantium molestiae ut. Rem et et voluptatem qui reiciendis.', 11, 'Ratione nihil in pariatur.', 'Molestias velit porro dolores voluptas qui.');
INSERT INTO `main_remark` (`id`, `section_id`, `expert_id`, `date`, `body`, `number`, `link`, `basis`) VALUES (128, 7, 7, '2021-12-29', 'Dicta sed rerum eum quos et et doloremque. Et qui nam sapiente odit. Iusto suscipit tempore eligendi dolorem fuga amet exercitationem. At ut est sunt praesentium eum temporibus.', 16, 'Autem voluptatum non totam ipsum.', 'Eos laborum quas commodi consequatur dolores rem voluptate.');
INSERT INTO `main_remark` (`id`, `section_id`, `expert_id`, `date`, `body`, `number`, `link`, `basis`) VALUES (129, 1, 4, '2022-01-03', 'Fugiat amet explicabo iusto non recusandae eligendi. Dolorem ipsam autem hic. Eveniet odit sunt ut eos.', 18, 'Ratione voluptatem quis accusamus aspernatur et eum.', 'Qui provident qui ab et ut quibusdam.');
INSERT INTO `main_remark` (`id`, `section_id`, `expert_id`, `date`, `body`, `number`, `link`, `basis`) VALUES (130, 9, 17, '2022-01-05', 'Nobis eaque voluptate est. Delectus dolorem expedita dolorum libero sed. Vel dignissimos esse sint animi earum. Quo est qui in non id aut sed voluptatem.', 17, 'Reiciendis similique rerum voluptate ad eos est.', 'Quibusdam maiores minus neque rerum cum temporibus voluptas.');
INSERT INTO `main_remark` (`id`, `section_id`, `expert_id`, `date`, `body`, `number`, `link`, `basis`) VALUES (131, 2, 29, '2021-12-29', 'Architecto eos aliquam vitae mollitia omnis corporis. Maxime nam velit ab non velit mollitia architecto. Rerum dolores aut et deleniti. Fugiat consequuntur non optio esse harum.', 15, 'Quibusdam quod ratione eveniet incidunt accusamus unde.', 'Qui delectus perspiciatis aut temporibus architecto architecto.');
INSERT INTO `main_remark` (`id`, `section_id`, `expert_id`, `date`, `body`, `number`, `link`, `basis`) VALUES (132, 13, 14, '2021-12-31', 'Omnis et aspernatur tenetur autem voluptatem odio quo. Repellat praesentium quia id autem nostrum. Blanditiis veritatis iste tenetur officia autem. Aut voluptas exercitationem totam distinctio.', 18, 'Ut quo omnis ipsa.', 'Inventore placeat quod totam porro corrupti.');
INSERT INTO `main_remark` (`id`, `section_id`, `expert_id`, `date`, `body`, `number`, `link`, `basis`) VALUES (133, 1, 5, '2021-12-21', 'Laboriosam veniam qui sint atque est laudantium voluptas sed. Quis debitis molestiae sapiente dolor. Magni numquam minus et fugiat repudiandae aperiam.', 15, 'Sint consequuntur repudiandae ea.', 'Iure provident officiis facilis consequatur et quia.');
INSERT INTO `main_remark` (`id`, `section_id`, `expert_id`, `date`, `body`, `number`, `link`, `basis`) VALUES (134, 14, 12, '2021-12-24', 'Nesciunt dolores iusto in est. Possimus ut unde laboriosam delectus ipsum et. Consectetur doloremque impedit deserunt laboriosam.', 5, 'Dolorem ratione ut autem saepe id mollitia id molestiae.', 'Saepe reprehenderit quidem nobis dolores eaque rerum voluptate.');
INSERT INTO `main_remark` (`id`, `section_id`, `expert_id`, `date`, `body`, `number`, `link`, `basis`) VALUES (135, 10, 15, '2022-01-15', 'Dolorem sapiente illo vel rerum explicabo nostrum sint voluptates. Et omnis eum soluta. Id reprehenderit voluptatem consectetur. Quae neque suscipit recusandae id rerum rerum.', 17, 'Consequatur aut qui atque eos sit ut corporis.', 'Fugit assumenda voluptatum porro sequi illum ipsum.');
INSERT INTO `main_remark` (`id`, `section_id`, `expert_id`, `date`, `body`, `number`, `link`, `basis`) VALUES (136, 15, 14, '2021-12-24', 'Eos qui perferendis corrupti. Eius esse porro deleniti dignissimos qui officiis consectetur. Quia nemo illo aut aut.', 6, 'Dolores voluptas nihil nobis in.', 'Architecto laudantium quia officia et.');
INSERT INTO `main_remark` (`id`, `section_id`, `expert_id`, `date`, `body`, `number`, `link`, `basis`) VALUES (137, 7, 23, '2022-01-08', 'Itaque quasi doloribus perferendis atque non. Et et sapiente corporis dolorem. Id quis alias repellendus voluptas consequatur. Delectus fugiat quibusdam hic tempore accusantium ut nihil rem.', 1, 'Iure accusantium quasi et odio illo.', 'Consequatur molestiae accusantium quo animi quia voluptatem.');
INSERT INTO `main_remark` (`id`, `section_id`, `expert_id`, `date`, `body`, `number`, `link`, `basis`) VALUES (138, 4, 19, '2021-12-29', 'Tempore sint quia nam velit. Totam ut quo sed expedita aut alias. Illum architecto rerum repellat aut et iusto. Exercitationem doloremque aut veritatis qui quod modi ullam quo.', 10, 'Dignissimos sit et culpa atque libero.', 'Quas fuga et laudantium quis atque.');
INSERT INTO `main_remark` (`id`, `section_id`, `expert_id`, `date`, `body`, `number`, `link`, `basis`) VALUES (139, 15, 19, '2021-12-18', 'Quod minus voluptas et vel. Id inventore pariatur voluptatem culpa. Commodi velit est officiis et sed qui voluptates.', 16, 'Fuga recusandae ut dolore debitis ad.', 'Aut quia repellat repudiandae vitae velit nulla.');
INSERT INTO `main_remark` (`id`, `section_id`, `expert_id`, `date`, `body`, `number`, `link`, `basis`) VALUES (140, 15, 13, '2022-01-01', 'Illo perferendis sunt rerum libero. Sed eum corrupti magni debitis totam facilis. Expedita ut facilis eveniet ipsam. Voluptatem illo dolor ratione doloribus recusandae aliquid numquam.', 16, 'Autem est voluptatem quaerat voluptatem.', 'Enim ut sit perspiciatis vel et.');
INSERT INTO `main_remark` (`id`, `section_id`, `expert_id`, `date`, `body`, `number`, `link`, `basis`) VALUES (141, 14, 16, '2022-01-10', 'Voluptas voluptas illum nam et eaque. Porro est eos quis. Quas nemo fugiat vitae inventore.', 20, 'Sit incidunt ratione et amet nesciunt totam suscipit illo.', 'Alias velit voluptatem nisi magnam necessitatibus qui.');
INSERT INTO `main_remark` (`id`, `section_id`, `expert_id`, `date`, `body`, `number`, `link`, `basis`) VALUES (142, 11, 30, '2022-01-10', 'Assumenda aut consequatur tenetur molestiae ullam. Fuga rerum repellat dolor quo molestiae vel sint. Neque aut aliquid odit cumque officiis. Aut voluptas quia velit quidem rem quae.', 11, 'Voluptatum harum dolores consequatur qui iusto nihil quod.', 'Qui minima aspernatur ea.');
INSERT INTO `main_remark` (`id`, `section_id`, `expert_id`, `date`, `body`, `number`, `link`, `basis`) VALUES (143, 2, 4, '2021-12-25', 'Pariatur quod eum nihil ab. Aperiam est facere modi perferendis rerum omnis harum. Et asperiores quasi quos dolorum aut quia est.', 5, 'Rerum aliquam excepturi voluptatum dicta.', 'Autem aliquam omnis et et reiciendis.');
INSERT INTO `main_remark` (`id`, `section_id`, `expert_id`, `date`, `body`, `number`, `link`, `basis`) VALUES (144, 2, 26, '2021-12-23', 'Voluptatem consequatur molestias consequatur beatae sed fugit accusamus optio. Est praesentium sint illo nulla neque alias. Accusamus voluptatem eum et accusamus et alias omnis.', 10, 'Eaque sed temporibus neque est quibusdam magnam eum aperiam.', 'Hic consequatur minima molestias qui ex.');
INSERT INTO `main_remark` (`id`, `section_id`, `expert_id`, `date`, `body`, `number`, `link`, `basis`) VALUES (145, 4, 23, '2022-01-13', 'Quis nam quia voluptas eaque sapiente. Quam maiores aut earum delectus distinctio omnis sed. Est temporibus sunt quis sed tempora. Ut quaerat tempore aut magni.', 19, 'Beatae sapiente libero ducimus consequatur et.', 'Sunt sunt ipsam est et et suscipit.');
INSERT INTO `main_remark` (`id`, `section_id`, `expert_id`, `date`, `body`, `number`, `link`, `basis`) VALUES (146, 1, 28, '2021-12-31', 'Officiis in id asperiores non voluptatem eos nihil recusandae. Voluptatum ipsum sint aut quisquam. Voluptas magni vel eaque aperiam.', 12, 'Et doloremque sit ut quia nemo et.', 'Labore atque ut sunt mollitia accusantium.');
INSERT INTO `main_remark` (`id`, `section_id`, `expert_id`, `date`, `body`, `number`, `link`, `basis`) VALUES (147, 3, 13, '2022-01-01', 'Debitis delectus atque saepe dolorem. Qui consequatur doloremque delectus maiores in dolorum et. Quia velit repellendus necessitatibus beatae est facilis. Alias doloribus omnis est quia eius.', 19, 'Ducimus minima voluptatem incidunt dolorum velit quas in ut.', 'Nesciunt harum soluta temporibus hic voluptatem.');
INSERT INTO `main_remark` (`id`, `section_id`, `expert_id`, `date`, `body`, `number`, `link`, `basis`) VALUES (148, 10, 6, '2022-01-14', 'Eius sunt nostrum sunt et optio nemo. Rerum necessitatibus molestias soluta aut. Exercitationem ducimus voluptatem molestiae.', 7, 'Corporis asperiores id eos quaerat non voluptatem et.', 'Alias quo ipsum tempore porro sunt nulla.');
INSERT INTO `main_remark` (`id`, `section_id`, `expert_id`, `date`, `body`, `number`, `link`, `basis`) VALUES (149, 12, 15, '2021-12-21', 'Ipsum voluptatem aperiam repellat temporibus eveniet. Non quo voluptatem excepturi non nemo non. Voluptatem architecto voluptate ipsa quod voluptas at et. Eum quia voluptas suscipit dolorum.', 16, 'Rem aut consequatur quos.', 'Occaecati earum nisi amet quasi.');
INSERT INTO `main_remark` (`id`, `section_id`, `expert_id`, `date`, `body`, `number`, `link`, `basis`) VALUES (150, 12, 20, '2022-01-06', 'Recusandae omnis ipsam velit voluptas impedit laudantium. Reiciendis nemo dolores nesciunt qui voluptatem. Enim laudantium quia soluta at est. Sint cumque nobis nostrum quo consequatur id.', 4, 'Cupiditate eaque vero rerum dolores culpa incidunt nihil.', 'Modi aut rem minus pariatur incidunt.');
