INSERT INTO `user_user` (`id`, `password`, `last_login`, `is_superuser`, `username`, `first_name`, `last_name`, `email`, `is_staff`, `is_active`, `date_joined`, `image`, `patronymic`, `phone`) VALUES (2, 'cbfad1d704ad2fa6c1927b0450ec39230afc2866', '2022-01-06 18:48:32', 0, 'thoradamore', 'Karolann', 'Buckridge', 'dubuque.ned@example.net', 0, 0, '2021-10-01 21:51:35', '', 'Sidney', '79348907151');
INSERT INTO `user_user` (`id`, `password`, `last_login`, `is_superuser`, `username`, `first_name`, `last_name`, `email`, `is_staff`, `is_active`, `date_joined`, `image`, `patronymic`, `phone`) VALUES (3, 'aa9ab78dd7c8ccbdf2d5a321373f233286b0f23c', '2022-01-01 23:55:15', 0, 'stark.ariel', 'Meghan', 'OKeefe', 'valtenwerth@example.com', 0, 0, '2021-05-25 13:59:38', 'http://lorempixel.com/640/480/', 'Alec', '79631983745');
INSERT INTO `user_user` (`id`, `password`, `last_login`, `is_superuser`, `username`, `first_name`, `last_name`, `email`, `is_staff`, `is_active`, `date_joined`, `image`, `patronymic`, `phone`) VALUES (4, '024ae7de55cd72fdf3f2e4226e0ca1e1710edb2f', '2021-12-28 23:54:26', 0, 'okuneva.john', 'Cletus', 'Terry', 'haven.damore@example.org', 0, 0, '2021-01-27 11:22:56', '', 'Jamar', '79250121090');
INSERT INTO `user_user` (`id`, `password`, `last_login`, `is_superuser`, `username`, `first_name`, `last_name`, `email`, `is_staff`, `is_active`, `date_joined`, `image`, `patronymic`, `phone`) VALUES (5, '9160fd11909487e890dda9a51778d2fa90768a7b', '2022-01-10 15:22:00', 0, 'cale53', 'Audrey', 'Anderson', 'ycronin@example.net', 0, 0, '2021-03-17 08:52:10', 'http://lorempixel.com/640/480/', 'Hank', '79504310533');
INSERT INTO `user_user` (`id`, `password`, `last_login`, `is_superuser`, `username`, `first_name`, `last_name`, `email`, `is_staff`, `is_active`, `date_joined`, `image`, `patronymic`, `phone`) VALUES (6, '5632e98ef9b9f7337d6ab70a64c260e167bb778c', '2021-12-29 13:28:57', 0, 'ilittle', 'Duncan', 'OConnell', 'garnet.weissnat@example.org', 0, 0, '2021-12-09 11:09:38', '', 'Kevin', '79179183118');
INSERT INTO `user_user` (`id`, `password`, `last_login`, `is_superuser`, `username`, `first_name`, `last_name`, `email`, `is_staff`, `is_active`, `date_joined`, `image`, `patronymic`, `phone`) VALUES (7, '25d10abb3beda2e61a8a1bbb69304c80e0ccff30', '2022-01-11 09:18:23', 0, 'carmelo39', 'Mollie', 'Roob', 'graciela56@example.net', 0, 0, '2021-02-16 19:56:13', '', 'Guiseppe', '79601582260');
INSERT INTO `user_user` (`id`, `password`, `last_login`, `is_superuser`, `username`, `first_name`, `last_name`, `email`, `is_staff`, `is_active`, `date_joined`, `image`, `patronymic`, `phone`) VALUES (8, 'a622cb310d603fff1a594e082bef02dd2b3b632d', '2022-01-09 00:15:47', 0, 'sabina.kunde', 'Estrella', 'Willms', 'carson.mitchell@example.org', 0, 0, '2021-09-04 01:23:25', 'http://lorempixel.com/640/480/', 'Vidal', '79272143038');
INSERT INTO `user_user` (`id`, `password`, `last_login`, `is_superuser`, `username`, `first_name`, `last_name`, `email`, `is_staff`, `is_active`, `date_joined`, `image`, `patronymic`, `phone`) VALUES (9, '8f3e3374f3b173a5afcb40a3c7c0fa6c95c1ce68', '2022-01-04 15:35:36', 0, 'emmett12', 'Lina', 'Klein', 'monte71@example.org', 0, 0, '2021-12-22 12:37:35', 'http://lorempixel.com/640/480/', 'Israel', '79457191192');
INSERT INTO `user_user` (`id`, `password`, `last_login`, `is_superuser`, `username`, `first_name`, `last_name`, `email`, `is_staff`, `is_active`, `date_joined`, `image`, `patronymic`, `phone`) VALUES (10, '56e56e42dae494704a22318d1c4542c3e5685241', '2021-12-14 18:47:07', 0, 'murray50', 'Wilhelm', 'Altenwerth', 'reinhold.dickens@example.org', 0, 0, '2021-04-02 00:57:05', 'http://lorempixel.com/640/480/', 'Vaughn', '79994889202');
INSERT INTO `user_user` (`id`, `password`, `last_login`, `is_superuser`, `username`, `first_name`, `last_name`, `email`, `is_staff`, `is_active`, `date_joined`, `image`, `patronymic`, `phone`) VALUES (11, '519310352376686fa4389ff00be39c72c5c73a52', '2021-12-14 04:54:26', 0, 'ruben36', 'Ariel', 'McLaughlin', 'kelvin.johnson@example.org', 0, 0, '2021-12-17 16:05:52', 'http://lorempixel.com/640/480/', 'Cordelia', '79239587349');
INSERT INTO `user_user` (`id`, `password`, `last_login`, `is_superuser`, `username`, `first_name`, `last_name`, `email`, `is_staff`, `is_active`, `date_joined`, `image`, `patronymic`, `phone`) VALUES (12, 'b82d733eee345e678c8dfe6492c2311dbd9bbde8', '2022-01-01 03:19:18', 0, 'horacio43', 'Jadyn', 'Connelly', 'dibbert.coleman@example.net', 0, 0, '2021-07-08 11:00:03', 'http://lorempixel.com/640/480/', 'Ansel', '79923509290');
INSERT INTO `user_user` (`id`, `password`, `last_login`, `is_superuser`, `username`, `first_name`, `last_name`, `email`, `is_staff`, `is_active`, `date_joined`, `image`, `patronymic`, `phone`) VALUES (13, '2987eda0c8f554d56c52b8c2537a964df925bad1', '2022-01-09 07:05:11', 0, 'brain.zboncak', 'Kariane', 'Lowe', 'jaida64@example.net', 0, 0, '2021-02-08 22:27:24', 'http://lorempixel.com/640/480/', 'Arnold', '79708412477');
INSERT INTO `user_user` (`id`, `password`, `last_login`, `is_superuser`, `username`, `first_name`, `last_name`, `email`, `is_staff`, `is_active`, `date_joined`, `image`, `patronymic`, `phone`) VALUES (14, '90f0235e3a94bb53544614a7c2a34af5ac9edf04', '2022-01-11 06:08:39', 0, 'oliver.wisozk', 'Claire', 'Purdy', 'werner.balistreri@example.com', 0, 0, '2021-10-06 03:53:26', '', 'Reyes', '79146976512');
INSERT INTO `user_user` (`id`, `password`, `last_login`, `is_superuser`, `username`, `first_name`, `last_name`, `email`, `is_staff`, `is_active`, `date_joined`, `image`, `patronymic`, `phone`) VALUES (15, 'c7ccbe273ee0242e543bb143939fa56ab07f6c5c', '2021-12-29 01:08:18', 0, 'hhyatt', 'Delia', 'Mante', 'emory.haley@example.com', 0, 0, '2022-01-03 03:45:29', '', 'Frederick', '79365215462');
INSERT INTO `user_user` (`id`, `password`, `last_login`, `is_superuser`, `username`, `first_name`, `last_name`, `email`, `is_staff`, `is_active`, `date_joined`, `image`, `patronymic`, `phone`) VALUES (16, '8db3832d2af2afa7bfaacdcbb92caf19e6176387', '2021-12-20 18:32:24', 0, 'stamm.cary', 'Abdullah', 'Schulist', 'wfunk@example.net', 0, 0, '2021-07-20 12:02:46', 'http://lorempixel.com/640/480/', 'Riley', '79981380965');
INSERT INTO `user_user` (`id`, `password`, `last_login`, `is_superuser`, `username`, `first_name`, `last_name`, `email`, `is_staff`, `is_active`, `date_joined`, `image`, `patronymic`, `phone`) VALUES (17, 'c6d8f61e8fe52e502e2d9df9f49a5c23bae07ae5', '2021-12-22 04:48:32', 0, 'pfannerstill.shanelle', 'Arlo', 'White', 'tmayert@example.org', 0, 0, '2021-08-25 18:59:42', '', 'Ewell', '79879624632');
INSERT INTO `user_user` (`id`, `password`, `last_login`, `is_superuser`, `username`, `first_name`, `last_name`, `email`, `is_staff`, `is_active`, `date_joined`, `image`, `patronymic`, `phone`) VALUES (18, '777374d1c3e72d0fcc837ade3ac0caa803636714', '2022-01-11 07:03:46', 0, 'kaylah.rath', 'Mozell', 'Daugherty', 'rlubowitz@example.com', 0, 0, '2021-05-10 13:25:00', '', 'Scottie', '79801188766');
INSERT INTO `user_user` (`id`, `password`, `last_login`, `is_superuser`, `username`, `first_name`, `last_name`, `email`, `is_staff`, `is_active`, `date_joined`, `image`, `patronymic`, `phone`) VALUES (19, '7cc4652d6038a52edfe8e2364a17885f00dd2f0a', '2021-12-20 00:16:56', 0, 'austen.block', 'Mauricio', 'Schinner', 'maudie16@example.com', 0, 0, '2021-12-05 18:33:24', 'http://lorempixel.com/640/480/', 'Don', '79123453988');
INSERT INTO `user_user` (`id`, `password`, `last_login`, `is_superuser`, `username`, `first_name`, `last_name`, `email`, `is_staff`, `is_active`, `date_joined`, `image`, `patronymic`, `phone`) VALUES (20, '7856f3c776de2b4574e6f29b9da7802005f6eeed', '2021-12-30 00:27:15', 0, 'gorczany.alisha', 'Doyle', 'Littel', 'hershel.stroman@example.net', 0, 0, '2021-08-02 08:05:19', '', 'Otho', '79570894070');
INSERT INTO `user_user` (`id`, `password`, `last_login`, `is_superuser`, `username`, `first_name`, `last_name`, `email`, `is_staff`, `is_active`, `date_joined`, `image`, `patronymic`, `phone`) VALUES (21, '71c0d7e6179286958e50c27789149e1ab0da6580', '2021-12-21 23:45:09', 0, 'gkreiger', 'Paula', 'VonRueden', 'chandler78@example.net', 0, 0, '2022-01-06 22:52:39', '', 'Demetrius', '79334615659');
INSERT INTO `user_user` (`id`, `password`, `last_login`, `is_superuser`, `username`, `first_name`, `last_name`, `email`, `is_staff`, `is_active`, `date_joined`, `image`, `patronymic`, `phone`) VALUES (22, '636b9dafabc436087046732209ce1b8892516ac6', '2022-01-01 22:08:40', 0, 'fcorwin', 'Alexie', 'Collier', 'sgottlieb@example.org', 0, 0, '2021-01-28 19:07:48', '', 'Tanner', '79336529244');
INSERT INTO `user_user` (`id`, `password`, `last_login`, `is_superuser`, `username`, `first_name`, `last_name`, `email`, `is_staff`, `is_active`, `date_joined`, `image`, `patronymic`, `phone`) VALUES (23, '06fac3e3fa980ce1081f859242bb3ba284192909', '2021-12-16 21:03:37', 0, 'micaela74', 'Dorian', 'Marquardt', 'rylee.considine@example.net', 0, 0, '2021-02-12 10:38:53', '', 'Bailey', '79155663488');
INSERT INTO `user_user` (`id`, `password`, `last_login`, `is_superuser`, `username`, `first_name`, `last_name`, `email`, `is_staff`, `is_active`, `date_joined`, `image`, `patronymic`, `phone`) VALUES (24, 'dfe1122127e8fe4c8fa75f74c46e9a594b98faba', '2022-01-05 09:06:57', 0, 'frankie.schmitt', 'Earlene', 'Bashirian', 'krajcik.tre@example.org', 0, 0, '2021-07-06 07:25:44', '', 'Jordan', '79613959003');
INSERT INTO `user_user` (`id`, `password`, `last_login`, `is_superuser`, `username`, `first_name`, `last_name`, `email`, `is_staff`, `is_active`, `date_joined`, `image`, `patronymic`, `phone`) VALUES (25, 'c6702216903e263e81045bc9f9a426f41f8ac14e', '2021-12-26 10:56:25', 0, 'gene.schaefer', 'Linnie', 'Flatley', 'destiny65@example.net', 0, 0, '2021-12-12 14:30:53', 'http://lorempixel.com/640/480/', 'Adolphus', '79739502975');
INSERT INTO `user_user` (`id`, `password`, `last_login`, `is_superuser`, `username`, `first_name`, `last_name`, `email`, `is_staff`, `is_active`, `date_joined`, `image`, `patronymic`, `phone`) VALUES (26, 'ae0aacb8835aaffca32758a38f573234ce2f55bf', '2021-12-28 16:50:41', 0, 'leannon.aileen', 'Shawna', 'Koepp', 'ifahey@example.org', 0, 0, '2021-09-15 12:00:22', 'http://lorempixel.com/640/480/', 'Tate', '79932231241');
INSERT INTO `user_user` (`id`, `password`, `last_login`, `is_superuser`, `username`, `first_name`, `last_name`, `email`, `is_staff`, `is_active`, `date_joined`, `image`, `patronymic`, `phone`) VALUES (27, 'a83b9822a3ea4016f6149692af7fe971be0e6923', '2021-12-14 14:53:30', 0, 'dallin23', 'Marilou', 'Gerlach', 'simeon.kemmer@example.net', 0, 0, '2021-05-10 18:37:43', '', 'Owen', '79983161388');
INSERT INTO `user_user` (`id`, `password`, `last_login`, `is_superuser`, `username`, `first_name`, `last_name`, `email`, `is_staff`, `is_active`, `date_joined`, `image`, `patronymic`, `phone`) VALUES (28, 'e2e9c5fe1090c36e1c335fc154cc706c3aa30d44', '2021-12-20 15:47:14', 0, 'pkoepp', 'Saige', 'Friesen', 'strosin.darryl@example.org', 0, 0, '2021-05-21 10:10:38', 'http://lorempixel.com/640/480/', 'Gonzalo', '79926677043');
INSERT INTO `user_user` (`id`, `password`, `last_login`, `is_superuser`, `username`, `first_name`, `last_name`, `email`, `is_staff`, `is_active`, `date_joined`, `image`, `patronymic`, `phone`) VALUES (29, 'a7c2935de3b0f5e3d550351541a03137b2d00be3', '2021-12-18 19:50:15', 0, 'qbatz', 'Constance', 'Block', 'kiehn.lee@example.com', 0, 0, '2021-04-30 03:01:11', '', 'Freddy', '79606080202');
INSERT INTO `user_user` (`id`, `password`, `last_login`, `is_superuser`, `username`, `first_name`, `last_name`, `email`, `is_staff`, `is_active`, `date_joined`, `image`, `patronymic`, `phone`) VALUES (30, '37365a8c19ca49053ea0151588d8f4d8f66b0e28', '2022-01-10 14:48:35', 0, 'edmond.hermann', 'Aaron', 'Larson', 'verdie.dickinson@example.org', 0, 0, '2021-08-11 13:56:33', 'http://lorempixel.com/640/480/', 'Diamond', '79698792530');
INSERT INTO `user_company` (`id`, `name`, `phone`, `email`, `manager_id`) VALUES (1, 'voluptas', '79978982435', 'seth96@example.net', 1);
INSERT INTO `user_company` (`id`, `name`, `phone`, `email`, `manager_id`) VALUES (2, 'accusantium', '79987264765', 'ellsworth10@example.com', 4);
INSERT INTO `user_company` (`id`, `name`, `phone`, `email`, `manager_id`) VALUES (3, 'nesciunt', '79514835384', 'shansen@example.org', 2);
INSERT INTO `user_company` (`id`, `name`, `phone`, `email`, `manager_id`) VALUES (4, 'nemo', '79745736673', 'marianna11@example.net', 15);
INSERT INTO `user_company` (`id`, `name`, `phone`, `email`, `manager_id`) VALUES (5, 'quae', '79444215131', 'mparker@example.org', 19);
INSERT INTO `user_company` (`id`, `name`, `phone`, `email`, `manager_id`) VALUES (6, 'commodi', '79103943167', 'tyra.ernser@example.com', 22);
INSERT INTO `user_company` (`id`, `name`, `phone`, `email`, `manager_id`) VALUES (7, 'dignissimos', '79558826464', 'caroline.dickinson@example.net', 9);
INSERT INTO `user_company` (`id`, `name`, `phone`, `email`, `manager_id`) VALUES (8, 'ut', '79154483946', 'rhett.hahn@example.com', 8);
INSERT INTO `user_company` (`id`, `name`, `phone`, `email`, `manager_id`) VALUES (9, 'cupiditate', '79974147844', 'krystal.lehner@example.net', 10);
INSERT INTO `user_company` (`id`, `name`, `phone`, `email`, `manager_id`) VALUES (10, 'est', '79317873344', 'hoeger.claude@example.net', 2);
INSERT INTO `user_usercompanyinfo` (`id`, `department`, `expert`, `chief_project_engineer`, `assistant`, `user_id`, `company_id`) VALUES (1, 'voluptatem', 1, 1, 1, 1, 7);
INSERT INTO `user_usercompanyinfo` (`id`, `department`, `expert`, `chief_project_engineer`, `assistant`, `user_id`, `company_id`) VALUES (2, 'vel', 0, 1, 1, 2, 6);
INSERT INTO `user_usercompanyinfo` (`id`, `department`, `expert`, `chief_project_engineer`, `assistant`, `user_id`, `company_id`) VALUES (3, 'praesentium', 0, 1, 0, 3, 7);
INSERT INTO `user_usercompanyinfo` (`id`, `department`, `expert`, `chief_project_engineer`, `assistant`, `user_id`, `company_id`) VALUES (4, 'quia', 1, 0, 0, 4, 4);
INSERT INTO `user_usercompanyinfo` (`id`, `department`, `expert`, `chief_project_engineer`, `assistant`, `user_id`, `company_id`) VALUES (5, 'soluta', 0, 0, 1, 5, 3);
INSERT INTO `user_usercompanyinfo` (`id`, `department`, `expert`, `chief_project_engineer`, `assistant`, `user_id`, `company_id`) VALUES (6, 'eum', 0, 0, 1, 6, 6);
INSERT INTO `user_usercompanyinfo` (`id`, `department`, `expert`, `chief_project_engineer`, `assistant`, `user_id`, `company_id`) VALUES (7, 'inventore', 0, 1, 0, 7, 9);
INSERT INTO `user_usercompanyinfo` (`id`, `department`, `expert`, `chief_project_engineer`, `assistant`, `user_id`, `company_id`) VALUES (8, 'nisi', 1, 1, 0, 8, 4);
INSERT INTO `user_usercompanyinfo` (`id`, `department`, `expert`, `chief_project_engineer`, `assistant`, `user_id`, `company_id`) VALUES (9, 'exercitationem', 1, 0, 1, 9, 8);
INSERT INTO `user_usercompanyinfo` (`id`, `department`, `expert`, `chief_project_engineer`, `assistant`, `user_id`, `company_id`) VALUES (10, 'numquam', 0, 0, 1, 10, 3);
INSERT INTO `user_usercompanyinfo` (`id`, `department`, `expert`, `chief_project_engineer`, `assistant`, `user_id`, `company_id`) VALUES (11, 'rem', 1, 1, 0, 11, 6);
INSERT INTO `user_usercompanyinfo` (`id`, `department`, `expert`, `chief_project_engineer`, `assistant`, `user_id`, `company_id`) VALUES (12, 'fugit', 1, 0, 0, 12, 4);
INSERT INTO `user_usercompanyinfo` (`id`, `department`, `expert`, `chief_project_engineer`, `assistant`, `user_id`, `company_id`) VALUES (13, 'nobis', 1, 1, 1, 13, 10);
INSERT INTO `user_usercompanyinfo` (`id`, `department`, `expert`, `chief_project_engineer`, `assistant`, `user_id`, `company_id`) VALUES (14, 'deserunt', 0, 0, 0, 14, 6);
INSERT INTO `user_usercompanyinfo` (`id`, `department`, `expert`, `chief_project_engineer`, `assistant`, `user_id`, `company_id`) VALUES (15, 'et', 1, 0, 1, 15, 4);
INSERT INTO `user_usercompanyinfo` (`id`, `department`, `expert`, `chief_project_engineer`, `assistant`, `user_id`, `company_id`) VALUES (16, 'dolor', 1, 1, 0, 16, 1);
INSERT INTO `user_usercompanyinfo` (`id`, `department`, `expert`, `chief_project_engineer`, `assistant`, `user_id`, `company_id`) VALUES (17, 'ea', 0, 1, 0, 17, 6);
INSERT INTO `user_usercompanyinfo` (`id`, `department`, `expert`, `chief_project_engineer`, `assistant`, `user_id`, `company_id`) VALUES (18, 'est', 0, 0, 1, 18, 9);
INSERT INTO `user_usercompanyinfo` (`id`, `department`, `expert`, `chief_project_engineer`, `assistant`, `user_id`, `company_id`) VALUES (19, 'eum', 0, 1, 1, 19, 6);
INSERT INTO `user_usercompanyinfo` (`id`, `department`, `expert`, `chief_project_engineer`, `assistant`, `user_id`, `company_id`) VALUES (20, 'id', 1, 0, 1, 20, 5);
INSERT INTO `user_usercompanyinfo` (`id`, `department`, `expert`, `chief_project_engineer`, `assistant`, `user_id`, `company_id`) VALUES (21, 'et', 0, 1, 1, 21, 1);
INSERT INTO `user_usercompanyinfo` (`id`, `department`, `expert`, `chief_project_engineer`, `assistant`, `user_id`, `company_id`) VALUES (22, 'et', 0, 0, 1, 22, 6);
INSERT INTO `user_usercompanyinfo` (`id`, `department`, `expert`, `chief_project_engineer`, `assistant`, `user_id`, `company_id`) VALUES (23, 'dolores', 1, 1, 1, 23, 2);
INSERT INTO `user_usercompanyinfo` (`id`, `department`, `expert`, `chief_project_engineer`, `assistant`, `user_id`, `company_id`) VALUES (24, 'blanditiis', 1, 0, 0, 24, 8);
INSERT INTO `user_usercompanyinfo` (`id`, `department`, `expert`, `chief_project_engineer`, `assistant`, `user_id`, `company_id`) VALUES (25, 'voluptas', 1, 0, 0, 25, 3);
INSERT INTO `user_usercompanyinfo` (`id`, `department`, `expert`, `chief_project_engineer`, `assistant`, `user_id`, `company_id`) VALUES (26, 'harum', 1, 0, 0, 26, 5);
INSERT INTO `user_usercompanyinfo` (`id`, `department`, `expert`, `chief_project_engineer`, `assistant`, `user_id`, `company_id`) VALUES (27, 'odio', 0, 0, 1, 27, 7);
INSERT INTO `user_usercompanyinfo` (`id`, `department`, `expert`, `chief_project_engineer`, `assistant`, `user_id`, `company_id`) VALUES (28, 'deleniti', 1, 1, 1, 28, 4);
INSERT INTO `user_usercompanyinfo` (`id`, `department`, `expert`, `chief_project_engineer`, `assistant`, `user_id`, `company_id`) VALUES (29, 'aperiam', 0, 1, 1, 29, 2);
INSERT INTO `user_usercompanyinfo` (`id`, `department`, `expert`, `chief_project_engineer`, `assistant`, `user_id`, `company_id`) VALUES (30, 'et', 0, 1, 1, 30, 9);
INSERT INTO `main_project` (`id`, `name`, `created_at`, `exp_date`, `next_upload`, `admin_id`, `code`) VALUES (1, 'libero', '2021-11-03 11:20:07', '2022-01-08', '2022-01-09', 1, '18-06/2021');
INSERT INTO `main_project` (`id`, `name`, `created_at`, `exp_date`, `next_upload`, `admin_id`, `code`) VALUES (2, 'totam', '2021-12-07 00:48:55', '2021-12-14', '2021-12-17', 2, '03-01/2020');
INSERT INTO `main_project` (`id`, `name`, `created_at`, `exp_date`, `next_upload`, `admin_id`, `code`) VALUES (3, 'eveniet', '2021-07-24 23:54:46', '2022-01-09', '2021-12-18', 3, '14-05/2019');
INSERT INTO `main_section` (`id`, `name`, `company_id`, `responsible_id`, `project_id`) VALUES (1, 'aut', 9, 1, 1);
INSERT INTO `main_section` (`id`, `name`, `company_id`, `responsible_id`, `project_id`) VALUES (2, 'maxime', 8, 2, 1);
INSERT INTO `main_section` (`id`, `name`, `company_id`, `responsible_id`, `project_id`) VALUES (3, 'debitis', 7, 18, 1);
INSERT INTO `main_section` (`id`, `name`, `company_id`, `responsible_id`, `project_id`) VALUES (4, 'architecto', 3, 30, 1);
INSERT INTO `main_section` (`id`, `name`, `company_id`, `responsible_id`, `project_id`) VALUES (5, 'animi', 2, 28, 1);
INSERT INTO `main_section` (`id`, `name`, `company_id`, `responsible_id`, `project_id`) VALUES (6, 'in', 2, 18, 2);
INSERT INTO `main_section` (`id`, `name`, `company_id`, `responsible_id`, `project_id`) VALUES (7, 'beatae', 8, 8, 1);
INSERT INTO `main_section` (`id`, `name`, `company_id`, `responsible_id`, `project_id`) VALUES (8, 'doloremque', 7, 3, 2);
INSERT INTO `main_section` (`id`, `name`, `company_id`, `responsible_id`, `project_id`) VALUES (9, 'doloremque', 5, 30, 1);
INSERT INTO `main_section` (`id`, `name`, `company_id`, `responsible_id`, `project_id`) VALUES (10, 'sit', 9, 22, 1);
INSERT INTO `main_section` (`id`, `name`, `company_id`, `responsible_id`, `project_id`) VALUES (11, 'sint', 7, 13, 2);
INSERT INTO `main_section` (`id`, `name`, `company_id`, `responsible_id`, `project_id`) VALUES (12, 'magni', 6, 24, 1);
INSERT INTO `main_section` (`id`, `name`, `company_id`, `responsible_id`, `project_id`) VALUES (13, 'explicabo', 7, 1, 1);
INSERT INTO `main_section` (`id`, `name`, `company_id`, `responsible_id`, `project_id`) VALUES (14, 'a', 7, 25, 1);
INSERT INTO `main_section` (`id`, `name`, `company_id`, `responsible_id`, `project_id`) VALUES (15, 'quia', 1, 27, 2);
INSERT INTO `main_document` (`id`, `name`, `doc_path`, `section_id`, `version`, `variation`, `md5`, `status`, `created_at`, `note`) VALUES (1, 'optio', 'text/x-vcard', 15, 1, 0, '67cf29dd70a4533488444346967c5993', 'qui', '2021-12-20 07:18:48', 'Est molestiae ad architecto iusto iste. Enim aperiam dolor possimus odit eius inventore omnis commodi. Quos modi corrupti cum qu');
INSERT INTO `main_document` (`id`, `name`, `doc_path`, `section_id`, `version`, `variation`, `md5`, `status`, `created_at`, `note`) VALUES (2, 'unde', 'video/h264', 4, 2, 2, '430420dcf9c1f1e3c9afae91679153b5', 'ratione', '2022-01-09 19:07:57', 'Excepturi asperiores aut ut dignissimos laudantium id molestiae. Ex dignissimos officia perferendis quod iusto. Laudantium ipsum');
INSERT INTO `main_document` (`id`, `name`, `doc_path`, `section_id`, `version`, `variation`, `md5`, `status`, `created_at`, `note`) VALUES (3, 'asperiores', 'application/vnd.dolby.mlp', 9, 2, 1, 'f53ad54f757505452e30bfdc472aafba', 'accusamus', '2022-01-08 23:31:26', 'Quasi eum perferendis velit aut nihil ullam. Delectus voluptatum quam quo est. Enim et qui libero architecto.');
INSERT INTO `main_document` (`id`, `name`, `doc_path`, `section_id`, `version`, `variation`, `md5`, `status`, `created_at`, `note`) VALUES (4, 'hic', 'application/vnd.fdsn.mseed', 15, 2, 1, '3d4c19e9ff5a21bd767c635ac068bb26', 'ea', '2021-12-19 09:44:58', 'Quaerat quia inventore perferendis asperiores ab rerum voluptatem et. Perferendis doloribus quasi nulla et cum non. Est a a quas');
INSERT INTO `main_document` (`id`, `name`, `doc_path`, `section_id`, `version`, `variation`, `md5`, `status`, `created_at`, `note`) VALUES (5, 'earum', 'text/x-setext', 5, 2, 0, '3f819fa0f4f0f7ae0dfab3808aa30e36', 'voluptas', '2021-12-24 08:23:17', 'Delectus accusantium quos eum ex vel sapiente tenetur. Enim adipisci qui itaque in quia ad laborum. Placeat quisquam accusamus e');
INSERT INTO `main_document` (`id`, `name`, `doc_path`, `section_id`, `version`, `variation`, `md5`, `status`, `created_at`, `note`) VALUES (6, 'nihil', 'text/vnd.fmi.flexstor', 15, 1, 2, '4b6e6271b948a0328174c9e06fb835b1', 'commodi', '2022-01-07 21:13:13', 'Accusamus sint atque consequatur saepe. Excepturi vero asperiores unde. Odio sit quis animi provident.');
INSERT INTO `main_document` (`id`, `name`, `doc_path`, `section_id`, `version`, `variation`, `md5`, `status`, `created_at`, `note`) VALUES (7, 'quam', 'text/x-fortran', 14, 2, 0, 'c1d95806f4fefc9ff204e7a2346f2053', 'ea', '2021-12-30 16:30:32', 'Nemo similique suscipit harum aliquam excepturi. Similique ea consequatur qui molestiae autem. Voluptates occaecati ea accusanti');
INSERT INTO `main_document` (`id`, `name`, `doc_path`, `section_id`, `version`, `variation`, `md5`, `status`, `created_at`, `note`) VALUES (8, 'praesentium', 'application/x-font-ttf', 14, 1, 2, '79a2710494d9150bbb28292274eda1ea', 'libero', '2022-01-13 01:41:53', 'Et facere itaque sed corporis. Vero et est deleniti omnis cupiditate accusamus. Libero quos blanditiis cupiditate et dolor repud');
INSERT INTO `main_document` (`id`, `name`, `doc_path`, `section_id`, `version`, `variation`, `md5`, `status`, `created_at`, `note`) VALUES (9, 'commodi', 'application/vnd.recordare.musicxml+xml', 1, 3, 0, '47c342e0a30d6eff55fba4fdd98d111a', 'ratione', '2021-12-19 11:25:46', 'Harum debitis vero et alias qui consectetur dolor et. Repellat et impedit natus alias voluptatum id vel. Facilis inventore ut et');
INSERT INTO `main_document` (`id`, `name`, `doc_path`, `section_id`, `version`, `variation`, `md5`, `status`, `created_at`, `note`) VALUES (10, 'fuga', 'application/vnd.shana.informed.formtemplate', 14, 3, 2, '373e2ce8e43ba723ce0834c00a11484d', 'expedita', '2021-12-29 02:38:11', 'Iusto eos distinctio facere libero. Dolorem aliquam quo optio quam aut possimus. Vel sapiente officia aperiam nam iusto.');
INSERT INTO `main_document` (`id`, `name`, `doc_path`, `section_id`, `version`, `variation`, `md5`, `status`, `created_at`, `note`) VALUES (11, 'soluta', 'video/jpeg', 5, 2, 0, '85e4ec9ee7679fdcb42802c6117d7ad1', 'repellat', '2022-01-11 19:18:06', 'Natus labore quia earum fugit. Voluptatem vel non est.');
INSERT INTO `main_document` (`id`, `name`, `doc_path`, `section_id`, `version`, `variation`, `md5`, `status`, `created_at`, `note`) VALUES (12, 'reiciendis', 'text/troff', 13, 2, 1, 'b2d5bfdfd40e385dd46bba3c198a8438', 'exercitationem', '2022-01-13 05:25:32', 'Commodi repellat maxime cumque ipsa non. Sequi quibusdam in sunt voluptatem amet a. Doloribus delectus asperiores voluptatem ips');
INSERT INTO `main_document` (`id`, `name`, `doc_path`, `section_id`, `version`, `variation`, `md5`, `status`, `created_at`, `note`) VALUES (13, 'neque', 'application/vnd.ms-officetheme', 12, 1, 2, 'a034df597c51be631d9a4d84a45630ad', 'rem', '2022-01-09 15:19:31', 'Rerum iusto reiciendis autem sint qui. Repellendus quibusdam et commodi molestiae deleniti ut error enim. Voluptatem consectetur');
INSERT INTO `main_document` (`id`, `name`, `doc_path`, `section_id`, `version`, `variation`, `md5`, `status`, `created_at`, `note`) VALUES (14, 'omnis', 'model/x3d+vrml', 9, 2, 1, 'b25f4e1a0702cde6ba2f71adac46269a', 'aut', '2022-01-11 19:31:31', 'Aperiam officia atque dolores dolor porro in. Ipsum cumque ullam ea mollitia. Fugiat quo autem ad quo.');
INSERT INTO `main_document` (`id`, `name`, `doc_path`, `section_id`, `version`, `variation`, `md5`, `status`, `created_at`, `note`) VALUES (15, 'et', 'application/mods+xml', 8, 2, 2, '9bec1cb08c482c7c6bb265c8241c5b33', 'non', '2021-12-15 14:55:30', 'Aut similique iste similique sed aperiam ea qui. Est aut vel assumenda voluptas et incidunt. Expedita nisi voluptatibus officia ');
INSERT INTO `main_document` (`id`, `name`, `doc_path`, `section_id`, `version`, `variation`, `md5`, `status`, `created_at`, `note`) VALUES (16, 'voluptas', 'application/x-gtar', 11, 1, 1, '656591229b246b5e2c14a475ae598dc9', 'quibusdam', '2021-12-14 03:01:35', 'Explicabo voluptatem eligendi mollitia ut laborum neque. Eligendi soluta et voluptatum alias omnis asperiores et. Ab provident o');
INSERT INTO `main_document` (`id`, `name`, `doc_path`, `section_id`, `version`, `variation`, `md5`, `status`, `created_at`, `note`) VALUES (17, 'rerum', 'application/vnd.ecowin.chart', 11, 3, 2, 'c8bc4e457bd191014f296ece4bac1716', 'autem', '2022-01-01 23:06:47', 'Repellat veniam culpa dolorem sapiente nam ex. Occaecati sit facilis nemo dolores ut blanditiis adipisci. Illum doloribus ea ea ');
INSERT INTO `main_document` (`id`, `name`, `doc_path`, `section_id`, `version`, `variation`, `md5`, `status`, `created_at`, `note`) VALUES (18, 'rerum', 'application/pkix-pkipath', 5, 2, 1, '3c53feb420b1cee1c52fb5cab309399e', 'velit', '2021-12-25 04:22:43', 'Praesentium distinctio officiis neque sit iusto et. Eum iure cupiditate maiores architecto. Unde vitae reiciendis facere aut et.');
INSERT INTO `main_document` (`id`, `name`, `doc_path`, `section_id`, `version`, `variation`, `md5`, `status`, `created_at`, `note`) VALUES (19, 'voluptas', 'application/emma+xml', 10, 3, 1, '5baaa82fb40a3e672212a8c8e9b582ce', 'neque', '2021-12-28 06:28:47', 'Est laudantium et eos numquam dolorem iure voluptas. Et ut provident eum perferendis. Ut ad praesentium velit et.');
INSERT INTO `main_document` (`id`, `name`, `doc_path`, `section_id`, `version`, `variation`, `md5`, `status`, `created_at`, `note`) VALUES (20, 'amet', 'image/prs.btif', 1, 2, 2, '6af2c99c006087da5c311e12a2dafeee', 'vel', '2022-01-04 21:55:58', 'Maxime asperiores iste ea. Fuga praesentium amet atque ipsum nisi blanditiis quo. Sed ullam qui sint.');
INSERT INTO `main_document` (`id`, `name`, `doc_path`, `section_id`, `version`, `variation`, `md5`, `status`, `created_at`, `note`) VALUES (21, 'dolore', 'application/vnd.kde.kontour', 14, 1, 1, '6195d2f52526ede50cbef3f554256bd0', 'alias', '2022-01-02 00:11:10', 'Nemo mollitia dolorem qui saepe commodi et aspernatur voluptatem. Dicta facilis quibusdam sunt cumque incidunt nostrum rerum odi');
INSERT INTO `main_document` (`id`, `name`, `doc_path`, `section_id`, `version`, `variation`, `md5`, `status`, `created_at`, `note`) VALUES (22, 'vero', 'application/vnd.xfdl', 1, 2, 0, 'c759878c05c03ade155ac6c64c6f2b63', 'tempora', '2021-12-29 08:26:42', 'Maxime velit qui vel accusamus et adipisci. Eum non qui sed voluptatem necessitatibus maiores nemo non. Totam ex totam labore su');
INSERT INTO `main_document` (`id`, `name`, `doc_path`, `section_id`, `version`, `variation`, `md5`, `status`, `created_at`, `note`) VALUES (23, 'velit', 'application/x-mscardfile', 7, 3, 2, 'c92c0aeb13f35b200861bd7d492560cc', 'repellat', '2021-12-25 05:02:52', 'Pariatur fuga adipisci blanditiis possimus. Est repellendus est aspernatur ut delectus minima voluptates eius.');
INSERT INTO `main_document` (`id`, `name`, `doc_path`, `section_id`, `version`, `variation`, `md5`, `status`, `created_at`, `note`) VALUES (24, 'vero', 'application/x-rar-compressed', 2, 1, 1, '82f6c4b81fbfe167713bf9feea92f055', 'quod', '2022-01-01 22:28:27', 'Soluta repellat sunt et impedit. Magni vel consequatur neque. Aperiam laborum saepe quis quia facere.');
INSERT INTO `main_document` (`id`, `name`, `doc_path`, `section_id`, `version`, `variation`, `md5`, `status`, `created_at`, `note`) VALUES (25, 'non', 'application/vnd.shana.informed.interchange', 12, 1, 0, '50f2b0299285a97df59f350e54f5e78c', 'possimus', '2021-12-23 12:05:31', 'Repellendus quaerat exercitationem placeat ut. Nobis voluptatem et sed perspiciatis et sapiente. Iure ullam rerum id ut incidunt');
INSERT INTO `main_document` (`id`, `name`, `doc_path`, `section_id`, `version`, `variation`, `md5`, `status`, `created_at`, `note`) VALUES (26, 'esse', 'application/vnd.fluxtime.clip', 15, 1, 0, '035f57d8e6df9eeb08a64b6e0694cb7f', 'consectetur', '2021-12-21 02:40:23', 'Vero unde dolorem ut qui sapiente eos. Quia quam aut ut eos ab qui unde. Id nostrum ut adipisci saepe placeat. Sint in aut id eo');
INSERT INTO `main_document` (`id`, `name`, `doc_path`, `section_id`, `version`, `variation`, `md5`, `status`, `created_at`, `note`) VALUES (27, 'eligendi', 'video/x-f4v', 14, 1, 2, 'dbc8eb921405044dea60c068b914208a', 'excepturi', '2021-12-25 14:09:37', 'Ut voluptas non numquam distinctio in atque inventore minima. Aliquam pariatur aut at harum cumque id. Perferendis beatae dolore');
INSERT INTO `main_document` (`id`, `name`, `doc_path`, `section_id`, `version`, `variation`, `md5`, `status`, `created_at`, `note`) VALUES (28, 'perferendis', 'application/vnd.dolby.mlp', 10, 1, 0, '4aff9f92e33a40d46958bb026ab92642', 'incidunt', '2022-01-02 04:19:35', 'Qui in expedita ullam porro itaque. Perferendis ratione error dolores dolorem. Mollitia voluptatibus rem dignissimos facilis. Di');
INSERT INTO `main_document` (`id`, `name`, `doc_path`, `section_id`, `version`, `variation`, `md5`, `status`, `created_at`, `note`) VALUES (29, 'enim', 'application/vnd.ms-lrm', 3, 1, 1, '25ac1cb98b61ff9ea35633cffc6d398f', 'et', '2021-12-19 15:06:01', 'Cumque nemo voluptatem nostrum aut velit nihil voluptatem. Sint perferendis et sed dolorem. Dolor qui recusandae libero facilis ');
INSERT INTO `main_document` (`id`, `name`, `doc_path`, `section_id`, `version`, `variation`, `md5`, `status`, `created_at`, `note`) VALUES (30, 'ad', 'application/vnd.oasis.opendocument.chart-template', 6, 3, 1, '49babddd7ff6b8daa16306cc0a95eecd', 'eaque', '2022-01-03 04:37:19', 'Et ut fugiat totam similique maiores. Voluptas dolorem ea nemo voluptatum. Facilis qui assumenda non est cumque.');
INSERT INTO `main_document` (`id`, `name`, `doc_path`, `section_id`, `version`, `variation`, `md5`, `status`, `created_at`, `note`) VALUES (31, 'cupiditate', 'video/webm', 14, 3, 0, '3f2d5c8b223c66704093c8aeea844c6b', 'dolor', '2022-01-10 02:28:31', 'Totam officia et facere qui corrupti. Reprehenderit praesentium consequuntur velit exercitationem vitae vero. Praesentium qui ma');
INSERT INTO `main_document` (`id`, `name`, `doc_path`, `section_id`, `version`, `variation`, `md5`, `status`, `created_at`, `note`) VALUES (32, 'consequatur', 'image/vnd.djvu', 11, 1, 1, '0dfb41623d136a2326d6fd011ebe3646', 'atque', '2021-12-14 13:38:32', 'Sed tempora recusandae sunt sunt cum. Et harum sunt omnis ut sint. Voluptatum eum aperiam provident praesentium natus. Fugit aut');
INSERT INTO `main_document` (`id`, `name`, `doc_path`, `section_id`, `version`, `variation`, `md5`, `status`, `created_at`, `note`) VALUES (33, 'repudiandae', 'application/x-subrip', 1, 2, 1, '76770c30e09a63b37f49fd573c660953', 'qui', '2022-01-07 11:06:06', 'Qui autem optio in iste non quis. Ab distinctio aut perferendis veniam consequatur velit. Iusto officiis ea vel doloremque et. C');
INSERT INTO `main_document` (`id`, `name`, `doc_path`, `section_id`, `version`, `variation`, `md5`, `status`, `created_at`, `note`) VALUES (34, 'expedita', 'application/vnd.sus-calendar', 11, 3, 1, '8acdffc2669d46e01d7c6db06186af65', 'eius', '2022-01-01 15:41:11', 'Ipsam tenetur quia fugit consequatur. Tempore dolor suscipit voluptatem aut assumenda et. Explicabo vero ut aut debitis ipsam et');
INSERT INTO `main_document` (`id`, `name`, `doc_path`, `section_id`, `version`, `variation`, `md5`, `status`, `created_at`, `note`) VALUES (35, 'modi', 'application/vnd.ecowin.chart', 11, 1, 1, '3cee0f7de8cd82baa3470eae6a3566da', 'earum', '2022-01-08 04:06:02', 'Ut consequatur qui saepe praesentium perferendis. Recusandae nobis libero rerum sit quibusdam est incidunt. Doloribus ut volupta');
INSERT INTO `main_document` (`id`, `name`, `doc_path`, `section_id`, `version`, `variation`, `md5`, `status`, `created_at`, `note`) VALUES (36, 'hic', 'text/prs.lines.tag', 3, 2, 1, '3c34bf0146cb8068914df5324b68b1e3', 'sint', '2021-12-20 16:27:05', 'Reprehenderit ut omnis consequatur soluta officiis ea. Ducimus voluptatem aut sapiente. Iste vitae nemo voluptatum molestiae. Et');
INSERT INTO `main_document` (`id`, `name`, `doc_path`, `section_id`, `version`, `variation`, `md5`, `status`, `created_at`, `note`) VALUES (37, 'enim', 'image/vnd.ms-modi', 5, 1, 0, '714f54ceb3c4dbfde1ebd205747ecb6c', 'quia', '2021-12-20 20:46:07', 'Maxime vel qui perferendis et totam eum veritatis. Sunt quaerat sed velit at. Iure explicabo quam temporibus quia. Ad dolores pa');
INSERT INTO `main_document` (`id`, `name`, `doc_path`, `section_id`, `version`, `variation`, `md5`, `status`, `created_at`, `note`) VALUES (38, 'atque', 'application/vnd.ms-excel', 4, 2, 1, '95887f96169ccb2519333f752ca72b4d', 'commodi', '2021-12-26 14:38:00', 'Et voluptatum reprehenderit delectus quasi sit velit est eos. Nihil repellat natus animi dolorem eveniet ut omnis saepe. Laudant');
INSERT INTO `main_document` (`id`, `name`, `doc_path`, `section_id`, `version`, `variation`, `md5`, `status`, `created_at`, `note`) VALUES (39, 'eaque', 'application/vnd.igloader', 5, 1, 1, '36fb7f052c44d2f730cd7ddb1d4b8559', 'non', '2021-12-31 06:35:49', 'Rerum ex qui quis est temporibus corrupti. Tempore libero laboriosam voluptatum qui maxime facilis. Voluptatem in nisi explicabo');
INSERT INTO `main_document` (`id`, `name`, `doc_path`, `section_id`, `version`, `variation`, `md5`, `status`, `created_at`, `note`) VALUES (40, 'possimus', 'text/prs.lines.tag', 7, 3, 2, '63bd676d589596eb91c3d1f27bb07224', 'neque', '2021-12-21 15:35:47', 'Aliquam ad est totam officiis consequuntur et nesciunt. Numquam qui accusantium ipsam corrupti asperiores sunt. Nam soluta quae ');
INSERT INTO `main_document` (`id`, `name`, `doc_path`, `section_id`, `version`, `variation`, `md5`, `status`, `created_at`, `note`) VALUES (41, 'qui', 'model/vnd.collada+xml', 3, 1, 1, '2f80d1e284ef7739d2858a067e75cbd8', 'quis', '2021-12-15 22:35:32', 'Ducimus qui aut voluptas. Rerum sunt sed consequuntur eum nesciunt quia exercitationem.');
INSERT INTO `main_document` (`id`, `name`, `doc_path`, `section_id`, `version`, `variation`, `md5`, `status`, `created_at`, `note`) VALUES (42, 'quia', 'text/vnd.wap.wmlscript', 5, 1, 2, 'a2c8bfe0c32a547bec23f46a5c62ca57', 'totam', '2021-12-26 08:28:03', 'Doloribus assumenda dolores nam molestiae voluptatem molestias necessitatibus aperiam. Quia fugiat neque quia enim asperiores. E');
INSERT INTO `main_document` (`id`, `name`, `doc_path`, `section_id`, `version`, `variation`, `md5`, `status`, `created_at`, `note`) VALUES (43, 'cumque', 'image/ktx', 12, 3, 0, '73749f657f77ed32ebace47f44088a57', 'sint', '2022-01-04 20:17:17', 'Ullam culpa voluptatum et eaque voluptates enim dolor. Minima aut omnis repellat nihil. Nostrum dolorem inventore qui iure quibu');
INSERT INTO `main_document` (`id`, `name`, `doc_path`, `section_id`, `version`, `variation`, `md5`, `status`, `created_at`, `note`) VALUES (44, 'consequatur', 'application/javascript', 8, 2, 1, '6ab6d86dcaf223db0ba424805354bf87', 'architecto', '2022-01-02 18:48:48', 'Explicabo quibusdam illum laboriosam vel ut quis dolorem. Commodi ducimus veritatis in dolorem aspernatur deleniti. Eveniet temp');
INSERT INTO `main_document` (`id`, `name`, `doc_path`, `section_id`, `version`, `variation`, `md5`, `status`, `created_at`, `note`) VALUES (45, 'est', 'application/vnd.enliven', 11, 2, 0, 'a03b68259136a40b1b9dccbc8f6d6408', 'repudiandae', '2021-12-16 08:53:31', 'Quisquam quasi vero sed. Eaque nobis doloremque rerum reiciendis necessitatibus sed distinctio. Quia similique consequatur dolor');
INSERT INTO `main_document` (`id`, `name`, `doc_path`, `section_id`, `version`, `variation`, `md5`, `status`, `created_at`, `note`) VALUES (46, 'dicta', 'application/winhlp', 9, 1, 0, '9da02cd61f9251376aaae66874847058', 'accusantium', '2021-12-24 14:29:00', 'Adipisci itaque aut repellat sed minima dignissimos. Non sed dolor ea aliquam quasi.');
INSERT INTO `main_document` (`id`, `name`, `doc_path`, `section_id`, `version`, `variation`, `md5`, `status`, `created_at`, `note`) VALUES (47, 'est', 'application/vnd.adobe.air-application-installer-package+zip', 14, 2, 1, 'a435c3f9a86e79757572a77e0c1941a3', 'accusantium', '2021-12-30 16:26:36', 'Cumque ea veritatis asperiores. Sequi molestiae sed voluptates tempore quam. Est amet magnam voluptas velit expedita. Temporibus');
INSERT INTO `main_document` (`id`, `name`, `doc_path`, `section_id`, `version`, `variation`, `md5`, `status`, `created_at`, `note`) VALUES (48, 'dolor', 'image/vnd.fujixerox.edmics-mmr', 5, 2, 1, 'de31f489a6b0b2ec793f446afcbbc7bd', 'nemo', '2021-12-23 21:18:46', 'Laboriosam vel nihil fugit. Sunt ipsum ut qui dolores omnis. Nesciunt eius quia officiis minima est fugit.');
INSERT INTO `main_document` (`id`, `name`, `doc_path`, `section_id`, `version`, `variation`, `md5`, `status`, `created_at`, `note`) VALUES (49, 'velit', 'application/vnd.epson.salt', 9, 2, 0, '75983b2db5964b7c53f65dfcb17a69e3', 'cum', '2021-12-22 17:32:12', 'In veniam delectus alias. Qui nemo incidunt vel molestias velit sapiente eligendi. Eum labore voluptates et rem debitis et. Ea n');
INSERT INTO `main_document` (`id`, `name`, `doc_path`, `section_id`, `version`, `variation`, `md5`, `status`, `created_at`, `note`) VALUES (50, 'nihil', 'application/vnd.ms-powerpoint.presentation.macroenabled.12', 2, 1, 0, 'a1ef17f363adf199708b5acdb4be9074', 'tenetur', '2022-01-09 12:00:21', 'Delectus voluptatem aut nulla ratione qui similique hic. Qui quaerat reiciendis voluptas nostrum rerum sit. Enim ducimus volupta');
INSERT INTO `main_adjustment` (`id`, `section_id`, `document_id`, `pages`, `code`, `note`, `body`) VALUES (1, 2, 4, '26', '4', '', 'Nihil reiciendis vero dolorem impedit explicabo. Porro nulla id cumque sit autem id consequatur velit. Ducimus nobis minus praesentium.');
INSERT INTO `main_adjustment` (`id`, `section_id`, `document_id`, `pages`, `code`, `note`, `body`) VALUES (2, 1, 44, '21', '4', 'Ipsum ipsum sed in earum deleniti. Architecto vitae incidunt sed voluptatem eos magnam. Sunt nobis odio dicta temporibus porro r', 'Ut officia et quis sunt. Ea aut aut blanditiis rerum inventore. Et et cupiditate odit eum.');
INSERT INTO `main_adjustment` (`id`, `section_id`, `document_id`, `pages`, `code`, `note`, `body`) VALUES (3, 8, 18, '25', '3', 'Quia laboriosam corrupti unde adipisci ut aut. Nulla vitae possimus cumque qui. Accusantium et vero sed nihil aut consequatur.', 'Non molestias rerum et. Perspiciatis deserunt ut ex voluptatem aut aut eos. Mollitia quia dolor autem molestias nobis.');
INSERT INTO `main_adjustment` (`id`, `section_id`, `document_id`, `pages`, `code`, `note`, `body`) VALUES (4, 13, 12, '29', '3', '', 'Dolorum facere pariatur dolorem eligendi voluptatem debitis. Et modi dolorem voluptatum accusamus delectus minus quis. Sit aliquid illum non dignissimos.');
INSERT INTO `main_adjustment` (`id`, `section_id`, `document_id`, `pages`, `code`, `note`, `body`) VALUES (5, 4, 11, '115', '2', 'Eum placeat doloremque est qui nihil sunt. Maiores soluta vitae corporis laboriosam magni. Quidem officiis praesentium in quia. ', 'Molestiae similique qui voluptatem deserunt. Quos qui dolore magni cum perferendis qui. Placeat sunt tempore qui magni et.');
INSERT INTO `main_adjustment` (`id`, `section_id`, `document_id`, `pages`, `code`, `note`, `body`) VALUES (6, 7, 16, '82', '3', '', 'Rerum quia exercitationem modi corporis et quibusdam ut. Natus est distinctio distinctio autem. Pariatur assumenda quam natus voluptatem cum commodi totam. Corporis consectetur quia voluptatem dolorem facilis dolorem officiis. Commodi tenetur magni sed nih');
INSERT INTO `main_adjustment` (`id`, `section_id`, `document_id`, `pages`, `code`, `note`, `body`) VALUES (7, 1, 34, '54', '1', 'Animi voluptas quasi et blanditiis. Id quis vero quidem magnam. Vel consectetur incidunt est dolorum. Eveniet ipsum velit verita', 'Ut accusamus hic animi maiores. Voluptatem quidem cupiditate totam itaque. Ut aperiam magni neque praesentium. Dolores qui eos voluptatum iure.');
INSERT INTO `main_adjustment` (`id`, `section_id`, `document_id`, `pages`, `code`, `note`, `body`) VALUES (8, 1, 35, '58', '2', 'Voluptas in fugit vel earum. Quasi amet consequatur quasi. Architecto ducimus et nesciunt laudantium omnis voluptatem maiores. P', 'Nulla exercitationem dolorem a tenetur qui aut aut. Quisquam est vel corporis modi quibusdam est. Reiciendis accusantium sit rerum vitae. Et ratione illo laudantium. Qui earum sint cumque odio accusamus tempora nisi.');
INSERT INTO `main_adjustment` (`id`, `section_id`, `document_id`, `pages`, `code`, `note`, `body`) VALUES (9, 5, 14, '69', '3', '', 'Qui possimus ut aperiam ad qui et. Enim voluptatem sint recusandae ut quia. Consequatur quo sunt non. Voluptatem sed quos voluptatem dolor odit.');
INSERT INTO `main_adjustment` (`id`, `section_id`, `document_id`, `pages`, `code`, `note`, `body`) VALUES (10, 3, 15, '90', '1', 'Unde omnis inventore quia consequatur debitis dicta quas. Beatae corrupti eius eos qui aspernatur eum. Itaque fugiat dolor quod ', 'Incidunt id natus et cum. Atque iste neque architecto at. Totam eveniet et suscipit mollitia.');
INSERT INTO `main_adjustment` (`id`, `section_id`, `document_id`, `pages`, `code`, `note`, `body`) VALUES (11, 15, 17, '117', '4', 'Et quisquam quam dolorem rem velit omnis nihil. Iusto impedit est consequatur accusamus quidem. Maxime quae voluptatem ea ipsam ', 'Similique quo natus quis quos. Occaecati magni doloribus non velit ipsum. Sit consequuntur nostrum recusandae voluptate similique.');
INSERT INTO `main_adjustment` (`id`, `section_id`, `document_id`, `pages`, `code`, `note`, `body`) VALUES (12, 9, 23, '30', '3', 'Quae fugit possimus quasi est. Ratione dolor aut sit optio et consequuntur ratione. Hic suscipit ullam ut saepe. Pariatur numqua', 'Id cupiditate veritatis rerum minus quaerat sit. Quis iure iusto nisi facere quas. Officia non distinctio quod et dolor nam.');
INSERT INTO `main_adjustment` (`id`, `section_id`, `document_id`, `pages`, `code`, `note`, `body`) VALUES (13, 7, 27, '89', '2', '', 'Corrupti eligendi cumque quos praesentium enim. Dignissimos at tempora consequatur esse. Nulla quasi et quos.');
INSERT INTO `main_adjustment` (`id`, `section_id`, `document_id`, `pages`, `code`, `note`, `body`) VALUES (14, 11, 44, '111', '4', 'Libero at voluptatem consequatur voluptas voluptatibus. Placeat magnam doloribus inventore. At reiciendis expedita cumque odit a', 'Et officiis esse voluptatibus deleniti vel suscipit. Omnis quibusdam omnis animi quia blanditiis doloremque. Aperiam consectetur iusto neque reiciendis rerum placeat.');
INSERT INTO `main_adjustment` (`id`, `section_id`, `document_id`, `pages`, `code`, `note`, `body`) VALUES (15, 11, 27, '91', '4', '', 'Ut voluptatum dolorum neque omnis. Est nam tempora consequuntur neque quia. Doloremque hic iste exercitationem accusamus aut nemo perferendis. Necessitatibus impedit quo corporis iure pariatur neque quibusdam.');
INSERT INTO `main_adjustment` (`id`, `section_id`, `document_id`, `pages`, `code`, `note`, `body`) VALUES (16, 15, 13, '53', '1', '', 'Amet vel accusantium voluptas veritatis rem enim. Non vel temporibus ipsum consequatur sapiente corporis itaque. Amet est nihil nisi ut quia.');
INSERT INTO `main_adjustment` (`id`, `section_id`, `document_id`, `pages`, `code`, `note`, `body`) VALUES (17, 10, 10, '39', '4', 'Rerum doloribus rerum consectetur eos et. Error molestias nulla aut harum hic. Ratione quibusdam nesciunt nostrum nihil ratione.', 'Et hic temporibus natus voluptatum. Nihil deleniti itaque iste quasi eligendi omnis vitae. Ex officiis architecto in nemo.');
INSERT INTO `main_adjustment` (`id`, `section_id`, `document_id`, `pages`, `code`, `note`, `body`) VALUES (18, 12, 16, '35', '2', '', 'Esse ex natus ipsam sed. Quia provident repellat molestias. Harum voluptates harum officiis sunt voluptas ipsam cumque eos. Aut atque aut ipsam itaque et assumenda.');
INSERT INTO `main_adjustment` (`id`, `section_id`, `document_id`, `pages`, `code`, `note`, `body`) VALUES (19, 15, 9, '34', '1', 'Quibusdam deleniti quod iusto debitis molestiae sit aut. Illum cupiditate itaque rerum quia consequuntur omnis.', 'Aut deleniti voluptatem dolorem aut aut voluptas reprehenderit. Ab maiores voluptas voluptatem earum voluptate laudantium beatae. Deleniti qui aliquam accusamus nobis vel perferendis.');
INSERT INTO `main_adjustment` (`id`, `section_id`, `document_id`, `pages`, `code`, `note`, `body`) VALUES (20, 5, 34, '74', '4', '', 'Doloribus non veniam dolorem nobis tempore omnis porro et. Quam eum corporis voluptate aut. Adipisci quo praesentium dolorem aut magni totam enim.');
INSERT INTO `main_adjustment` (`id`, `section_id`, `document_id`, `pages`, `code`, `note`, `body`) VALUES (21, 8, 22, '24', '4', '', 'Eum adipisci commodi tenetur asperiores molestiae a. Nihil possimus ipsum qui velit sed consequatur. Voluptatem delectus asperiores similique laborum. Odit exercitationem laudantium rem officia voluptatem odio.');
INSERT INTO `main_adjustment` (`id`, `section_id`, `document_id`, `pages`, `code`, `note`, `body`) VALUES (22, 2, 29, '105', '3', 'Laborum beatae perferendis et voluptatem. Rerum ullam laudantium quibusdam incidunt et. Quia qui facere accusamus et ullam enim ', 'Molestiae sit ut harum ratione consectetur nulla facilis veritatis. Optio ut mollitia ratione earum temporibus. Atque nisi rerum quaerat magni rem et. Velit aspernatur cumque numquam voluptas quasi incidunt. Beatae autem nisi in similique harum.');
INSERT INTO `main_adjustment` (`id`, `section_id`, `document_id`, `pages`, `code`, `note`, `body`) VALUES (23, 12, 20, '61', '1', 'Rem consequatur deleniti rerum aut. Et id sed iusto nesciunt. Enim possimus eum voluptatibus recusandae. Et sed numquam qui et a', 'Repellendus quis corrupti mollitia voluptas facilis molestiae. Libero reiciendis iste omnis recusandae qui. Vel ipsa aperiam quidem blanditiis suscipit.');
INSERT INTO `main_adjustment` (`id`, `section_id`, `document_id`, `pages`, `code`, `note`, `body`) VALUES (24, 12, 23, '83', '4', 'Ut ipsum doloremque reiciendis vel incidunt. Dignissimos ex harum consequatur sint in beatae illo reprehenderit. Dolore voluptat', 'Quia officia nisi non id. Quod eos est fuga officia voluptatum aut. Magnam amet architecto aut consequatur.');
INSERT INTO `main_adjustment` (`id`, `section_id`, `document_id`, `pages`, `code`, `note`, `body`) VALUES (25, 1, 12, '115', '3', 'Unde soluta animi itaque et. Quaerat doloribus omnis voluptas molestiae sed sequi. Earum eaque aut facere ipsa at.', 'Et nihil occaecati eius laborum. Esse rerum ab mollitia quidem voluptatem. Quia atque saepe impedit error atque.');
INSERT INTO `main_adjustment` (`id`, `section_id`, `document_id`, `pages`, `code`, `note`, `body`) VALUES (26, 9, 11, '119', '1', 'Deserunt a a qui odio. Consequatur repellat ipsa facere quisquam minima tempore cupiditate. Accusamus illo commodi et dicta. Acc', 'A laboriosam dolorum error asperiores pariatur. Velit molestiae ut sit possimus. Id maxime fuga reiciendis vel eligendi. Est et repudiandae rerum ratione maxime voluptates.');
INSERT INTO `main_adjustment` (`id`, `section_id`, `document_id`, `pages`, `code`, `note`, `body`) VALUES (27, 14, 6, '100', '2', 'Ut omnis quia voluptatem sunt modi explicabo vel doloribus. Eligendi sunt mollitia optio fugiat.', 'Veritatis temporibus et ea consequuntur harum debitis amet. Eius laborum quia qui autem tenetur est necessitatibus. Maxime distinctio ut a. Dolores provident perferendis numquam ipsa placeat quibusdam repellendus.');
INSERT INTO `main_adjustment` (`id`, `section_id`, `document_id`, `pages`, `code`, `note`, `body`) VALUES (28, 14, 47, '119', '3', 'Nihil voluptatem iusto ex sed provident consequatur reiciendis corrupti. Animi voluptatem veniam autem perspiciatis animi. Et mo', 'Porro consequuntur cupiditate iste cum. Ullam eaque dicta unde doloremque. Earum facere tempora dolore omnis. Maxime esse magnam ea beatae nisi consequatur qui.');
INSERT INTO `main_adjustment` (`id`, `section_id`, `document_id`, `pages`, `code`, `note`, `body`) VALUES (29, 15, 24, '76', '4', '', 'Ex esse nemo eius provident omnis. Necessitatibus ullam est rerum sed.');
INSERT INTO `main_adjustment` (`id`, `section_id`, `document_id`, `pages`, `code`, `note`, `body`) VALUES (30, 11, 12, '20', '1', 'Voluptates quasi commodi incidunt. Consectetur maxime explicabo dicta quos quaerat quia consequatur. Sunt cupiditate accusamus m', 'Ut enim debitis minus voluptatem id reiciendis. Similique deleniti nihil ut nemo. Assumenda commodi odit rerum a. Nesciunt ipsa vel deserunt aliquam et veniam.');
INSERT INTO `main_adjustment` (`id`, `section_id`, `document_id`, `pages`, `code`, `note`, `body`) VALUES (31, 8, 36, '98', '4', 'Eligendi distinctio ratione harum quia rerum nihil aut. Iste eos odio aut numquam dolor ab. Nostrum voluptate dolorem eius dolor', 'Quisquam qui facere dolores aspernatur quidem id. Rerum reiciendis omnis nemo sit. Error et eum eum est ullam similique inventore aut.');
INSERT INTO `main_adjustment` (`id`, `section_id`, `document_id`, `pages`, `code`, `note`, `body`) VALUES (32, 15, 35, '101', '4', 'Velit at ut dolorem consequatur. Sint omnis placeat necessitatibus dolorem eos. Quasi laboriosam illum modi nostrum minima disti', 'Nihil ratione consequatur laudantium aut molestiae et. Fugit corrupti velit omnis optio consectetur voluptatem.');
INSERT INTO `main_adjustment` (`id`, `section_id`, `document_id`, `pages`, `code`, `note`, `body`) VALUES (33, 13, 47, '45', '4', '', 'Voluptas odit vitae dolores vitae. Sed quia alias cum eum sunt iste. Et nulla quidem neque alias. Ut accusamus cumque non nisi tempore maxime vitae.');
INSERT INTO `main_adjustment` (`id`, `section_id`, `document_id`, `pages`, `code`, `note`, `body`) VALUES (34, 9, 34, '16', '2', '', 'Laboriosam ut odit aspernatur hic sunt voluptate quae. Dolores dolor aut non voluptas ea voluptatem eum.');
INSERT INTO `main_adjustment` (`id`, `section_id`, `document_id`, `pages`, `code`, `note`, `body`) VALUES (35, 10, 38, '30', '1', 'Omnis omnis accusantium ab nihil fugit suscipit. Aut ut et nam ad sapiente. Natus voluptas qui hic hic aperiam eum.', 'Necessitatibus veniam pariatur quis. Corrupti quaerat ut et in dolor. Porro nesciunt et quibusdam accusamus accusantium rerum beatae. Voluptas est unde voluptas velit dolorum eligendi.');
INSERT INTO `main_adjustment` (`id`, `section_id`, `document_id`, `pages`, `code`, `note`, `body`) VALUES (36, 5, 17, '34', '1', 'Maiores illum ipsum deserunt tempora dolorem nobis officia. Ut id quam odit illo sunt. Quibusdam molestias aut ut cumque.', 'Inventore eos vel exercitationem saepe qui pariatur sint. Dolorem facere a deleniti aut sint. Ea maiores doloribus libero excepturi. Dolorem debitis rerum ea id molestiae porro laboriosam. Consequatur dolorem sint fuga hic voluptas a qui.');
INSERT INTO `main_adjustment` (`id`, `section_id`, `document_id`, `pages`, `code`, `note`, `body`) VALUES (37, 9, 12, '98', '1', 'Magnam aut enim hic nulla aspernatur ea aut. Aut architecto qui voluptatem id blanditiis quo. Sint dolores mollitia culpa perfer', 'Cupiditate assumenda voluptas officiis sapiente. Dolore doloremque incidunt vitae facilis et. Eos est omnis sapiente sed aut et et.');
INSERT INTO `main_adjustment` (`id`, `section_id`, `document_id`, `pages`, `code`, `note`, `body`) VALUES (38, 12, 42, '99', '3', 'Sit libero mollitia non fuga qui voluptatum. Debitis qui sequi maxime non est culpa qui ipsam. Ea doloribus repellat vel est cum', 'Optio cupiditate autem ut sint cum ad deleniti velit. Dicta non animi sint id omnis consectetur rerum. Voluptatibus ducimus dolores quis et eos aut. Labore laudantium dolore voluptatem aliquam vel voluptas fugiat.');
INSERT INTO `main_adjustment` (`id`, `section_id`, `document_id`, `pages`, `code`, `note`, `body`) VALUES (39, 14, 17, '52', '2', 'Consequatur amet voluptas explicabo libero magnam autem. Sint neque quia sunt et quisquam. Laboriosam ut molestiae consequatur a', 'Ipsa debitis voluptas assumenda et ut sed sit illo. Rem voluptatem soluta deserunt a. Deserunt ab et at dignissimos nostrum voluptatibus harum.');
INSERT INTO `main_adjustment` (`id`, `section_id`, `document_id`, `pages`, `code`, `note`, `body`) VALUES (40, 9, 50, '10', '3', 'Vel reprehenderit deleniti doloremque rerum facere recusandae. Omnis earum consequuntur iusto asperiores beatae alias. Minus et ', 'Error et a ratione doloribus autem tempore nostrum cupiditate. Iure dolorem suscipit ullam sunt voluptatibus.');
INSERT INTO `main_adjustment` (`id`, `section_id`, `document_id`, `pages`, `code`, `note`, `body`) VALUES (41, 7, 3, '61', '3', '', 'Tempore et cumque eveniet aut fugiat. Est laboriosam et maxime inventore totam.');
INSERT INTO `main_adjustment` (`id`, `section_id`, `document_id`, `pages`, `code`, `note`, `body`) VALUES (42, 15, 31, '79', '3', '', 'Illo nobis temporibus nisi amet aut necessitatibus sunt porro. Illo quibusdam dolorum expedita consectetur unde. Qui quia et molestiae illum.');
INSERT INTO `main_adjustment` (`id`, `section_id`, `document_id`, `pages`, `code`, `note`, `body`) VALUES (43, 15, 35, '64', '1', '', 'Quia minima et facilis tempora unde tenetur aut. Temporibus non similique optio aliquid voluptatum repudiandae.');
INSERT INTO `main_adjustment` (`id`, `section_id`, `document_id`, `pages`, `code`, `note`, `body`) VALUES (44, 5, 26, '7', '1', 'Totam expedita pariatur non qui et. Quia est et et doloremque sint porro. A numquam numquam quia voluptas quia delectus. Facilis', 'Sed provident consequatur ratione fugiat repudiandae. Non ut unde voluptatem qui rerum voluptatem saepe. Aliquam a aut est voluptas est.');
INSERT INTO `main_adjustment` (`id`, `section_id`, `document_id`, `pages`, `code`, `note`, `body`) VALUES (45, 15, 32, '13', '4', 'Qui sed pariatur qui aspernatur laborum. Officiis molestias sit impedit impedit. Fugiat adipisci quaerat voluptas molestiae. Qui', 'Quidem officia eveniet veritatis explicabo eum. Ut vitae temporibus qui autem repellendus impedit velit. Libero ut repellat est earum eum vitae quia. Sit eveniet quasi reiciendis impedit magni.');
INSERT INTO `main_adjustment` (`id`, `section_id`, `document_id`, `pages`, `code`, `note`, `body`) VALUES (46, 14, 26, '55', '1', 'Nisi facilis enim numquam nam vitae eligendi molestiae. Aut atque officiis autem in ea. Veritatis tempora harum necessitatibus t', 'Consequuntur accusamus velit magni. Consequuntur necessitatibus repellat veritatis culpa impedit aut consequatur. Quia et cupiditate illum quibusdam.');
INSERT INTO `main_adjustment` (`id`, `section_id`, `document_id`, `pages`, `code`, `note`, `body`) VALUES (47, 10, 45, '99', '3', 'Atque cumque dolor voluptatum qui aliquid. Perferendis nihil vero nam totam a illo nobis magnam. Quia ut nulla repellat vel quia', 'Blanditiis natus id occaecati voluptatem dolorum voluptas pariatur deserunt. Placeat earum veritatis non omnis enim.');
INSERT INTO `main_adjustment` (`id`, `section_id`, `document_id`, `pages`, `code`, `note`, `body`) VALUES (48, 5, 40, '18', '4', 'Deleniti molestias omnis fugit consectetur natus ea. Quisquam recusandae enim id id. Voluptas quis a pariatur adipisci. Labore a', 'Minima saepe quia aut eos iste fugit quia. Velit reprehenderit ea illum delectus doloribus qui. Architecto sit illum ullam ipsum porro.');
INSERT INTO `main_adjustment` (`id`, `section_id`, `document_id`, `pages`, `code`, `note`, `body`) VALUES (49, 15, 47, '47', '2', 'Aut odio accusantium at est autem voluptatibus totam nam. Vitae maiores ut repellendus possimus dicta. Magni consequuntur ut asp', 'Praesentium aut eos suscipit ut. Iste occaecati aut maiores incidunt mollitia sit. Laborum vitae ipsum eius quidem mollitia ab tempora.');
INSERT INTO `main_adjustment` (`id`, `section_id`, `document_id`, `pages`, `code`, `note`, `body`) VALUES (50, 2, 27, '7', '3', 'Itaque optio et aliquam sit corporis veritatis. Ullam nobis quis autem quia sapiente unde. Quo omnis molestias harum at aspernat', 'Ipsam eveniet vitae voluptatem quae ducimus. Repellat facere eos tenetur quasi facilis.');
INSERT INTO `main_adjustment` (`id`, `section_id`, `document_id`, `pages`, `code`, `note`, `body`) VALUES (51, 15, 43, '13', '2', 'Impedit suscipit rem illum. Non quo voluptas et et ipsum sapiente. Minus qui voluptatem hic ea.', 'Voluptatibus totam inventore maxime ut. Unde placeat aut voluptatem facere. Rerum veniam dolor impedit ad dolores ullam quia.');
INSERT INTO `main_adjustment` (`id`, `section_id`, `document_id`, `pages`, `code`, `note`, `body`) VALUES (52, 9, 40, '36', '2', 'Unde voluptas magni eaque provident soluta enim vel. Aut enim repellat sit nam. Tempore nemo voluptatem tempora ut. Et ea qui vo', 'Modi quibusdam dignissimos fugiat recusandae ut consectetur eaque vel. Molestiae autem architecto quia magni est ea placeat modi. Minima nam dolorum blanditiis corporis. Modi fugiat et ratione aut quibusdam.');
INSERT INTO `main_adjustment` (`id`, `section_id`, `document_id`, `pages`, `code`, `note`, `body`) VALUES (53, 14, 31, '40', '2', 'Ipsa ut ipsam ut sint distinctio eos dolorum. Inventore quis debitis inventore qui eum voluptatem similique.', 'Quo provident sint architecto ad velit. Et enim pariatur aut in. Doloremque natus magni est illo.');
INSERT INTO `main_adjustment` (`id`, `section_id`, `document_id`, `pages`, `code`, `note`, `body`) VALUES (54, 7, 12, '104', '3', 'Est voluptatem rem unde aut. Sit nesciunt neque excepturi reprehenderit. Magnam molestiae eligendi ut qui. Iure dicta aspernatur', 'Ipsum aperiam velit voluptatem velit nulla. Illum doloremque et quidem at beatae consequuntur dicta hic. Id hic quia delectus voluptatum quo laborum.');
INSERT INTO `main_adjustment` (`id`, `section_id`, `document_id`, `pages`, `code`, `note`, `body`) VALUES (55, 4, 6, '9', '4', 'Doloribus amet ducimus odit nesciunt commodi quia. Ut adipisci velit voluptate rerum quia. Porro reprehenderit ipsa ut dolor sol', 'Eveniet aut officiis cum sapiente. Autem nulla aut dolores. Et sint aliquid hic sit quam illo consequatur.');
INSERT INTO `main_adjustment` (`id`, `section_id`, `document_id`, `pages`, `code`, `note`, `body`) VALUES (56, 5, 26, '84', '4', 'Omnis eos sequi rerum vel eum. Sapiente molestiae est animi cum. Quis eos fugit corporis aut tempore consectetur est.', 'Ducimus sed qui soluta illo facere et. Et quaerat sed nulla ad. Ipsum commodi asperiores iure rerum optio ipsam veritatis minus. Sed doloremque quo quibusdam voluptas corrupti eligendi.');
INSERT INTO `main_adjustment` (`id`, `section_id`, `document_id`, `pages`, `code`, `note`, `body`) VALUES (57, 1, 11, '45', '1', '', 'Consequatur totam mollitia doloribus qui laborum quidem. Nesciunt voluptatibus expedita earum numquam est id error. Veritatis nihil iure tempora facilis et.');
INSERT INTO `main_adjustment` (`id`, `section_id`, `document_id`, `pages`, `code`, `note`, `body`) VALUES (58, 6, 15, '46', '2', 'Perspiciatis tempore aut ut nulla. Totam ad eius laboriosam cum. Autem ea voluptate suscipit debitis magnam esse illo. Quia volu', 'Sit reiciendis vero quia nesciunt incidunt nobis. Sit quis unde quis commodi enim dolorum in. A corporis aut harum quia quo et dolorem. Commodi ipsum aliquam ratione vero.');
INSERT INTO `main_adjustment` (`id`, `section_id`, `document_id`, `pages`, `code`, `note`, `body`) VALUES (59, 6, 36, '94', '1', '', 'Optio dolorum dolores molestias a. Quidem vitae corporis officiis ratione nesciunt sit et. Et porro nisi neque nesciunt nihil ad assumenda. Illo et dicta quod.');
INSERT INTO `main_adjustment` (`id`, `section_id`, `document_id`, `pages`, `code`, `note`, `body`) VALUES (60, 13, 28, '93', '4', 'Error tempore dolores exercitationem consectetur quam quidem eos. Ullam veniam porro qui eos qui consectetur. Autem sequi ut qui', 'Architecto fugit nesciunt minima sunt. Nostrum aperiam itaque quibusdam numquam consequatur enim. Molestiae qui similique consectetur illo modi fuga. Explicabo et exercitationem in dolore.');
INSERT INTO `main_adjustment` (`id`, `section_id`, `document_id`, `pages`, `code`, `note`, `body`) VALUES (61, 9, 30, '107', '2', 'Mollitia aliquam et omnis aliquam laborum. Eum possimus culpa aliquid voluptatem sed aut sit voluptas. Consequatur repellat cons', 'Veniam expedita earum autem accusamus explicabo id. Quod maxime ducimus tempore officiis ea deserunt. Ducimus rerum sed consequatur et.');
INSERT INTO `main_adjustment` (`id`, `section_id`, `document_id`, `pages`, `code`, `note`, `body`) VALUES (62, 2, 27, '102', '4', '', 'Cum porro inventore magnam ut ad pariatur. Possimus quaerat ut error. Ut accusamus sit consectetur tempora corrupti quaerat consequuntur. Et et optio quibusdam.');
INSERT INTO `main_adjustment` (`id`, `section_id`, `document_id`, `pages`, `code`, `note`, `body`) VALUES (63, 2, 20, '92', '3', 'Eum itaque maxime earum. Et deleniti quae corrupti qui animi fuga. Voluptas ut rem officia dolores et expedita sapiente.', 'Dolorum tempora laboriosam perspiciatis aut. Sint natus alias est consequatur distinctio molestiae. Harum sapiente voluptatum iste nihil sed ipsum fugiat. Nam ut eum consequatur eveniet dolores.');
INSERT INTO `main_adjustment` (`id`, `section_id`, `document_id`, `pages`, `code`, `note`, `body`) VALUES (64, 10, 4, '81', '3', 'Officia quia voluptatem quas illum nam vitae. Sed itaque corrupti placeat autem reprehenderit quia. Qui rerum perferendis iusto ', 'Similique magni vero at quos delectus est. Delectus numquam velit repellendus repudiandae. Fugit repellendus excepturi aut perferendis sequi. Assumenda corrupti tempora ipsam totam dolores rerum.');
INSERT INTO `main_adjustment` (`id`, `section_id`, `document_id`, `pages`, `code`, `note`, `body`) VALUES (65, 12, 49, '113', '1', 'Ut iste atque labore consectetur veritatis. Qui aliquam debitis modi ipsam ut natus. Aut vel voluptate quisquam molestiae et dol', 'Minus et in ducimus beatae placeat non et. Et ipsam in molestiae laborum. Omnis qui aperiam corrupti earum. Enim qui minima laborum.');
INSERT INTO `main_adjustment` (`id`, `section_id`, `document_id`, `pages`, `code`, `note`, `body`) VALUES (66, 10, 2, '90', '1', 'Eaque sunt ipsa architecto culpa blanditiis similique. Voluptatem occaecati odit optio voluptatem expedita. Veritatis iste et et', 'Voluptas cumque labore officia magnam. Non voluptatem dolores odit ipsa tempore. Dicta impedit rerum quasi ratione rerum dignissimos occaecati.');
INSERT INTO `main_adjustment` (`id`, `section_id`, `document_id`, `pages`, `code`, `note`, `body`) VALUES (67, 12, 14, '101', '3', '', 'Est dolorem iure possimus qui officia et. Facere ut accusantium eos mollitia sapiente. Sed et repellat deserunt ratione. Rem qui aliquid aut error non quas qui blanditiis.');
INSERT INTO `main_adjustment` (`id`, `section_id`, `document_id`, `pages`, `code`, `note`, `body`) VALUES (68, 2, 39, '1', '4', 'Vel maiores tenetur delectus aliquam ut. Quas nihil adipisci minus. Ut illo ut voluptates labore quidem. Placeat possimus facili', 'Consequatur beatae fuga error illo eligendi. Quo voluptatem ipsa quaerat ratione. Quidem nihil ex quis expedita non ut quos. Exercitationem enim sit dolorum consequatur. Aut ex qui rerum ipsa in.');
INSERT INTO `main_adjustment` (`id`, `section_id`, `document_id`, `pages`, `code`, `note`, `body`) VALUES (69, 11, 21, '15', '1', 'Non laborum error ab et omnis. Maiores nulla eum eos id officia. Rerum eos pariatur quae magni qui cupiditate tenetur.', 'Qui ipsa voluptas asperiores facilis voluptas. Provident corporis placeat et molestiae nesciunt autem voluptas. Expedita nam est veritatis temporibus eum est.');
INSERT INTO `main_adjustment` (`id`, `section_id`, `document_id`, `pages`, `code`, `note`, `body`) VALUES (70, 9, 41, '24', '2', '', 'Officiis ipsam soluta veritatis. Quisquam laudantium saepe fuga quia quidem laboriosam illum. Sit assumenda culpa at porro natus et et corporis. Consequatur incidunt labore rem aliquid quibusdam.');
INSERT INTO `main_adjustment` (`id`, `section_id`, `document_id`, `pages`, `code`, `note`, `body`) VALUES (71, 10, 31, '97', '4', 'Commodi eveniet nihil eius dicta placeat eaque vitae. Vel consequatur tempore ut sed aut hic. Aut voluptate possimus asperiores ', 'Suscipit voluptas occaecati culpa est. Distinctio doloribus voluptatum rerum est labore necessitatibus voluptate. Voluptatem hic sit est accusantium recusandae.');
INSERT INTO `main_adjustment` (`id`, `section_id`, `document_id`, `pages`, `code`, `note`, `body`) VALUES (72, 13, 12, '1', '2', '', 'Porro quia doloremque provident quasi eaque. Praesentium repudiandae aliquid labore vel saepe. Quis aspernatur ex nobis rerum et voluptatem.');
INSERT INTO `main_adjustment` (`id`, `section_id`, `document_id`, `pages`, `code`, `note`, `body`) VALUES (73, 8, 41, '95', '4', '', 'Dolores sequi officia unde delectus. Est aut consequatur et aut. Alias nihil doloribus libero incidunt et tenetur. Et reiciendis id praesentium facilis sequi quisquam fuga quia.');
INSERT INTO `main_adjustment` (`id`, `section_id`, `document_id`, `pages`, `code`, `note`, `body`) VALUES (74, 11, 2, '56', '1', 'Vitae numquam sed inventore temporibus voluptatum qui. Et cum quis perspiciatis voluptatum eaque perferendis dolores. Laboriosam', 'Doloremque sed culpa omnis doloremque quia. Aut molestiae reiciendis sit quae alias distinctio qui et.');
INSERT INTO `main_adjustment` (`id`, `section_id`, `document_id`, `pages`, `code`, `note`, `body`) VALUES (75, 7, 30, '7', '2', 'In qui libero delectus tempore ipsa at saepe. Laudantium voluptates magnam quibusdam libero.', 'Sunt quod et qui dolor architecto. Et itaque consequatur amet ex impedit nam in.');
INSERT INTO `main_adjustment` (`id`, `section_id`, `document_id`, `pages`, `code`, `note`, `body`) VALUES (76, 4, 21, '15', '3', 'Assumenda reiciendis repudiandae in nostrum dolor rerum. Nulla non quidem unde velit optio ratione et. Possimus architecto dicta', 'Non ut rerum facilis. Cumque dicta reprehenderit cumque et et. Molestiae quam in corrupti ut.');
INSERT INTO `main_adjustment` (`id`, `section_id`, `document_id`, `pages`, `code`, `note`, `body`) VALUES (77, 15, 30, '88', '4', '', 'Quibusdam est at placeat exercitationem. In rerum quos odit repellendus neque. Sit ut quis et incidunt aliquam et hic.');
INSERT INTO `main_adjustment` (`id`, `section_id`, `document_id`, `pages`, `code`, `note`, `body`) VALUES (78, 14, 39, '92', '2', '', 'Ut aut itaque est molestiae id. Doloremque est dolore nostrum itaque.');
INSERT INTO `main_adjustment` (`id`, `section_id`, `document_id`, `pages`, `code`, `note`, `body`) VALUES (79, 9, 11, '77', '2', 'Ut similique veniam blanditiis quae molestiae. Quidem vel sit iusto est consequatur quaerat quia ut. Ea rerum iusto nam.', 'Deserunt porro minima dolorum debitis minima magnam nostrum nesciunt. Ducimus optio sint enim sit. Omnis sed libero error earum est dolor.');
INSERT INTO `main_adjustment` (`id`, `section_id`, `document_id`, `pages`, `code`, `note`, `body`) VALUES (80, 4, 9, '100', '1', 'Voluptatibus voluptatem voluptatem sint voluptatem placeat. Sint quia sed eos itaque facilis. Voluptatibus nostrum qui beatae a ', 'Quibusdam repellendus tempore dolorum voluptatem. Omnis voluptatem quasi ut eligendi dolore maxime ut. Et quibusdam tenetur non facere nemo totam repellendus. Voluptates quia voluptatem est repellendus in.');
INSERT INTO `main_adjustment` (`id`, `section_id`, `document_id`, `pages`, `code`, `note`, `body`) VALUES (81, 12, 8, '34', '3', '', 'Nostrum nemo aut soluta consequatur doloribus nisi. Pariatur dolorem veniam aut voluptates. Et et earum quaerat eos quos esse. Rerum exercitationem aut expedita possimus accusantium aperiam.');
INSERT INTO `main_adjustment` (`id`, `section_id`, `document_id`, `pages`, `code`, `note`, `body`) VALUES (82, 9, 47, '75', '4', 'Consequatur ut pariatur sit veritatis nesciunt ut. Sint aut perspiciatis ea ad perferendis ut doloremque occaecati. Aut placeat ', 'Laboriosam quasi sit provident incidunt. Animi impedit error consequatur quia. Illum sed repudiandae voluptas ut assumenda. Doloribus quod aspernatur explicabo voluptatem qui dignissimos ea.');
INSERT INTO `main_adjustment` (`id`, `section_id`, `document_id`, `pages`, `code`, `note`, `body`) VALUES (83, 6, 34, '65', '4', 'Dolorem possimus eum placeat dolores hic aliquam incidunt. Corrupti possimus laboriosam qui aut aut aliquam tempora. Magni nulla', 'Et esse ipsa dolor enim sed velit. Consequatur fugit sed esse error ut enim. Impedit ut harum qui voluptatem voluptas voluptatem velit. Repellat omnis magni soluta aperiam.');
INSERT INTO `main_adjustment` (`id`, `section_id`, `document_id`, `pages`, `code`, `note`, `body`) VALUES (84, 11, 42, '74', '4', 'Distinctio beatae modi nemo cupiditate eos quia. Aut quis enim esse voluptatem esse totam. Iusto fuga nam ut facilis dolores. Vo', 'Dolorem molestiae iusto dignissimos eos quia eum. Molestiae vero sed iste neque vel libero. Hic enim quia vitae laboriosam rem aliquam veniam sed. Enim et voluptatem unde consequuntur id blanditiis molestiae esse.');
INSERT INTO `main_adjustment` (`id`, `section_id`, `document_id`, `pages`, `code`, `note`, `body`) VALUES (85, 3, 5, '94', '2', '', 'Commodi minus dicta ut voluptatum mollitia consequatur magni. Et et velit qui placeat. Facere ullam nam porro esse. Quo corporis qui odit saepe ad consequatur sint quisquam.');
INSERT INTO `main_adjustment` (`id`, `section_id`, `document_id`, `pages`, `code`, `note`, `body`) VALUES (86, 3, 13, '69', '4', '', 'Iure vel ipsa eum enim praesentium minima delectus. Sunt eveniet quia ut numquam ea dolore. Libero natus odit officiis nobis rem voluptatibus accusantium.');
INSERT INTO `main_adjustment` (`id`, `section_id`, `document_id`, `pages`, `code`, `note`, `body`) VALUES (87, 3, 14, '99', '1', 'Aut accusamus reiciendis cumque. Amet magni aut rerum molestiae. Sint incidunt laboriosam dolorem dolor dolorem ut quia exercita', 'Blanditiis reiciendis quo quo iure error sit ut est. Qui iste non vel quaerat quasi vitae maxime.');
INSERT INTO `main_adjustment` (`id`, `section_id`, `document_id`, `pages`, `code`, `note`, `body`) VALUES (88, 3, 17, '115', '1', 'Nulla aspernatur consequatur quia qui accusamus voluptatem. Occaecati et modi rerum sed. Distinctio officiis blanditiis et.', 'Et amet similique magni quis aperiam iure quis. Voluptatum inventore aliquam quisquam eum voluptatem. Vel quidem voluptatibus quisquam beatae quae doloremque. Quia odio in dolorum odio.');
INSERT INTO `main_adjustment` (`id`, `section_id`, `document_id`, `pages`, `code`, `note`, `body`) VALUES (89, 4, 19, '31', '4', '', 'Numquam totam doloremque sit qui qui quia nesciunt quia. Deserunt dolorum reprehenderit corrupti nesciunt aut. Repellat aut nihil consectetur voluptatibus. Nemo nam est earum quaerat atque.');
INSERT INTO `main_adjustment` (`id`, `section_id`, `document_id`, `pages`, `code`, `note`, `body`) VALUES (90, 2, 49, '90', '4', '', 'Voluptatem ut nulla eaque ratione quod libero. Totam nulla fuga dolorem temporibus et. Ea accusamus assumenda ut sit nisi tempore.');
INSERT INTO `main_adjustment` (`id`, `section_id`, `document_id`, `pages`, `code`, `note`, `body`) VALUES (91, 15, 4, '69', '2', 'Deserunt commodi ab optio dolor numquam. Labore consequatur nesciunt harum aut ut. Rerum esse est quis in repellat voluptatem. D', 'Vitae autem nihil vel dolor dolorem quam autem enim. Non ratione ut at perferendis. Doloremque voluptatem rerum molestiae quibusdam quia voluptatem dolor. Voluptatum incidunt asperiores sit id sunt.');
INSERT INTO `main_adjustment` (`id`, `section_id`, `document_id`, `pages`, `code`, `note`, `body`) VALUES (92, 1, 33, '87', '3', '', 'Ut nobis odio iste distinctio ea. Et minima quia est qui minus dolorem. Autem dolorum nulla alias. Necessitatibus in magni dolore quibusdam.');
INSERT INTO `main_adjustment` (`id`, `section_id`, `document_id`, `pages`, `code`, `note`, `body`) VALUES (93, 2, 11, '36', '2', '', 'Et quaerat sint voluptas aliquam quia autem accusamus. Commodi eum placeat qui sint omnis ab occaecati. Adipisci qui molestiae laborum sunt consectetur molestiae incidunt. Quia reiciendis aut ut enim non.');
INSERT INTO `main_adjustment` (`id`, `section_id`, `document_id`, `pages`, `code`, `note`, `body`) VALUES (94, 8, 27, '42', '1', 'Velit odit corporis ea praesentium. Consequuntur quo corporis rerum earum molestiae culpa nesciunt. Soluta praesentium quidem et', 'Ab enim fuga dicta omnis consequatur voluptate illo optio. Voluptatem rerum eum labore aperiam. Provident qui vel eaque ut molestiae. Et in aspernatur ullam minima omnis ea tenetur.');
INSERT INTO `main_adjustment` (`id`, `section_id`, `document_id`, `pages`, `code`, `note`, `body`) VALUES (95, 11, 28, '74', '1', '', 'Sequi eaque quis omnis. Ex reprehenderit qui enim nemo tempora similique quas ducimus. A dolor qui sed vitae.');
INSERT INTO `main_adjustment` (`id`, `section_id`, `document_id`, `pages`, `code`, `note`, `body`) VALUES (96, 14, 7, '63', '2', 'Rerum impedit dolor et ea officiis autem qui quo. Et facere eius voluptatem iste reiciendis. Quasi non placeat explicabo nam.', 'Qui aut in aperiam et animi. Non est accusamus est sit. Omnis aut accusantium quos asperiores magni quo veniam. Vero et sunt voluptas tempore porro. Voluptatem eligendi blanditiis praesentium voluptatum quisquam.');
INSERT INTO `main_adjustment` (`id`, `section_id`, `document_id`, `pages`, `code`, `note`, `body`) VALUES (97, 3, 32, '116', '2', '', 'Porro expedita id eaque alias similique ex. Officiis quisquam iste ipsum recusandae labore. Voluptas enim omnis ratione laborum.');
INSERT INTO `main_adjustment` (`id`, `section_id`, `document_id`, `pages`, `code`, `note`, `body`) VALUES (98, 2, 18, '69', '1', 'Beatae deserunt nihil ut reiciendis in magnam. Reiciendis aut iusto itaque mollitia dolorem eligendi. Ea quo repudiandae est neq', 'Ipsum distinctio non officiis delectus molestiae est. Assumenda ad unde corporis. Dolorem reiciendis non quaerat quia iure occaecati ipsum pariatur. Deleniti laborum sit dolorum odit qui. Ipsam rerum accusamus eos eum autem voluptatem nisi.');
INSERT INTO `main_adjustment` (`id`, `section_id`, `document_id`, `pages`, `code`, `note`, `body`) VALUES (99, 10, 13, '23', '4', '', 'Autem omnis commodi dolores aut nam dolores a. Animi ipsum consequatur laborum doloribus cumque harum ab voluptas. Quia quia sed sint iure repellendus aut aut. Quia distinctio quam et at quibusdam. Sit incidunt aut nulla eligendi quibusdam omnis aperiam.');
INSERT INTO `main_adjustment` (`id`, `section_id`, `document_id`, `pages`, `code`, `note`, `body`) VALUES (100, 3, 41, '115', '2', 'Dolores vitae ab consequatur sint sunt adipisci. Quis dolorem pariatur animi optio consequuntur odit perspiciatis. Ipsam quo pos', 'Magni aut omnis nostrum distinctio dolores eveniet. Et aperiam et eveniet repellendus sint qui. Qui recusandae qui earum. Accusamus expedita corporis totam ratione ipsa in distinctio. Dolorum quos voluptas omnis iusto molestiae fugiat repellat exercitation');
INSERT INTO `main_remark` (`id`, `section_id`, `expert_id`, `date`, `body`) VALUES (1, 14, 21, '2021-12-14', 'Similique delectus dolorum nemo. In vel dolores omnis dolore ducimus dignissimos nostrum sed. Recusandae occaecati alias nostrum autem sit cupiditate omnis. Ex aliquid sequi aut animi. Eligendi vel ea dolores veniam. Corrupti ad est voluptatem deleniti quia qui. Dolores harum autem molestias nostrum saepe illo distinctio. Blanditiis et molestias saepe unde reiciendis molestiae ipsam. Omnis modi officia ut quaerat cupiditate. Est assumenda aut inventore ut ab. Optio dolores maiores reprehenderit nihil est dolor. Atque nemo aperiam voluptatibus consequatur nesciunt alias. Impedit sequi enim illum suscipit maiores voluptas. Ea ab quasi libero incidunt vero id. Ullam voluptas aliquam numquam totam. Ullam saepe sit assumenda voluptatum qui. Aut ut et consequatur nisi ullam recusandae provident. Sunt ut recusandae tenetur nemo nulla voluptas. Aspernatur repellendus vero voluptates porro cupiditate soluta reprehenderit. Pariatur rerum sint repellat quis mollitia quod voluptates. Beatae recusandae corporis molestiae ');
INSERT INTO `main_remark` (`id`, `section_id`, `expert_id`, `date`, `body`) VALUES (2, 9, 3, '2021-12-18', 'Vel quidem ipsa cupiditate. Ipsam magni voluptas consequatur expedita. Facere in hic est. Asperiores totam omnis dolor vitae suscipit. Alias perferendis et officia molestiae placeat. Et quis et sint libero dolor. Illum aliquam sequi quam aspernatur. Quisquam molestiae quia assumenda omnis qui. Sit vitae eum velit ab et distinctio hic. Eos corrupti vel deserunt sequi asperiores. Qui excepturi sit odit ducimus. Consectetur eveniet iste nihil sed aut dolorem. Expedita provident distinctio qui placeat fugit vel. Voluptatem quam omnis a. Sit vel sed placeat iusto magnam ullam ratione.');
INSERT INTO `main_remark` (`id`, `section_id`, `expert_id`, `date`, `body`) VALUES (3, 4, 24, '2022-01-12', 'Eligendi sit aspernatur et eaque deleniti. Neque maxime fuga deleniti delectus dolor. Provident praesentium sunt aliquam alias velit est quo. Est quis ullam voluptatum a provident enim. Iste commodi non placeat delectus dicta. Qui voluptate aliquam quibusdam. In eos et rerum beatae. Dolorem non porro facere voluptatibus. Repellendus porro rem aspernatur labore dolorem culpa a beatae. Rerum omnis in qui autem corporis et accusamus totam. Provident ipsa corporis sed a rerum. Autem quisquam placeat reiciendis consequuntur cupiditate. Unde accusamus aut tenetur repellendus. Ut est et illo voluptatem rerum incidunt. Nobis deserunt reprehenderit nihil porro neque et. Voluptates quia totam dolores id quas sit. Expedita ut quam sint non sed quod.');
INSERT INTO `main_remark` (`id`, `section_id`, `expert_id`, `date`, `body`) VALUES (4, 13, 25, '2021-12-28', 'Illum in dicta cupiditate nostrum hic. Consequatur ut libero qui nobis voluptatum. Magnam aut laboriosam atque sed cum corporis. Unde exercitationem tenetur et sit qui. Vel asperiores expedita magnam accusantium accusantium ipsum quasi optio. Cum vitae veniam quas. Sit aspernatur perferendis autem et dolorem corrupti dolore quidem. Et sint soluta eum consectetur. Aspernatur qui aut illo commodi aperiam quae voluptatem. Molestiae consequatur officiis et. Totam eos nam mollitia. Est ut recusandae itaque omnis. Vel tempore corrupti magnam vero est. Quod et velit ipsam quisquam dolor non. Quos dolorem itaque est quisquam id nihil fuga. In est ipsum eaque voluptas impedit. Nemo et dolorem omnis perspiciatis deserunt sunt beatae voluptate. Laborum consequatur possimus perferendis facere. Non suscipit aspernatur est in in in. Recusandae cumque occaecati ducimus officia consequuntur ut voluptatem. Modi qui quia saepe aut aliquid. Quibusdam repudiandae illum est ut ut. Quisquam commodi quaerat enim qui aut omnis autem');
INSERT INTO `main_remark` (`id`, `section_id`, `expert_id`, `date`, `body`) VALUES (5, 2, 25, '2022-01-11', 'Ut eos explicabo consequuntur iusto ab suscipit. Ut possimus harum eligendi aut enim. Iste et vitae et et rem in. Molestiae facilis est magni voluptatum esse quia. Minima est quam molestiae in temporibus quisquam et. Possimus quia sed quia id expedita. Dolorum ipsam placeat qui ducimus aut. Nobis dolorem ipsa aut provident. Nam excepturi omnis quibusdam voluptas cum placeat at. Architecto temporibus ut autem ut a. Incidunt enim voluptas ullam molestiae praesentium aut ipsa. Ratione voluptatem numquam in quo sunt sit praesentium. Vel inventore ipsum dolorum distinctio est earum aut. Cupiditate ea error ea vel id. Velit mollitia ut aperiam facere unde sint. Sit qui id voluptas blanditiis alias eum. Quia quidem dolores praesentium laudantium voluptatem et. Voluptatem saepe repellat necessitatibus et dolorem cumque. Aperiam itaque omnis animi laboriosam eaque libero sit voluptas. Tempore culpa ipsam repellat totam dignissimos. Id eum voluptatem expedita quis. Expedita aut doloremque ea iure omnis. Omnis dolorem e');
INSERT INTO `main_remark` (`id`, `section_id`, `expert_id`, `date`, `body`) VALUES (6, 13, 28, '2022-01-13', 'Magnam unde modi mollitia non in. Ut optio pariatur cumque voluptates id neque sit. Saepe at sunt ipsa nostrum odit omnis odit. Reiciendis doloremque dicta repellat eum quasi ut sunt. Voluptatem illo iure accusamus est. Ab beatae voluptatem et corrupti. Ut dolorem rem eius rerum fugit omnis. Tenetur sit tempora omnis sequi fugit magni eum. Laboriosam numquam rerum nemo qui eveniet qui architecto voluptas. Qui facere neque qui ut ipsum corporis autem officiis. Voluptates velit provident quidem unde consequatur sapiente et. Omnis magnam ipsam quo qui. Aperiam natus dolorem doloremque ut officiis eligendi et. Quia aperiam voluptas illum vel iure minima et. Et ipsam quia dicta quo quo. Exercitationem sit aperiam qui maxime cumque. Maiores ullam consequatur omnis sed voluptatem eveniet id placeat.');
INSERT INTO `main_remark` (`id`, `section_id`, `expert_id`, `date`, `body`) VALUES (7, 4, 1, '2021-12-28', 'Accusamus nemo voluptatum eaque quibusdam voluptate et. Aut ut ab laudantium saepe sed. Deserunt repellat nostrum et iure sapiente. Doloribus dignissimos et qui deleniti dicta illo mollitia. Ex ea deserunt consequatur. Quia cumque suscipit iure consequatur dolor. Quam et excepturi consequuntur officia sunt numquam numquam. Qui non cupiditate id numquam id consequatur odio. Perspiciatis quia est eum rerum similique. Est iste itaque quaerat cumque. Ut illum sit recusandae ut incidunt quis quisquam vel. Aperiam quod nam eius aut odio nam. Blanditiis ea deleniti modi magni. Qui eum similique exercitationem nam dolorem. Sit rerum vel qui labore. Facilis eligendi qui consequatur quidem earum sed inventore. Voluptas eligendi quae repellendus voluptates omnis saepe. Aut at aut doloremque omnis beatae voluptas. Ea rerum dolorem sed qui. Error sit ullam fuga ipsum qui quia at. Placeat at quis odit architecto. Sint nihil quisquam quisquam. Ea rem laboriosam ea qui iusto. Dignissimos iste dolorum voluptatem provident. Ul');
INSERT INTO `main_remark` (`id`, `section_id`, `expert_id`, `date`, `body`) VALUES (8, 5, 5, '2022-01-13', 'Dolorum tenetur vitae consectetur porro adipisci. At quo et dolor temporibus non alias. Accusamus qui cumque odit necessitatibus ut. Et tempora rerum alias et recusandae distinctio in a. Eaque omnis nostrum consequuntur. Placeat facere omnis distinctio molestiae velit velit culpa quisquam. Quisquam alias ad aut omnis. Voluptas sequi est quam quos dolorem. Culpa quia et ut dolor et iste. A sed amet eum nulla similique quis. Sapiente maxime quaerat quibusdam amet amet. Consequatur cumque ea voluptatem provident esse non omnis. Consequatur consequatur nisi asperiores quos est voluptatum. Sit deserunt ipsa aut fugiat. Deserunt minus dolor nemo accusantium saepe suscipit praesentium doloremque. Aperiam atque nihil quod eum eligendi deserunt consequatur.');
INSERT INTO `main_remark` (`id`, `section_id`, `expert_id`, `date`, `body`) VALUES (9, 14, 2, '2022-01-07', 'Similique a dolor rerum quasi. Maxime at autem iusto earum qui excepturi qui nobis. Repellendus ex ea reprehenderit sit veniam sed commodi expedita. Minima ut libero delectus doloremque perspiciatis exercitationem. Doloremque autem nisi vel. Quae sequi ipsum ut nisi voluptas. Minima blanditiis asperiores velit velit nesciunt et est. Ea harum vitae aut blanditiis corporis non est. Est voluptatibus officia eaque est quia. Et in ut rerum doloremque eligendi. Magnam sit accusantium assumenda nihil voluptate nam autem. Dolorem iusto reprehenderit vero debitis fugit et saepe. Earum aut culpa et voluptates consequatur. Eum tempore recusandae consectetur nam quia amet magnam.');
INSERT INTO `main_remark` (`id`, `section_id`, `expert_id`, `date`, `body`) VALUES (10, 4, 17, '2022-01-10', 'Exercitationem laborum quae et occaecati assumenda accusamus corporis. Non molestiae voluptatibus ut eligendi est omnis ab. Exercitationem fugit minima est ex perferendis soluta hic sit. Fuga assumenda et iusto sed qui eos. Et quisquam officiis consequatur qui velit. Error dolorem dolorem cumque id. Totam at ex ab eaque ab perferendis quas vero. Repudiandae est repellat voluptates eligendi. Id qui enim sed. Est quae dolores quia dolor debitis cumque. Esse autem ab unde minima veniam quo eum ratione. Sapiente error ab eum est consectetur aut. Quia sint maiores est quam nulla. Quasi aliquid deleniti et cum consequatur saepe. Amet quae fugiat enim aut tempora laborum qui. Quas molestiae consectetur quos illum ad quo. Molestiae voluptatem non mollitia inventore commodi dolorem eligendi maxime. Sed fugit omnis quaerat et culpa quidem. Deserunt quidem incidunt exercitationem quod id numquam.');
INSERT INTO `main_remark` (`id`, `section_id`, `expert_id`, `date`, `body`) VALUES (11, 7, 5, '2021-12-28', 'Voluptatem atque quod autem debitis incidunt ea. Ut est porro natus perspiciatis at eum incidunt. Ipsam hic recusandae harum et molestias et natus at. Dolorum nemo rem vel libero amet. Quos amet eum est et vero recusandae. Est vero ipsam libero magnam saepe alias. Optio voluptatem rem molestiae. Dolores dolor voluptas sunt. Enim quis perferendis vero ipsam. Voluptatum iure vel ullam. Quo ipsam autem sequi quaerat. Fugit ipsum nemo molestias. Officiis quaerat qui suscipit dolore veritatis cumque et iste. Voluptas est rem necessitatibus nihil. Autem porro dolorum est. Est sed possimus reprehenderit quis. Voluptate minus possimus aut non quis quod in. Tempore aspernatur cupiditate ea neque neque omnis sit. Occaecati quis aut dolor reiciendis sunt. Repellat culpa illum rerum qui quia exercitationem sit perferendis. Expedita expedita non natus sit odit. Doloremque et fugiat corrupti et recusandae. Modi vel facilis et natus. Nesciunt est voluptas quis quisquam numquam. Et quia vel expedita et dolores. Ab et nesciun');
INSERT INTO `main_remark` (`id`, `section_id`, `expert_id`, `date`, `body`) VALUES (12, 4, 17, '2022-01-01', 'Eius voluptas temporibus omnis harum culpa aut. Asperiores non quia rem accusantium rerum. Modi quasi magnam autem delectus saepe. Eligendi asperiores placeat harum. Necessitatibus tenetur quas eum sint temporibus ullam quaerat natus. Magni enim eligendi deleniti explicabo earum facere et rerum. Consequatur minus similique quam eos delectus explicabo. Velit ad totam sunt animi odit et dolorum. Suscipit amet aspernatur non velit. Odit quasi ea labore quos vel quia. Omnis culpa quis veritatis ut rerum repellendus. Non placeat ex qui distinctio magni iste non. Fugit quia accusamus rerum rem dolore. Qui nihil quia ut ea aut tempora eius.');
INSERT INTO `main_remark` (`id`, `section_id`, `expert_id`, `date`, `body`) VALUES (13, 4, 15, '2021-12-27', 'Et quia natus non ipsum tenetur. Iure occaecati et illum incidunt. Dolorem porro veritatis dolor atque sit quia ut. Et at vel ipsum et soluta atque. Sunt laborum iusto eligendi unde possimus. Id in totam et ut omnis ut. Est odio necessitatibus est et repellendus voluptas enim. Impedit unde commodi inventore fuga veniam. Sit ipsa maiores ut sapiente. Consequatur magnam eligendi et et quo quam dolorum neque. Quisquam molestias illum culpa aspernatur. Explicabo hic iusto qui sit quibusdam veniam quia. Nobis assumenda velit qui voluptas. Eaque et perspiciatis odio dicta qui quos. Possimus labore nulla voluptas odit voluptatem non. Quia exercitationem qui incidunt sit eum. Nulla et deleniti veritatis est omnis iste ex expedita. Nobis libero nobis est veniam tenetur eligendi optio.');
INSERT INTO `main_remark` (`id`, `section_id`, `expert_id`, `date`, `body`) VALUES (14, 3, 22, '2022-01-10', 'Quisquam ut aspernatur accusantium eum itaque explicabo. Odit natus suscipit illum. Consequuntur error ex nostrum unde sed porro cumque. Nulla natus aut voluptatibus sint. Necessitatibus ut sint aut amet omnis quam. Mollitia similique qui quia voluptates. Cumque quaerat id enim beatae sunt ad. Repellat ex impedit exercitationem pariatur similique. Aut praesentium labore porro aliquid sequi. Et nihil voluptates ut quaerat. Facere adipisci maxime quo autem earum quisquam ut. Voluptatibus unde aut sint dolor. Atque magni cumque laboriosam et. Rem consequuntur sint autem distinctio eaque sunt repudiandae veniam. Non omnis debitis porro voluptatem. Fugiat deleniti in molestiae alias. Quisquam architecto eos labore. Corrupti fugit aliquam voluptatem sed sint ut animi. Fuga accusamus aut labore aut est tempora velit. Aut ducimus quidem ea numquam rerum minus. Nihil ab cumque ipsa id distinctio sed. Doloremque itaque reprehenderit sed quia inventore omnis. Commodi quos iste neque molestiae ut repudiandae voluptate. M');
INSERT INTO `main_remark` (`id`, `section_id`, `expert_id`, `date`, `body`) VALUES (15, 3, 16, '2021-12-21', 'Molestiae unde est magni voluptate. Non eligendi est et. Aliquam architecto animi et. Omnis tempora officiis iste culpa sed. Harum nisi non velit mollitia enim eos voluptas. Maiores placeat aliquam quo ratione. Sapiente delectus libero et nostrum in. Odit quas tempora possimus nihil qui animi velit blanditiis. Illum necessitatibus accusamus aut voluptatem. Vero illum saepe possimus et rerum rem. Maiores consequatur fugit temporibus et est magni. Architecto quia porro nam quod non dolore et. Voluptatum expedita nesciunt soluta ea. Facere dolores minus vel esse voluptatem error cumque. Voluptate unde odio laudantium necessitatibus provident. Deserunt vel consequatur at impedit maxime rem voluptatem. Ut dignissimos eius fugiat qui maxime.');
INSERT INTO `main_remark` (`id`, `section_id`, `expert_id`, `date`, `body`) VALUES (16, 2, 4, '2021-12-16', 'Unde veritatis facere delectus qui distinctio et. Inventore accusamus possimus natus. Possimus qui suscipit repellendus ut beatae possimus ipsam tempora. Excepturi fuga nemo ipsa non quibusdam sit ut. Qui nisi fuga eveniet aut perspiciatis a aut. Nemo nulla ipsum ipsa architecto recusandae omnis laboriosam. Voluptatem fuga ut voluptatibus dolore dolorem delectus. Molestiae nihil id id sed. Et possimus odio et impedit nesciunt. Voluptates vel earum sunt dolores placeat. Quia voluptas qui laborum tempore molestias quos. Natus excepturi non temporibus et quaerat ratione. Id praesentium id aspernatur tenetur. Quisquam veritatis fugit delectus consequatur. Odio quo sapiente pariatur voluptatem eum repellat est. Suscipit culpa quis commodi nobis. Ad ut aperiam ut. Non necessitatibus tempore rerum et. Velit tempora ducimus nemo distinctio dicta esse.');
INSERT INTO `main_remark` (`id`, `section_id`, `expert_id`, `date`, `body`) VALUES (17, 7, 25, '2021-12-18', 'Rerum qui repellendus odit quia. Occaecati voluptas soluta deserunt voluptatibus corrupti qui quia. Tempore earum tempora et. Non repellendus debitis distinctio ut deserunt. Dolor rem illo eos fugit. Molestiae ipsum neque molestiae iusto ea. Quidem unde nemo voluptatibus laudantium vel nesciunt dolor voluptatem. A similique necessitatibus libero ratione nam sit sed. Qui sed perspiciatis non facere dolorem blanditiis. Vitae blanditiis est quasi ut odio optio. Reprehenderit et enim est dolore quidem ullam nemo aperiam. Omnis quas dolorum iusto. Qui dolor dolorem ullam voluptate odit. Sed nesciunt quis consequatur voluptate. Ab illum dolores rerum perferendis. Eligendi nam quia ratione. Quibusdam enim velit impedit doloremque. Velit praesentium et velit natus nesciunt et illo.');
INSERT INTO `main_remark` (`id`, `section_id`, `expert_id`, `date`, `body`) VALUES (18, 7, 15, '2021-12-27', 'Eveniet itaque earum expedita voluptatem aspernatur officiis. Vel error voluptatum voluptas voluptas adipisci enim. Est veritatis tenetur expedita qui saepe occaecati. Et nulla asperiores atque soluta. Id ullam hic adipisci unde ipsa aut aut. Sit rerum accusantium labore. Quia inventore consequatur cum qui unde quae qui deleniti. Eius fugiat sint quia perferendis. Molestias ea quidem exercitationem pariatur. Placeat esse quaerat maxime aut odio. Pariatur dicta architecto repellendus voluptas rerum ducimus aut. Sed id voluptate minus qui architecto quos consequuntur. Doloremque incidunt beatae sint est debitis nobis. Molestiae at eum earum. Voluptatem accusamus alias modi omnis. Alias sit odit saepe error. Magnam rerum laboriosam consequatur ipsa sed iure asperiores quam. Aut atque distinctio repellat molestias autem. Ducimus aspernatur dolores unde assumenda sed aperiam. Et facere animi laborum consequuntur sint voluptatibus expedita dolorem. Accusantium occaecati odio laudantium et. Maiores aliquam voluptati');
INSERT INTO `main_remark` (`id`, `section_id`, `expert_id`, `date`, `body`) VALUES (19, 8, 8, '2022-01-09', 'Aut ut ut dolores id sint eos adipisci. Ea deserunt eos quidem facere. At quia blanditiis dolorem est perferendis impedit. Tenetur consequatur temporibus consequatur itaque animi. Architecto quos doloremque doloremque cupiditate accusamus nostrum. Exercitationem nihil adipisci unde et. Ut itaque laboriosam sapiente illum est. Et porro non aliquid esse eos atque dicta. Et nihil sit consequatur quasi est aperiam voluptas. Nesciunt quia sapiente veritatis sed aliquid molestiae qui aliquid. Rerum velit officia sit corporis est exercitationem delectus. Delectus ad nihil dolorem natus ad praesentium ullam suscipit. Corporis aliquam dolorem accusamus necessitatibus culpa eius dolorem. Eos non non adipisci voluptas aut quia earum enim. Occaecati est sed minima non aut incidunt. Dolore velit minus dolor facilis totam autem. Eum quis consequatur laudantium eos aut voluptas. Modi blanditiis et numquam doloribus architecto quisquam maiores sequi. Minus dolores qui nostrum expedita optio tempore porro. Consequatur nam ani');
INSERT INTO `main_remark` (`id`, `section_id`, `expert_id`, `date`, `body`) VALUES (20, 10, 22, '2021-12-22', 'Fugiat ut sint corporis temporibus autem. Perspiciatis officia rem expedita est fugiat et perspiciatis. Consequatur vel assumenda eos assumenda et. Ad dolorem quia iste quia voluptas. Dolore magnam autem sint ut eos. Qui aut non et. Sint sunt sequi culpa. Tempore a porro magni sequi ullam vitae. Debitis alias enim odio illum. Et et architecto quaerat ipsum corporis aliquam facere perspiciatis. Qui rerum vitae dolorem voluptatem dolorum rem. Quam facere nihil non. Eaque quasi quibusdam dolorem rem. Alias deleniti iure sed velit consequatur quos et. Dolore debitis earum autem illum et. Molestiae commodi veniam eos et explicabo non delectus. Cum illo necessitatibus alias porro odit eum. Aut quo vel distinctio. Ut dolores voluptas quam. Voluptatem adipisci et impedit. Ea ut quia animi quo aut. Harum unde ut est quae. Fuga quam non qui eos. Quia eum et modi ad. Ut et magnam maiores nihil ea consectetur veritatis.');
INSERT INTO `main_remark` (`id`, `section_id`, `expert_id`, `date`, `body`) VALUES (21, 2, 5, '2021-12-17', 'Cupiditate dolor sapiente velit voluptates dolorem aut. Non rerum est sunt laborum. Et et ullam tempora eos. Ut ipsum aperiam eaque consectetur facere enim. Eos perferendis molestiae consequatur voluptas omnis est. Exercitationem iusto totam delectus delectus cumque animi odit. Nemo consequatur accusamus non quam similique magnam alias. Reiciendis sit facere mollitia. Provident voluptatem deserunt et beatae rerum dolor. Corporis odit enim atque dolorem autem dolores illum. Eaque reprehenderit minima quisquam iusto excepturi. Iure id dolorem iste vero. Quia aut quia quibusdam sed sunt laudantium. At enim placeat qui consequatur a.');
INSERT INTO `main_remark` (`id`, `section_id`, `expert_id`, `date`, `body`) VALUES (22, 5, 17, '2022-01-07', 'Dignissimos tempore rerum ut ullam. Eius quod aut ratione maiores impedit. Commodi culpa rerum nihil reiciendis amet unde est. Iure alias quisquam tempora aperiam. Nam similique at magnam. Ipsa unde odio a laboriosam. Qui porro quidem aut ab. Perferendis quas praesentium tenetur eveniet. Quas nihil nam quae dolore sed laborum fugit molestiae. Pariatur expedita ut quos vero. Sit quidem officiis facilis. Aut ad voluptatibus illum et necessitatibus provident ut. Quae alias consectetur ipsum sit. Aperiam aut occaecati nesciunt et consequatur quidem dolor. Vel totam sint consequuntur quam voluptatibus accusamus. At quidem quas sed eum est. Temporibus ut porro maiores ducimus et. Tempore eos qui provident voluptatibus in illum. Id sint sint a et. Repellendus non consequatur aut laboriosam id consequuntur sint. Quo ut magnam omnis magni eligendi nisi ut. Et quod non dolores beatae qui molestiae impedit. Impedit soluta itaque ullam quidem sit magnam qui. Nemo aut ratione nihil velit aperiam adipisci. Ut officiis et i');
INSERT INTO `main_remark` (`id`, `section_id`, `expert_id`, `date`, `body`) VALUES (23, 6, 1, '2021-12-22', 'Autem deserunt quaerat est sequi porro ad. Quibusdam ipsa voluptatem nemo non maxime fugiat quis assumenda. Eum temporibus nisi repellendus error sit eveniet exercitationem aut. Ut rerum ad aliquam fuga. Blanditiis aut ratione sit porro aut repellat. Corporis qui libero assumenda similique fugiat. Architecto minima dolores ut commodi. Quo similique cupiditate quam veniam et veniam. Ut id sit ducimus voluptas. Omnis sit id et ut in. Et aut enim delectus temporibus. Asperiores sed aliquam et voluptatem pariatur occaecati. Consequatur voluptates rem at ullam commodi eveniet. Aut laudantium et ab aperiam quibusdam. Dignissimos non autem ut eum ut et qui aut. Ut accusamus nemo sapiente et sed voluptate alias. Et qui quis illum.');
INSERT INTO `main_remark` (`id`, `section_id`, `expert_id`, `date`, `body`) VALUES (24, 13, 8, '2022-01-09', 'Accusamus corrupti voluptas eos aperiam ducimus. Repudiandae et fuga facere et repudiandae. Necessitatibus veniam culpa est quos. Ducimus veniam qui cumque quia delectus. Veritatis consequuntur iure aut tempora in. Fugit voluptatibus dolor exercitationem dolore minus et. Quia et aut atque aut reprehenderit. Alias sed necessitatibus accusamus voluptas. Sit quia quasi magni ut eum aut sint possimus. At et ullam dolore amet neque repellendus. Eaque repudiandae odio qui. Placeat ipsam voluptas ipsum sint non optio qui odio. Est enim excepturi possimus. Quidem ut ducimus odio. Sequi ratione minus dolores possimus aut aut qui. Ut natus porro accusantium aut sint iste totam. Et eligendi quia debitis sequi. Repellat voluptates odit nam. Et voluptatem eos omnis quasi aperiam. Magnam non molestias velit omnis ullam. Non aut ut omnis iste consequatur aut sint. Qui fugit animi natus ducimus quaerat. Commodi doloremque et amet accusamus iusto consequuntur. Explicabo ut consequatur placeat dolores. Numquam est ut vel. Eos ');
INSERT INTO `main_remark` (`id`, `section_id`, `expert_id`, `date`, `body`) VALUES (25, 4, 15, '2021-12-29', 'Et laborum atque odio. A ipsum fuga non. Saepe incidunt ut sequi et assumenda reiciendis aspernatur. Odio amet et cum iure. Odit rem quas natus ea. Ut occaecati dolore et et atque. Eum qui ut quisquam minus et. Autem vero consequatur illo. Quasi error expedita animi ut. Et laudantium ipsa earum. Consectetur minima modi dolorum ut rerum deleniti earum voluptate. Hic autem nihil dolore blanditiis. Aut officia amet voluptatibus cum qui. Et vel voluptatum eaque itaque ea. Magni sint consequatur cum qui vitae. Amet non ut fugit maiores. Non nihil quam explicabo iste. Et qui commodi animi expedita. Ea deserunt tempore possimus voluptate veniam ut quibusdam. Debitis dolorem labore omnis laudantium nulla consectetur sunt. Qui necessitatibus tempora voluptatem dolorum voluptates. Omnis quos nemo voluptas cupiditate maiores molestias id. Temporibus neque a sit eos. Doloremque blanditiis soluta dolore tenetur voluptatibus sapiente rerum. Nulla doloremque ut nihil culpa repudiandae sunt nisi. Amet et minima ab ducimus ip');
INSERT INTO `main_remark` (`id`, `section_id`, `expert_id`, `date`, `body`) VALUES (26, 3, 1, '2022-01-10', 'Rem fuga sit laboriosam autem corporis. Mollitia quia illo odio velit iure ipsam et. Earum natus voluptate nesciunt sed vero illo. Quaerat quia totam adipisci qui rem ad hic natus. Eius vel nisi impedit fugiat debitis neque magnam nulla. Quaerat esse et sunt quae. Quisquam voluptate tempora velit laudantium saepe voluptatum iure. Sapiente quae voluptatem quia illum ab et aliquid ducimus. Aut voluptatem sed aut quis illo et quos. Minus ipsam doloremque sunt illum eos animi. Molestiae voluptas at aut at culpa saepe. Sint atque recusandae corporis et distinctio nam esse. Perspiciatis blanditiis adipisci non atque voluptas debitis consequatur ut. Reiciendis similique qui vitae id. Quisquam iure quaerat enim repudiandae a et illum aliquam. Corporis consequuntur dolore quam excepturi aliquam. Harum dolor aliquid at quidem. Est amet nisi dolorem quia. Eum id eius ipsum enim. Perspiciatis ea aut voluptates est. Omnis aut et ratione similique tempore labore. Quas ea voluptatem cumque reiciendis. Voluptatem suscipit ac');
INSERT INTO `main_remark` (`id`, `section_id`, `expert_id`, `date`, `body`) VALUES (27, 6, 13, '2022-01-04', 'Omnis modi quasi doloremque. Exercitationem facere est voluptates et eum suscipit corporis. Quos dolorum dolorem et aut sit. Impedit impedit consequatur libero molestiae est quaerat. Quis ea natus possimus assumenda voluptatum sit consequatur. Molestiae saepe velit culpa. Beatae velit quos id id quaerat. Ea blanditiis excepturi dicta et. Mollitia est autem vel nemo soluta. Sit pariatur enim quaerat. Minima possimus ullam nihil tempore quasi est incidunt. Reiciendis placeat odit ipsum sed sit quisquam nesciunt. Consectetur consectetur autem quia praesentium officia mollitia. Et inventore est odio et. Perspiciatis unde voluptatum animi quas. Corporis est sint laborum dignissimos temporibus. Sunt hic possimus iure nisi inventore. Perferendis corrupti magni voluptate. Dolorem rem impedit laboriosam qui ea.');
INSERT INTO `main_remark` (`id`, `section_id`, `expert_id`, `date`, `body`) VALUES (28, 14, 9, '2021-12-30', 'Velit porro non quisquam mollitia. Minus voluptatibus eum dolor officiis et. Distinctio mollitia reiciendis magnam consequatur reiciendis enim. Impedit porro beatae eos dicta aut. Est sunt beatae voluptas autem mollitia culpa. Dicta quis deserunt sapiente vitae ea voluptatum voluptate. Quibusdam perspiciatis dolor architecto rerum voluptatem. Non quae totam et non est. Eum fugiat voluptatem in molestiae a ipsam velit adipisci. Eos qui corporis quia sed ut voluptas ut quis. Qui eaque minima illo non rerum velit cumque. Et ut voluptate nisi repudiandae possimus doloremque debitis. Unde non voluptate iste nemo. Est inventore totam magnam aut nobis. Commodi quas sed ea fugiat. Molestiae ut occaecati nihil cum. Et aut dolorem aut culpa rerum. Et aperiam ut voluptatem ea porro. Ut voluptatibus animi sequi at voluptatem consectetur est. Tempora sunt sequi eum asperiores occaecati. Ratione est accusantium quia ullam. Alias dicta est sit et. Rem ea magni at error aspernatur nihil laboriosam. Beatae molestiae quo labor');
INSERT INTO `main_remark` (`id`, `section_id`, `expert_id`, `date`, `body`) VALUES (29, 11, 4, '2021-12-16', 'Quia doloribus ipsa reiciendis tempore officiis. Id voluptas consequatur quidem sunt et dolorem. Perferendis nesciunt et quo magnam dolorem dolorum et. Temporibus aut ut necessitatibus. Totam aspernatur impedit est ut eveniet. Qui exercitationem corrupti et. Vel soluta illo quos doloribus. Voluptates sed minus veniam magni dolore quis. Nam omnis omnis officia sint iste est. Odit iusto quibusdam iure id ex. Ut rerum repudiandae modi quae sint voluptatem est. Quibusdam deserunt vitae id perferendis. Blanditiis dolorem illum quo recusandae tempore. Sint est deserunt doloremque magni dolorem eum aut. Eaque quis accusamus sapiente fugit soluta. Consequatur sed aut placeat nemo sit qui mollitia est. Modi non reprehenderit non natus sit qui. Sit cum sed tenetur est voluptas. Minus accusamus iste cumque qui. Dolorem voluptatibus molestias deserunt dolores. Suscipit qui tempore et dolor fugit totam reprehenderit quis. Id eaque optio ab sint. Asperiores esse consectetur ipsum aut est.');
INSERT INTO `main_remark` (`id`, `section_id`, `expert_id`, `date`, `body`) VALUES (30, 8, 19, '2021-12-26', 'Ut modi quos eveniet facilis. Voluptatum pariatur architecto molestiae similique. Optio numquam distinctio temporibus fuga. Veniam temporibus dolor eaque est velit eum qui. Optio laboriosam ut quia soluta debitis unde rem. Et est reiciendis magnam omnis aperiam corrupti sint. Aut est repudiandae harum provident placeat consequatur sunt. Assumenda quo porro deserunt qui iste sequi aut. Magni illo nam fuga sit facere dolorem sapiente tenetur. Dolores saepe sunt dolore ipsa ratione recusandae aut. Aut eius quod dolorem et qui. Expedita harum sint maxime ex dignissimos et. Cupiditate reprehenderit distinctio qui et voluptatem eos. Eligendi sed ut quo ducimus iure velit iste. Non consectetur aut quidem quia. Facere repellat veritatis dignissimos deleniti. Iste qui est magnam quis. Voluptas quibusdam ex expedita. Fugit expedita sed amet ex quo. Consequuntur quos cupiditate quaerat. Enim quibusdam dolorem non facilis inventore. Eaque provident officiis esse animi in. Dolor doloremque pariatur qui fuga. Quia dolores ');
INSERT INTO `main_remark` (`id`, `section_id`, `expert_id`, `date`, `body`) VALUES (31, 5, 11, '2021-12-29', 'Quasi cum vel deleniti. Accusamus quae praesentium quis. Non delectus assumenda rem. Commodi quia qui iure expedita. Accusantium neque fugiat saepe vel modi et. Doloribus et voluptas rem quia corrupti eum quam. Id porro ipsa magni suscipit quia praesentium. Error ipsum consequatur commodi suscipit quod. Occaecati harum perspiciatis debitis nesciunt saepe enim quia assumenda. Itaque reiciendis temporibus facilis quaerat. Quis quam molestias qui ab fugiat. Tenetur nam voluptas et fugiat et. Optio est aut necessitatibus ducimus tenetur. Ea animi eius quos ab natus. Fugit ea sint et tempore. In harum explicabo nulla. Asperiores sed eum ullam aperiam veritatis. In aperiam eum molestiae cupiditate fugit necessitatibus. Amet non amet quis. Occaecati ut est error. Doloribus eligendi sequi autem voluptas molestiae est. Non quia ut ex cumque. Est quaerat illum non ut quis quas enim. A sit eos quibusdam. Eaque aut error harum est et nisi. Dolorem et est exercitationem voluptatem dolores quos.');
INSERT INTO `main_remark` (`id`, `section_id`, `expert_id`, `date`, `body`) VALUES (32, 13, 10, '2021-12-31', 'Qui sit consequatur omnis iste ut omnis libero. Ipsa ratione recusandae libero culpa illum autem molestiae. Nihil id non voluptatem optio quidem. Saepe quaerat culpa ea rerum repellat laborum. Mollitia nisi possimus voluptatibus est. Consequatur adipisci modi aut magni sit voluptatem vitae. Quo eos vel sequi possimus. Modi dolor cupiditate nesciunt facilis cupiditate et inventore officia. Harum veniam sint nam voluptates recusandae. Enim sit ea ea. Voluptates laborum quia veritatis numquam itaque. Atque vero eos iure aperiam nobis. Quia cum excepturi adipisci officiis laborum sed. Ducimus consectetur accusamus et. Error accusamus qui quaerat eos quae. Dicta animi sunt qui molestiae voluptatibus. Perspiciatis repudiandae ab et placeat. Numquam reiciendis omnis quidem sunt. Recusandae nulla quos ea repudiandae. Et officiis eius mollitia. Commodi harum dolorem ut rerum pariatur vero eligendi. Aut aspernatur sed sapiente eum rerum et. Eum repellat aut voluptatibus explicabo quidem ut voluptas. Cumque aut asperior');
INSERT INTO `main_remark` (`id`, `section_id`, `expert_id`, `date`, `body`) VALUES (33, 1, 20, '2022-01-09', 'Aut officia optio ducimus et velit iusto. Nihil omnis et incidunt est rerum. Aliquam voluptatem sit enim dolore perferendis laudantium sed esse. Unde voluptate repellat eius quia. Voluptatibus sit dolorem error alias. Magnam ullam et qui minima voluptas quidem quibusdam. Ut aliquid quo unde totam qui unde. Dolor quis molestiae error ut est magnam. Eos culpa qui nesciunt itaque fugiat rerum omnis officia. Odit illo qui dignissimos neque unde porro possimus. Et voluptatem sit nulla. Ut et error a excepturi nobis. Cumque ad aut alias rem excepturi. Voluptatem officiis veniam quibusdam reprehenderit corrupti est. Sed atque consequatur dolorem asperiores est inventore sint. Molestiae repellendus labore et vel non qui. Beatae esse ratione dicta. Omnis ut repudiandae reiciendis et. Totam quis aut dolores autem. Porro sunt vero sit facere soluta repellat odit. Porro veritatis est ratione dolorum. Reprehenderit praesentium est numquam debitis cupiditate. Quo voluptas omnis perferendis enim optio. Labore et rerum vel d');
INSERT INTO `main_remark` (`id`, `section_id`, `expert_id`, `date`, `body`) VALUES (34, 15, 28, '2022-01-10', 'Omnis veritatis neque dolorem magnam. Soluta alias sed magni magni. Deserunt culpa eaque quam reprehenderit ratione. Omnis rerum est deleniti qui explicabo iure qui. Et officiis saepe ipsam nobis. Atque eos similique quia aspernatur et voluptatem. Consequuntur consequatur cumque non totam tempora sint. Id recusandae excepturi est ut. Ut delectus repellat minima odio velit. Quae repellat non assumenda iure sit. Ut qui impedit et aut assumenda odio amet. Recusandae asperiores nihil sed reiciendis distinctio sit eaque dolorem. Quia accusantium quibusdam voluptatum at sit sed. Velit esse vero incidunt fuga voluptatibus temporibus illum. Quia numquam laborum nulla officia corrupti rem. Earum consequatur consectetur quo nam. Ut rerum unde beatae ea quibusdam at. Adipisci hic perferendis ab quas. Vel fugit dolor a fugiat magni vitae facilis. Voluptas et consequatur et perferendis ea eaque. Doloremque exercitationem error quia dolore voluptas doloribus veniam atque. Esse perferendis quia sit consequatur quis perferen');
INSERT INTO `main_remark` (`id`, `section_id`, `expert_id`, `date`, `body`) VALUES (35, 2, 29, '2021-12-29', 'Aut labore excepturi deleniti consectetur alias dolorem nemo. Sunt totam recusandae ducimus quasi nesciunt numquam modi. Fugiat eius qui aut eaque est aperiam. Dolorem ea deserunt iusto aut quis eum commodi. Ut ut quaerat harum cum. Et repellendus temporibus ea esse voluptatem quia. Sint quia ea recusandae nobis consectetur nam blanditiis. Rerum recusandae illo tenetur. Id ea blanditiis rem. Autem qui autem omnis non quaerat asperiores. Est id fuga enim quae in cum in. Deleniti et et nostrum voluptate sunt laborum. Ut non molestias corporis blanditiis labore et hic. Distinctio tempora deleniti voluptatem ea et. Qui error earum distinctio et. Impedit perferendis nisi perferendis earum nam quidem id maxime. Architecto qui odio totam est deleniti rerum beatae. Aliquam velit nam consectetur eum distinctio qui. Sit nemo labore voluptatum ut eaque ipsa cupiditate.');
INSERT INTO `main_remark` (`id`, `section_id`, `expert_id`, `date`, `body`) VALUES (36, 7, 15, '2021-12-19', 'Eaque provident rerum excepturi quod voluptas quia. Dolore rerum libero ad consequuntur unde cumque. Atque est eum et. Consequuntur a cum placeat provident. Eveniet reprehenderit quis facilis hic qui occaecati aspernatur. Modi vitae ipsa veniam voluptas dignissimos ut. Vitae quaerat et repellat. Expedita et sequi voluptatem dolores nemo sequi inventore. Dolorem praesentium molestiae eos. Laboriosam id in quasi natus doloremque et facere. Eius id enim id quia sit qui accusamus. Animi dolore inventore cumque maiores. Sit nemo voluptas velit officiis nesciunt earum dolorem. Facere sit voluptatibus vel perspiciatis. Corporis quibusdam blanditiis doloremque repellendus. Dolor culpa praesentium facilis ab laborum sunt. Repellendus est quis qui eum dolorem. Id soluta voluptatem quod.');
INSERT INTO `main_remark` (`id`, `section_id`, `expert_id`, `date`, `body`) VALUES (37, 12, 12, '2021-12-22', 'Et quibusdam quis natus debitis est architecto repellat optio. Consequatur exercitationem ut eum. Atque nulla dolores quisquam non. Expedita eius sit enim tempora est non nihil deserunt. Dolorem dolorem minus qui laborum fugit ut. Sed nisi et quia ex aut. Voluptatibus officia rerum minima occaecati ea error incidunt excepturi. Saepe laboriosam quis dolor. Quis voluptas esse ad modi odio libero et. Quos cumque sit in esse necessitatibus sed sunt. Dolores molestias et dolorem maxime dolores ut unde. Non et nihil minima sunt. Quod molestiae sit est inventore accusamus quae.');
INSERT INTO `main_remark` (`id`, `section_id`, `expert_id`, `date`, `body`) VALUES (38, 2, 17, '2022-01-12', 'Aut sed hic porro libero et explicabo. Ut quis illo numquam. Itaque aut accusamus harum perspiciatis officia. Iure eaque et ab vitae ratione. Dolores ea possimus velit perspiciatis incidunt. Sint earum fuga tempora dolorum nihil. Molestiae nihil quod eius doloribus dolorum autem ut. Magni et repellendus ducimus ut rem voluptatem blanditiis. Provident quo sunt cupiditate aspernatur aut. Soluta possimus sed necessitatibus. Similique porro nisi eum nemo. Cum dignissimos et perspiciatis nostrum facilis nobis. Non maiores praesentium architecto et qui exercitationem et. Aperiam consectetur porro rerum cupiditate aliquam alias et. At ex sit recusandae error vitae. Sit ut facere aut deserunt ea. Similique ut non ut id nemo asperiores.');
INSERT INTO `main_remark` (`id`, `section_id`, `expert_id`, `date`, `body`) VALUES (39, 6, 21, '2021-12-21', 'Cum sit dolore deleniti beatae cum omnis. Eaque ut repellat facilis. Et corrupti amet culpa neque esse totam. Consequatur hic similique eos et quis vel excepturi. Beatae omnis atque inventore placeat. Et asperiores sequi quos reiciendis qui. Modi nostrum omnis architecto temporibus voluptate odit. Amet debitis vel deleniti sit et porro. Quis voluptatem excepturi deleniti temporibus iste sit velit. Delectus incidunt nemo ut similique. Saepe architecto repellat alias aut dolorem repudiandae dicta. Ut consequatur eum alias aliquam quis iste. Quia rem molestias beatae ut. Laborum officia numquam autem et totam ea cum. Dolorem et ut id deleniti blanditiis. Delectus autem ratione earum tempore. Repellendus voluptatum libero sed aut sed nesciunt dolorum. Velit voluptate est aliquid quod velit ab vel. Et voluptas aperiam asperiores reprehenderit consequatur soluta. Animi saepe accusamus sed earum iusto qui dignissimos. Quae magnam rerum cumque quia. Mollitia rem non numquam. Ipsam maiores deserunt ducimus ab culpa. R');
INSERT INTO `main_remark` (`id`, `section_id`, `expert_id`, `date`, `body`) VALUES (40, 11, 13, '2022-01-08', 'Reprehenderit iste fugiat et ex fuga sed ut. Rerum non velit sunt. Veniam laboriosam facere perferendis. Vel voluptas consequuntur quia officiis necessitatibus nisi facere nihil. Ut consequatur qui perspiciatis sapiente amet sit quia. Nesciunt corrupti provident dolor voluptate. Voluptas placeat eligendi dicta iusto. Nisi id quia quas occaecati. Qui itaque vitae recusandae quis beatae eligendi autem. Quibusdam explicabo quae est consequatur aut eos amet. Sunt sunt voluptatem ipsum est. Dolor porro nesciunt dolore ipsum. Assumenda assumenda dolorem at. Consequatur quae eos at cupiditate sed. Perspiciatis culpa consequatur incidunt ipsam magnam. Id sunt voluptatem excepturi placeat quia officiis suscipit. Vel vel repellendus quidem perspiciatis. Minima nesciunt blanditiis qui facilis amet quo vel. Consequatur numquam magni aliquid voluptatem quia omnis. Aliquid laboriosam atque aut. Tenetur et nemo velit quasi ut sit expedita. Qui reprehenderit est itaque facilis suscipit delectus voluptas. Ut sit velit magnam ');
INSERT INTO `main_remark` (`id`, `section_id`, `expert_id`, `date`, `body`) VALUES (41, 1, 21, '2022-01-12', 'Dolor eveniet voluptatem labore maiores hic at eos. Voluptatibus tempore veniam inventore qui et ut. Aspernatur deleniti porro placeat blanditiis reprehenderit est. Facere laudantium et non ipsum praesentium enim. Dolor cum fuga non velit quaerat. Corporis molestias harum aliquid qui dolores incidunt consequatur. Similique voluptates distinctio dolores qui doloribus. Adipisci qui amet exercitationem tempore dolorem repellat. Incidunt quos quam totam provident. Optio adipisci quae neque ab. Non perferendis adipisci rerum eligendi quasi nobis. Blanditiis quas ea sunt ea pariatur consequatur impedit. Eveniet et maxime dolorem odit iste enim est. Aut similique sequi quae facilis et nostrum non maiores. Fugit iure quam veniam laudantium id incidunt voluptatibus. Ab odio occaecati error nostrum ea. Sapiente veritatis consequatur odio quod accusantium dolorem vel. Omnis adipisci ea dolore. Voluptatem cupiditate pariatur molestiae accusantium porro. Vel est facere dicta occaecati numquam id nesciunt. Totam repellat n');
INSERT INTO `main_remark` (`id`, `section_id`, `expert_id`, `date`, `body`) VALUES (42, 14, 5, '2021-12-27', 'Et eum et beatae ut voluptas. Iste eum quo adipisci molestiae. Aut rem sunt neque culpa fugit eos id voluptatem. Eaque natus eum veritatis non amet eos qui. Ea sit ut nobis et placeat earum. Beatae reiciendis quod hic temporibus quas. Est eligendi et dicta quas laboriosam dolorem officia. Voluptatem ab sint quia. Aperiam dolore sit beatae dignissimos aspernatur. Qui enim omnis sint nemo. Voluptas hic laborum rerum et quae nulla. Voluptatem quod omnis ut labore veritatis voluptatem. Nobis esse ut et. Provident voluptas dolores itaque quia sit nostrum ut.');
INSERT INTO `main_remark` (`id`, `section_id`, `expert_id`, `date`, `body`) VALUES (43, 5, 5, '2022-01-01', 'Voluptatem voluptatem sit impedit explicabo occaecati. Veritatis corrupti ducimus et mollitia perferendis ab. Enim voluptatem repellendus rerum. Ut perferendis nulla quo perferendis ea. Natus harum deserunt debitis perferendis rerum expedita. Tenetur occaecati reiciendis nihil at consequatur quas eos. Fugiat ratione ipsum dolor ab a eius qui. Consequatur qui saepe et ut cupiditate aspernatur. Tempora et esse nisi dolor omnis. Omnis nesciunt aperiam nemo et beatae magnam dolores. Eveniet fuga et vel enim. Quo omnis modi saepe rerum qui similique. Ad architecto ipsam qui officia.');
INSERT INTO `main_remark` (`id`, `section_id`, `expert_id`, `date`, `body`) VALUES (44, 4, 17, '2021-12-25', 'Eligendi fugiat aut aut ducimus et. Autem enim voluptas dolorum unde cumque nulla soluta. Quia corporis natus aperiam sit quia. Fugiat sit expedita est est. Officiis magnam eaque sit saepe sed dolorem itaque. Sit minima accusamus sed ut numquam. Voluptas ducimus dolores suscipit ut nesciunt itaque. Praesentium optio tenetur rerum quis. Et harum doloremque aut tenetur nihil debitis. Veritatis numquam temporibus porro cum velit itaque assumenda. Et nesciunt accusamus dolore voluptas aut. Nesciunt sapiente quos eius quia rerum placeat impedit eum. Sequi dolor non quis est assumenda. Non dicta ratione porro vel. Quibusdam quo eum accusantium totam quo molestiae.');
INSERT INTO `main_remark` (`id`, `section_id`, `expert_id`, `date`, `body`) VALUES (45, 2, 3, '2021-12-30', 'Provident repudiandae dolores illum quis. Corporis quod architecto perspiciatis eaque. Cum ab temporibus ut qui. Culpa ut quod porro reiciendis ipsam numquam. Voluptates qui asperiores voluptas voluptatem. Tenetur molestiae tenetur officiis quo id vero sint. Exercitationem qui non fugit sapiente. Quisquam alias ut aliquam nihil sequi minima. Alias et qui aspernatur sint aliquid. Aspernatur in repudiandae magni sed in ea officia. Placeat non sunt sint assumenda consequuntur. Aliquid temporibus in pariatur labore est ut ut. Sequi ea magnam corporis aspernatur. Ex vel consectetur occaecati earum veniam aliquam inventore. Atque officia ad incidunt nobis nostrum praesentium. Ad sint numquam facere enim inventore. Necessitatibus pariatur enim culpa veniam. Dicta at consequuntur sint quibusdam.');
INSERT INTO `main_remark` (`id`, `section_id`, `expert_id`, `date`, `body`) VALUES (46, 7, 24, '2021-12-20', 'Est autem ut rerum saepe dolores. Voluptates alias repellendus repellendus aperiam occaecati aperiam. Expedita debitis dignissimos eius eveniet in rerum. Enim soluta iusto nulla perspiciatis. Eius sit eligendi atque asperiores officiis. Voluptates possimus inventore aliquid id placeat. Saepe nostrum voluptate accusamus natus. Repellendus eveniet repellat voluptatem sapiente. Possimus consequatur quas non tempore. Consequatur aut voluptates laudantium voluptas. Facere illo quo commodi. Ex quia sit omnis in est ex perferendis ipsa. Id et pariatur nihil quia. Rerum ducimus quo et et ut reiciendis ut.');
INSERT INTO `main_remark` (`id`, `section_id`, `expert_id`, `date`, `body`) VALUES (47, 2, 17, '2021-12-23', 'Harum at illo voluptates soluta. Voluptatum eius sit distinctio aut autem rerum sequi. Ut voluptatem reiciendis et dignissimos molestias ut voluptatem. Quaerat veniam id quia beatae. Rerum blanditiis quae est dolores est neque qui. Omnis aut non ratione dolore deleniti ab harum quia. Hic esse in voluptates ut. Officia nemo quia magnam perspiciatis et necessitatibus. Aut facilis sit laudantium sit impedit sunt architecto. Aut sed ut quo adipisci. Explicabo assumenda at ullam sit ea qui. Cum perferendis iste aut error. Error aut aut eos consequatur aut. Quam rerum voluptatem velit laudantium. Ad laudantium nihil hic corrupti tenetur dolores iste. Dicta possimus quibusdam laborum quo et quasi aut. Ea dolor quidem quibusdam reprehenderit voluptas ut. Nisi est dolores nobis et sunt unde. Exercitationem nesciunt fuga expedita qui cumque ab ipsum. Non mollitia accusamus voluptatum labore et neque. Molestias iusto aut vero consectetur commodi placeat perspiciatis et. Impedit mollitia delectus aut repellat doloremque.');
INSERT INTO `main_remark` (`id`, `section_id`, `expert_id`, `date`, `body`) VALUES (48, 9, 28, '2022-01-11', 'Rerum iusto natus quod. Ratione aliquid iste velit cum amet culpa sapiente dolor. Eligendi quas adipisci est soluta. Quo reiciendis accusamus ut autem blanditiis assumenda qui. Eaque voluptatibus eum nihil molestias quia. Quia ab molestias quas quia libero. Eum optio voluptates sit ut mollitia. Repudiandae nulla sunt aut rem nemo hic vitae. Dolore autem ducimus aut vitae expedita. Ex voluptatibus reprehenderit ratione porro sed eveniet. Deserunt asperiores doloribus necessitatibus. Rerum sint qui autem. Deserunt delectus nisi quo quia perspiciatis beatae ex quis. Et quod maiores eaque autem est nisi minima. Blanditiis facere itaque omnis reiciendis fuga ut praesentium. Repudiandae et cumque rerum sapiente officia eveniet aut. Cum non eligendi aliquam sunt labore quia ut. Ut culpa vitae facere ratione nesciunt sit in iusto. Mollitia voluptas accusamus aut sequi vel. Dolores molestias facilis est ut fuga delectus.');
INSERT INTO `main_remark` (`id`, `section_id`, `expert_id`, `date`, `body`) VALUES (49, 11, 4, '2021-12-27', 'Corporis ea et laborum. Doloremque rem vel fugit quis sint. Impedit minima doloribus voluptatem iusto pariatur error quidem. Dolores soluta qui harum sapiente. Repellat distinctio exercitationem aut tempora quasi ratione suscipit deserunt. Vero aliquid consectetur et dolores dignissimos. Et numquam aut quos est amet aut facere quia. Atque iure at quae aut consectetur reprehenderit. Repellat suscipit iusto modi temporibus. Repellat et et quasi quia. Cupiditate praesentium dolore ullam sed voluptates pariatur expedita. Accusantium animi magni quisquam et sit quo. Voluptatem dolorem omnis id qui perspiciatis. Quia quo veritatis necessitatibus occaecati id et dolores ut. Voluptates iusto cum culpa odit corrupti placeat. Doloremque ut rem nihil. Odio atque delectus reprehenderit voluptas. Cum reiciendis at laborum quos quia. Eum commodi quia dolores consequuntur autem omnis dolore. Fugiat est exercitationem enim in. Expedita velit error consequatur non. Officia dolores voluptatibus ut quam libero ipsam. Reprehende');
INSERT INTO `main_remark` (`id`, `section_id`, `expert_id`, `date`, `body`) VALUES (50, 3, 18, '2021-12-15', 'Natus laudantium id eius nostrum velit fugiat. Omnis aut odit magni quod suscipit laborum alias. Voluptas aperiam quis sunt qui voluptate qui aliquam. Nihil eligendi ipsam commodi consequatur. Iste nemo id eligendi aliquid possimus. Ut et sint quis iste incidunt illo similique. Inventore quis nesciunt est exercitationem et itaque. Aut dolore distinctio sint eum aut voluptatem sit. Facilis aspernatur corrupti vel repudiandae dolor. Exercitationem fugit nesciunt est ea veritatis quis. Consequatur qui numquam optio est non atque officia beatae. Rerum dolorem minus et sapiente voluptas libero rerum. Nam qui omnis quisquam sit hic et qui. Quia et sunt nulla eum odio ex. Voluptas quisquam temporibus rerum ab ipsa cum. Eius aliquam veritatis asperiores molestiae ea. Possimus tempore quo ut ratione molestiae. Non molestias veritatis voluptas rem. Exercitationem qui tempore repellendus laboriosam ut ad numquam cum. Ipsa soluta aspernatur cupiditate nostrum qui vero minus. Voluptas voluptas at officia autem aut eaque c');
INSERT INTO `main_remark` (`id`, `section_id`, `expert_id`, `date`, `body`) VALUES (51, 12, 4, '2021-12-13', 'Nesciunt velit quisquam est id. Alias sed consequatur est ut ea quidem. Iure sed sapiente aut velit distinctio. Possimus nulla labore consectetur neque. Rerum corrupti quasi earum excepturi sequi. Neque a et eum voluptas tempora. Et facere deleniti reprehenderit voluptas reprehenderit. Animi iste voluptatem delectus occaecati. Ut expedita ea architecto sunt molestiae esse pariatur. Ab qui dolorem tempora sequi molestias aut aut. Blanditiis omnis iste velit sit. Et numquam voluptas et aut quis suscipit. Sint ex voluptatem magni earum nulla. Adipisci eum totam culpa quis libero. Ipsam voluptatem rerum aspernatur. Non ut qui sint velit sequi praesentium in. Excepturi animi tempora voluptatem dolorem corrupti harum. Aut vel et ab minus. At quo rerum nesciunt iure est. Eius est veniam vel eos eaque nihil impedit omnis. Corrupti voluptas et harum vel voluptatem fuga quia. Saepe enim fugit harum.');
INSERT INTO `main_remark` (`id`, `section_id`, `expert_id`, `date`, `body`) VALUES (52, 4, 19, '2021-12-16', 'Ex impedit odio necessitatibus nemo quam ipsa quisquam. Aut saepe sint corporis temporibus illum omnis quia nemo. Quibusdam et quos rerum eveniet. Corrupti sed esse voluptatibus animi porro et omnis. Culpa ut atque molestiae et quasi nam in amet. Nihil dicta veritatis dolor accusamus nesciunt adipisci et. Praesentium rerum ab fugiat debitis sit repellat. Tenetur impedit ut laudantium ducimus dolore ad eveniet sed. Dolor delectus et impedit libero. Est qui consequatur natus officiis id voluptatum quia numquam. Non officia eaque sint consequuntur. Repellat recusandae vel deleniti ipsa quibusdam soluta eum. Esse esse expedita voluptas omnis. Nulla tenetur a esse inventore laudantium commodi assumenda. Repudiandae earum tenetur corporis aut et officia possimus vel. Ut saepe ex neque culpa totam eligendi. Fugiat qui repellat vero aliquam et. Repudiandae voluptatem dolor totam consectetur amet. Excepturi id sunt vitae placeat ut. Laudantium quidem vel ducimus iste maiores sit fugit. Est assumenda quia veniam eligen');
INSERT INTO `main_remark` (`id`, `section_id`, `expert_id`, `date`, `body`) VALUES (53, 7, 29, '2022-01-06', 'Dolorem praesentium ducimus accusantium qui exercitationem. Quia nihil iste et nostrum eum sed. Pariatur pariatur rerum quibusdam et. Blanditiis consectetur quisquam non praesentium quo cupiditate. Totam non dolore sequi. Eligendi eius ea necessitatibus excepturi et. Error omnis itaque aspernatur soluta sunt modi voluptatem. Odio eum ea nesciunt dolorem. Omnis doloribus ut architecto molestias corrupti accusamus. In quidem voluptate quasi et fuga atque. Est nesciunt iure non. Dolores adipisci voluptates ea molestiae modi aspernatur beatae. Alias aperiam odit voluptas quia aperiam. Labore optio est vitae qui dignissimos. Saepe et nisi cum at. Velit nostrum quia enim atque id molestias nam. Aut nemo aut magnam ab maxime repellendus. Et qui autem nesciunt amet ad et sit repudiandae. Dolor amet culpa perferendis. Porro soluta et qui est qui odit repellendus. Magni neque dolor quasi architecto nesciunt. Eos dolore quaerat aut distinctio deleniti voluptatem et.');
INSERT INTO `main_remark` (`id`, `section_id`, `expert_id`, `date`, `body`) VALUES (54, 8, 16, '2021-12-22', 'Ullam non vel libero. Non laborum iure sequi est et sed in. Optio sed et ut sapiente ad iusto quam. Ut accusantium voluptate voluptas. Beatae nobis dolorum sed. Porro quo rerum quia quidem ea a modi. Et distinctio rerum tenetur veniam aut et ut. Dolore ullam laudantium et vel voluptas. Vitae ipsam est cum consequatur aperiam omnis. Quia quibusdam non mollitia commodi at rerum dignissimos. Porro id natus omnis ad. Laborum id fugit quasi explicabo doloremque. Sit et vel perferendis quia veniam voluptas. Sunt suscipit molestiae sed vitae est. Ut et aperiam enim veritatis adipisci voluptates enim. Libero aut est a voluptatum assumenda est est suscipit. Facere ipsa voluptas sit quis autem voluptatum error. Fugiat error quis porro aut.');
INSERT INTO `main_remark` (`id`, `section_id`, `expert_id`, `date`, `body`) VALUES (55, 6, 7, '2021-12-13', 'Ad porro atque eius ipsa id earum. Et repellendus nulla impedit veritatis. Porro corrupti nesciunt deleniti quae eveniet. Illo corporis omnis eum molestias nobis reiciendis amet. Aut asperiores ipsa cumque dolorum. Non pariatur alias vel illum nihil quo voluptas. Dicta placeat repellendus tenetur quae. Est nihil quam eaque. Aut fugit minus voluptas vel eos fuga provident. Qui temporibus similique laborum. Quo consequatur nesciunt molestiae mollitia. Et reiciendis eaque adipisci et quia nihil at. Dolores porro quaerat facere modi. Ea earum beatae sit officia voluptatem sed facilis voluptatum. Architecto ex vel et consectetur et. Perferendis atque cupiditate et ipsum. Numquam aut sint hic ipsa ut. Vel excepturi rerum magnam vel rerum porro aperiam officiis. Ut nostrum suscipit ducimus qui. Distinctio similique excepturi hic minus possimus quisquam in.');
INSERT INTO `main_remark` (`id`, `section_id`, `expert_id`, `date`, `body`) VALUES (56, 14, 21, '2022-01-09', 'Sit sed nesciunt quibusdam animi error quo vel minus. Commodi ratione sint animi officia et vitae officia. Ut eos molestias tenetur ea. Similique harum iusto omnis dolore culpa sed. Voluptate iste labore quod exercitationem. Sed molestiae qui fugiat dolores. Consequatur impedit ut nihil iure vitae. Explicabo adipisci ut id qui non qui. Deserunt sunt qui aspernatur sit. Accusamus excepturi dolores provident. Et magnam debitis officia ut aut. Fugit ipsum sint ullam debitis optio. Possimus numquam quas consequatur dolores cupiditate et.');
INSERT INTO `main_remark` (`id`, `section_id`, `expert_id`, `date`, `body`) VALUES (57, 1, 6, '2022-01-01', 'Fugit repudiandae impedit velit mollitia. Et repudiandae neque nostrum rem vitae dolorum beatae ut. Ut aliquid ad molestiae nihil est et. Quia perferendis velit occaecati nam sunt dolorem amet. Veniam est occaecati minus. Dolor dolorem ut alias hic repellendus quos ut. Iste consectetur sint deserunt qui. Velit explicabo voluptatem sit. Natus voluptatem modi qui nemo ut. At amet possimus et repudiandae autem earum. Deserunt consequatur optio in culpa ipsam voluptate laboriosam. Dolorem accusamus officiis odit. Non non rem sit.');
INSERT INTO `main_remark` (`id`, `section_id`, `expert_id`, `date`, `body`) VALUES (58, 6, 20, '2021-12-22', 'Ab omnis officia voluptatem dignissimos consectetur architecto. Sunt dolorem voluptatem tempora consequatur. Necessitatibus maxime laudantium recusandae. Voluptatibus deleniti exercitationem quae quia distinctio. Pariatur accusamus maiores quae quia. Et quo repellat optio repellat. In dolor et velit deleniti. Minima facere et impedit fugit. Qui recusandae veniam sit ea alias. Earum reprehenderit sit at omnis officiis velit laborum. Odio ducimus commodi distinctio similique vero. Expedita quis commodi a. Eius aut aliquid velit omnis qui. Perspiciatis debitis nam ea ex rerum neque culpa. Ut voluptas tempora quisquam et consequatur. Possimus et fugit sunt ea voluptas reiciendis.');
INSERT INTO `main_remark` (`id`, `section_id`, `expert_id`, `date`, `body`) VALUES (59, 6, 2, '2022-01-03', 'Corporis eos iure esse quia occaecati quia possimus autem. Tempora non nihil alias voluptas in. Iste vitae et accusantium facere. Et quia voluptas quia aut ex dolorem odit. Nihil ratione et placeat. Tempora impedit corrupti dolore. Eveniet necessitatibus ut autem id consequuntur aut qui velit. Officia iste unde id quas voluptates. Reiciendis pariatur facere perspiciatis itaque molestiae consequatur. Animi adipisci aut id impedit. Ut nihil maxime rem repudiandae velit. Illum voluptatem harum voluptate cupiditate aliquid. Distinctio qui molestiae culpa dolor voluptatibus est sint aut. Debitis nesciunt id sed eum et. Facere deleniti quia deleniti voluptas eos perspiciatis. Est iure sunt autem labore minima maxime in quia. Dolorum debitis tenetur et modi adipisci harum. Beatae consequatur optio ut consectetur qui consequatur aut. Tenetur et non quos cum porro earum laborum. Debitis rem enim qui ipsum molestias voluptatem. Quidem cum rem ab quis hic ut.');
INSERT INTO `main_remark` (`id`, `section_id`, `expert_id`, `date`, `body`) VALUES (60, 14, 28, '2022-01-07', 'Distinctio consequatur voluptatem est quas minima consectetur. Quibusdam deserunt sint officia ut et corrupti. Atque recusandae expedita quia numquam. Deserunt eum omnis non illum enim molestiae molestiae ab. Blanditiis itaque dicta ut mollitia iure cum sunt quos. Aut architecto aut possimus architecto perspiciatis dolorem. Reprehenderit reiciendis et voluptas ad nam. Sint dicta est doloribus delectus suscipit qui porro tempora. Non sed ut in. Rerum et ut quae aut expedita enim. Dicta in vel vero. Voluptas et impedit perferendis nobis error et. Dolor aliquid sed eligendi error inventore sit accusamus. Rerum officiis libero et. Accusamus aliquam doloremque doloribus enim. Voluptatem est molestias debitis quam saepe consequatur. Tempora ipsam quasi fugit voluptas vitae qui ipsum. Laborum in rerum aliquam quia impedit delectus. Alias enim totam aperiam eaque laboriosam in. Necessitatibus dolorem assumenda voluptas iusto quibusdam accusamus beatae adipisci. Quia voluptatum rerum odit quis nihil accusamus est omni');
INSERT INTO `main_remark` (`id`, `section_id`, `expert_id`, `date`, `body`) VALUES (61, 7, 28, '2021-12-31', 'Ut quasi iure voluptatem consequuntur. Laudantium incidunt corporis et debitis rerum nostrum possimus. Corporis recusandae aut aspernatur veritatis illo esse. Assumenda vero soluta fugit quisquam vel iure quis. Molestiae praesentium eaque incidunt. Cum et et culpa nihil sint. Dolores aliquid quis dolor illum. Ipsam veritatis odio quis ipsum. Voluptatum in velit minima voluptatum nisi est. Qui minima quia quo. Enim quia hic laudantium nobis fugiat veniam numquam. Maxime quibusdam dolorem harum consequuntur nostrum unde. Vitae nesciunt velit at. Quod laudantium sunt temporibus aliquam. Exercitationem possimus modi officiis quibusdam impedit. Nam delectus corrupti qui vel. Ut magni impedit eaque nam et. Cumque sed quo quasi soluta tempora et autem. Voluptatem libero consequatur aut. Ut sint corporis doloremque tenetur sit. Cumque expedita aliquid nihil qui. Dolorem optio unde quidem sint quis. Quod in ut saepe voluptatem iste. Veritatis consequatur ut dolores vel explicabo animi eum odit.');
INSERT INTO `main_remark` (`id`, `section_id`, `expert_id`, `date`, `body`) VALUES (62, 5, 15, '2021-12-20', 'Eius sunt a dolore et soluta eos nisi. Sed aut sint numquam nesciunt voluptas. Qui rerum voluptatem possimus vitae consequuntur. Et odio doloribus sit doloribus quisquam et. Aut officia voluptatem magni rerum. Nulla voluptas et autem neque nulla cupiditate. Impedit deleniti non magnam sint temporibus. Nihil laboriosam nemo repudiandae. Nemo praesentium dignissimos quisquam iure eius ducimus. Dignissimos officiis excepturi iure omnis voluptatem delectus aut. Ipsum sed nostrum cumque facilis quis incidunt. Dolor eligendi dolor est labore et nesciunt. Quia eos porro modi qui distinctio laborum dolores. Sint officia voluptas ut debitis maxime. Minus perspiciatis qui sunt commodi ullam.');
INSERT INTO `main_remark` (`id`, `section_id`, `expert_id`, `date`, `body`) VALUES (63, 14, 22, '2022-01-06', 'Aliquam illum ut voluptas quod error. Incidunt et corrupti cumque fugiat facilis natus. Voluptatem sint ea aliquid rerum pariatur. Nihil est reiciendis assumenda dolore. Cumque aspernatur eum sed voluptatibus. Quia quidem ut ut ut rerum impedit. Quia debitis sint quia officiis repellendus modi cum doloremque. Aperiam qui voluptatem aut aut illum exercitationem. Nam quis ipsa magni quia perspiciatis aut. Dolore dolores voluptatibus neque quo. Placeat qui molestiae ad nisi facilis. Quo molestiae sed omnis aut optio illo et. Nulla nihil veniam qui. Animi pariatur qui in amet aut id. Autem accusantium fugiat blanditiis vel ducimus. Harum ab voluptas et sit. Inventore velit cumque vel dicta quia. Est autem veniam fugiat et iure suscipit. Officiis accusantium pariatur quas pariatur omnis dolor est. Inventore quae praesentium enim ea voluptatibus impedit cum rerum. In ea fuga quidem rerum recusandae aspernatur magnam. Et vel nihil deserunt molestias dolorum est. Eos numquam accusantium ad impedit. Incidunt excepturi');
INSERT INTO `main_remark` (`id`, `section_id`, `expert_id`, `date`, `body`) VALUES (64, 1, 10, '2022-01-08', 'Placeat sed eius qui asperiores. Ut dolor doloribus id qui. Dolorem numquam et maxime expedita aperiam libero esse. Veritatis consequuntur odit iste animi facere eius sunt. Corporis explicabo officia nemo voluptatem. Dolores repudiandae sunt odio nesciunt. Placeat quam modi qui dolores. Sit non eius est ipsam. Quos officiis cupiditate laboriosam odio cumque. Iusto quam fugiat non. Ab aut assumenda ipsa officia excepturi natus. Cupiditate nihil in quia quam et earum numquam. Nostrum dolorem voluptas ipsum dignissimos. Consequuntur est eum quaerat eum dicta. Ut quae eos quam molestiae non ipsam voluptatem. Eligendi in est eligendi earum. Aut architecto assumenda ea quo eos animi. Et aut et nesciunt qui perferendis. Ut molestiae quia eum ut enim similique aliquam. Ad officia molestias repudiandae et. Veniam explicabo et debitis ad modi. Ut quaerat illum officia corrupti dolores qui et. Molestias commodi laudantium id. At aut quas ipsam itaque. Alias aliquam natus deserunt. Voluptatem quibusdam explicabo quam ten');
INSERT INTO `main_remark` (`id`, `section_id`, `expert_id`, `date`, `body`) VALUES (65, 7, 16, '2022-01-07', 'Dolorem et molestiae ratione tempore voluptatibus labore. Quas provident maxime ullam ut blanditiis odio. Impedit sequi laudantium reiciendis. Provident soluta sit exercitationem ea sit debitis. Nulla reprehenderit in repellendus et ratione est et non. Quibusdam quia dolores non architecto sunt neque. Distinctio officiis cupiditate quia assumenda voluptatem. Et et sed asperiores ipsam molestiae hic reiciendis nobis. Accusamus et incidunt ad consectetur voluptate. Error corrupti et explicabo quis maiores odio alias. Quas incidunt saepe quas placeat nisi fugit. Modi illum voluptatem est. Exercitationem ipsum repellat autem iste et assumenda cum. Aut dolores qui voluptas ex praesentium reprehenderit cumque. Harum et fuga magni vel. Sed modi consequuntur omnis dignissimos non. Totam et dolores officiis cupiditate nostrum pariatur. Illum maiores voluptatum maiores totam ratione enim sint. Illo assumenda quo laudantium et quasi tenetur officiis. Enim animi laborum dolorem totam non cumque. Reiciendis iure repudiand');
INSERT INTO `main_remark` (`id`, `section_id`, `expert_id`, `date`, `body`) VALUES (66, 6, 18, '2022-01-04', 'Nobis aliquid nemo omnis voluptatem facilis. Voluptatibus velit repellendus maxime sit velit. Hic qui tempora dolores ab. Ducimus corporis rerum rem non possimus beatae placeat. Inventore reiciendis eos reiciendis et harum velit iure. Excepturi beatae delectus minus cupiditate eos aut. Laborum placeat ut praesentium sed quisquam. Facere error autem fugiat quod. Sit ipsa voluptatem velit est. Tenetur sed porro sunt iure eius aut. Necessitatibus vitae consequatur omnis ea quidem. Molestiae placeat sit animi sed. Odit numquam eos eum excepturi architecto. Totam fugiat quia molestiae eaque unde omnis earum repellat. Ut qui commodi minus vel. Amet numquam laboriosam et dicta adipisci. Sequi eos veniam cumque dolorem. Nihil nisi delectus autem ad. Et vitae exercitationem sint laboriosam. Cumque quo odio perspiciatis architecto sed qui.');
INSERT INTO `main_remark` (`id`, `section_id`, `expert_id`, `date`, `body`) VALUES (67, 9, 17, '2021-12-27', 'Iure non quaerat sed ipsum. Doloribus sit similique dolorem magni eaque. Nam illum facilis sint assumenda officiis. Aut consequatur consequuntur laboriosam repellendus. Laudantium rerum id facilis aliquam. Nemo magni et aut expedita ipsam non esse aut. Aliquid tempore officia quis in veniam vero. Ut occaecati consequatur pariatur quae. Debitis eveniet autem id dolorem error. Ad laudantium animi culpa et. Rerum suscipit ullam nihil et est qui voluptatum. Voluptas inventore ut qui distinctio nihil cupiditate. Illum et maiores et id voluptatem soluta. Iure dolores repellendus exercitationem aliquid vero. Nulla inventore molestiae perferendis quaerat. Autem voluptate ab omnis quisquam eaque.');
INSERT INTO `main_remark` (`id`, `section_id`, `expert_id`, `date`, `body`) VALUES (68, 15, 17, '2022-01-10', 'Quae hic dicta et at temporibus sunt eligendi. Aut modi iure voluptatem accusantium nemo corporis atque excepturi. Sed consequuntur quis repudiandae id autem dolor consequatur. Saepe voluptatum totam sapiente inventore accusamus aut expedita. Placeat a dolorem rerum aut. Aperiam tempore vel in dolorum et quaerat cupiditate debitis. Libero omnis nesciunt quo necessitatibus perferendis vero officia. Incidunt molestiae illo est enim. Ducimus eveniet at ea aliquid. Enim est vitae veritatis alias veniam recusandae voluptatum. Explicabo omnis consequatur nihil nulla autem aspernatur iusto. Voluptas perspiciatis eos eligendi voluptatibus ut corporis quis. Eum autem ut occaecati et ratione recusandae. Exercitationem rem nisi consequatur velit aut ut. In et placeat aut amet aut qui. Rerum aspernatur corrupti omnis eveniet dicta eligendi. Facere et tempora autem et asperiores. Accusantium ex labore eum eos. Eligendi ipsa molestiae dolor aperiam quo. Eveniet perferendis repellat qui eligendi. Aut quaerat et non voluptat');
INSERT INTO `main_remark` (`id`, `section_id`, `expert_id`, `date`, `body`) VALUES (69, 12, 16, '2022-01-11', 'Voluptatem similique at itaque vel voluptatibus. Rerum quo labore minima. Rem autem laborum et dolorem ipsa voluptate laboriosam. Quas id ut quae eius rem. Nihil dolore est modi eos. Dicta minus facilis enim est facilis ut. Dolorem veniam corrupti error atque perferendis corrupti. Est quae neque itaque. Veniam autem ut corrupti et at nulla. Alias quae ex debitis tempora. Blanditiis quia vitae a adipisci. Doloremque recusandae aperiam dicta corporis ipsa magnam. Rem quos dolorum quas harum laboriosam quasi. Est iure harum et. Autem commodi quo quo omnis veniam facilis. In eligendi architecto in quia. Enim eos debitis eum perferendis accusamus sapiente. Accusantium debitis magni eos vero dolor consequatur qui. Sed aspernatur cumque error in unde totam similique. Enim veritatis quo qui et ullam delectus similique et. Eos sequi sunt tenetur totam voluptas ut. Est laborum non quasi tenetur repellendus quam ea et. Impedit nesciunt reprehenderit doloribus et sapiente harum. Autem voluptatem laborum et illo culpa. Ex');
INSERT INTO `main_remark` (`id`, `section_id`, `expert_id`, `date`, `body`) VALUES (70, 10, 17, '2022-01-07', 'Voluptatem sit aut doloribus nihil ea est enim. In omnis est suscipit. Impedit dicta in ipsam voluptatem consequatur repudiandae placeat. Modi inventore nemo omnis voluptatum iusto ipsam non doloribus. Culpa beatae deserunt a maiores. Autem molestiae minus rerum consequuntur beatae. Optio ea consequatur quis. Temporibus inventore sint ipsa id quaerat omnis molestiae. Quia omnis autem nam nisi laborum libero quos. Vel vitae est et quia consequatur pariatur ut. Vel blanditiis dolorem soluta est. Qui voluptas officiis voluptatem eos dolores dolorum nihil ut. Animi et facilis autem impedit et exercitationem. Labore rerum pariatur in. Voluptas reprehenderit molestiae ut quia. Iure impedit asperiores rerum sit. Tempora nihil rerum optio magnam fugiat. Rem deleniti qui dolor voluptates debitis debitis blanditiis. Asperiores et blanditiis provident officiis ducimus. Non ut quia illo nam aut repellendus. Eos culpa voluptatem iusto eveniet in voluptatem. Quia eveniet iure hic recusandae qui. Dolores qui aut non accusan');
INSERT INTO `main_remark` (`id`, `section_id`, `expert_id`, `date`, `body`) VALUES (71, 11, 3, '2022-01-01', 'Reiciendis sed nihil autem tempore non assumenda. Eos sapiente quo vitae. Distinctio enim dolor quod expedita a qui. Labore saepe nulla autem dolorem quasi. Et accusamus iste ut aut. Magni laborum ab totam facere corporis iure. Est enim aliquid dignissimos mollitia aut consequuntur delectus voluptas. Et sit ullam autem velit eveniet tempora. Iste aperiam laborum illo consequatur est. Occaecati et similique laborum est in sit. Itaque sint possimus dolore voluptatem. Voluptatem quisquam ut blanditiis in. Consectetur voluptatem odio in culpa quasi deserunt molestiae. Vero nisi laudantium error veniam ut non vel. Dolor ut nostrum recusandae qui. Aut quas laboriosam ullam iusto id accusantium iste non. Dolorum laborum alias in voluptatibus. Voluptas autem dolor minima. Ea maxime est quis ut qui. In eos rerum officia autem enim nulla. Et quaerat odit sed temporibus. Omnis repellat fugiat soluta. Et aperiam magnam molestiae. Id molestias earum beatae sit amet hic a. Eveniet unde quam enim sed dolorem.');
INSERT INTO `main_remark` (`id`, `section_id`, `expert_id`, `date`, `body`) VALUES (72, 12, 17, '2022-01-08', 'Ut autem maxime recusandae provident autem consequatur ipsum. Amet ex voluptatibus consequatur sunt alias pariatur. Error in vero velit saepe ut numquam accusantium at. Quos earum fugiat odit. Eligendi cum nesciunt quia porro ex eum voluptatibus. Architecto deserunt facilis incidunt veniam aut nulla. Velit sed voluptatem repellendus est molestias officiis aut. Sequi sed consequuntur magnam aspernatur dignissimos. Exercitationem voluptatum officia laudantium quia praesentium sunt consequatur. Repudiandae incidunt et maxime consequatur vitae. Omnis voluptas suscipit nisi laudantium. Doloremque qui vero similique facere consequatur consequatur quia. Hic nesciunt nihil ex amet doloribus aspernatur quia. Voluptatum officia eos dolore et. Blanditiis laboriosam eveniet sed voluptatibus. Vel incidunt est deserunt ex dolorem esse consequatur explicabo. Et vel impedit doloremque atque. Et placeat qui dolorem ratione sint. Beatae aspernatur eos architecto rerum est repudiandae dolorum. Quae omnis voluptas nostrum beatae');
INSERT INTO `main_remark` (`id`, `section_id`, `expert_id`, `date`, `body`) VALUES (73, 8, 2, '2021-12-29', 'Ut provident ipsum sit voluptas. Sit non perspiciatis qui consequatur architecto aut et. Dolores unde facilis fugit maiores accusantium incidunt adipisci. Molestiae voluptatem sapiente ullam adipisci placeat officia. Quibusdam pariatur voluptatibus adipisci non vitae. In aliquid quisquam vitae nulla delectus quisquam ratione. Minima veniam et architecto fugiat voluptas commodi autem. Animi sed dolor ut illo non nihil perspiciatis voluptas. Et asperiores ullam ipsam qui. Impedit et et omnis asperiores dolor et. Quis qui omnis eos. Dolorum ut unde et reprehenderit. Quae quaerat nihil qui cupiditate et eos. Laboriosam placeat rerum veniam distinctio esse fugiat suscipit. Veritatis ut cumque porro possimus. Est saepe perferendis eius et necessitatibus qui. Corrupti qui perspiciatis aspernatur et. Nobis possimus quod omnis impedit officiis et enim. Ut inventore rerum ad in sint qui recusandae labore.');
INSERT INTO `main_remark` (`id`, `section_id`, `expert_id`, `date`, `body`) VALUES (74, 3, 30, '2021-12-20', 'Voluptas nam laborum earum sit numquam soluta voluptas. Voluptate voluptate ut nostrum consectetur. Labore qui et commodi veniam vel necessitatibus recusandae est. Consequatur temporibus aut alias occaecati aut. Enim eum quod facilis et. Voluptate debitis autem natus sit voluptate illo et eius. Omnis quia voluptas voluptate nihil expedita ut quia. Sunt ipsa vel ut qui autem aspernatur non. Iure impedit voluptas aliquam enim adipisci aut. Odio temporibus ex nemo veritatis hic voluptates atque. Earum modi vero earum nemo exercitationem quae ipsum veritatis. Vel et beatae numquam eveniet explicabo magnam. Aut nesciunt eos at sint nobis adipisci. Ut velit ad et voluptatem molestias aut. Distinctio et assumenda suscipit. Eaque consequuntur officiis distinctio sit. Consequatur autem ipsam fugiat maiores aut libero quibusdam. Est in rerum voluptas assumenda ad molestiae dolores. Dolor unde saepe qui nostrum. Ipsam soluta saepe ullam laudantium molestias. Neque ipsum dignissimos rerum vitae non rerum. Est ea accusant');
INSERT INTO `main_remark` (`id`, `section_id`, `expert_id`, `date`, `body`) VALUES (75, 14, 25, '2022-01-06', 'Corrupti et est molestias recusandae voluptatem earum. Blanditiis ad temporibus architecto fugit explicabo libero. Dolorem sunt numquam nisi et distinctio. Amet necessitatibus occaecati sequi nam aut et praesentium magni. Enim natus reiciendis et unde sit ut. Dicta aliquid ut repellat id provident et at. Quia illo magni quibusdam et sunt. Nisi ut expedita tempora. Placeat sed aut et voluptatibus beatae. Nisi id provident quia ut qui laudantium aut. Cupiditate et tempore qui aut ipsum. Minus dolor exercitationem voluptates esse et eius. Culpa distinctio nihil non et quo velit ut velit. Consectetur maxime minima dignissimos repudiandae recusandae. Ducimus eveniet minima in eius quis voluptas. Voluptatum ut soluta ut saepe ratione. Voluptatum rerum ex et ipsa. Mollitia deleniti cupiditate omnis. Autem praesentium sed qui voluptas ut esse. Temporibus ducimus eos veniam hic. Occaecati qui ducimus voluptate recusandae. Quam numquam nulla molestias rerum. Neque odio inventore consectetur laudantium earum. Fugiat nec');
INSERT INTO `main_remark` (`id`, `section_id`, `expert_id`, `date`, `body`) VALUES (76, 12, 17, '2022-01-09', 'Omnis et voluptatem exercitationem nihil soluta. Placeat iste vitae nobis fuga minima. Dolores voluptatem praesentium eaque eligendi. Aliquid et quia quisquam iusto quaerat quibusdam vitae. Ipsam voluptatibus rerum aperiam qui et deleniti cum enim. Quia cupiditate in ut aliquam. Officia dicta repudiandae dignissimos enim asperiores quia perferendis. Voluptas facere quas cupiditate aspernatur consequuntur velit. Possimus est reprehenderit odio sit illum ut nihil. Dolorem expedita sit temporibus culpa. Repellendus laudantium corporis blanditiis facere exercitationem aut. Vel officia sit doloribus omnis velit sapiente ab. Velit rem possimus qui voluptatem dignissimos perferendis rerum. Deserunt quis dolorem sunt porro qui. Repellendus quidem et qui odio eum tenetur rerum maxime. In a assumenda est delectus natus molestiae. Dolor qui temporibus impedit ut. Nihil quae eligendi ut consequatur. Itaque aperiam sequi voluptatem voluptatem. Et temporibus magni omnis consequatur.');
INSERT INTO `main_remark` (`id`, `section_id`, `expert_id`, `date`, `body`) VALUES (77, 4, 13, '2021-12-23', 'Et nisi sunt porro. Est ipsam doloribus nostrum facilis. Explicabo iste dolores voluptatem rerum corrupti. Eveniet et aut sequi aut omnis vitae vel. Voluptas ut recusandae ad. Unde fugiat temporibus quas dicta qui a autem. Dignissimos harum vel eveniet est. Quia et reprehenderit vel. Recusandae voluptas qui voluptatem ea quia. Et cum qui est ut vero nemo qui. Nulla vel voluptatem eveniet sint aliquid. Ipsam quibusdam voluptatem est error. Sunt autem qui et.');
INSERT INTO `main_remark` (`id`, `section_id`, `expert_id`, `date`, `body`) VALUES (78, 12, 29, '2022-01-13', 'Maiores voluptas corporis molestiae eum consectetur quia. Eos et voluptatibus dolorum quas. Distinctio aut quia optio totam eveniet repellendus. Praesentium eius voluptatem aut enim quam facilis quis voluptate. Sit autem tempore voluptatibus nihil. Aut eum dolor aperiam enim sequi omnis. Consectetur velit provident delectus eos vel consequatur. In sit qui alias quis. Est quasi cupiditate nobis incidunt rerum et aut doloremque. Nesciunt ut corrupti vitae maxime iste. Laudantium vero accusantium consectetur aut et in dolores voluptas. Sed deleniti quia praesentium consequatur delectus. Aliquam et ex ut cumque sint repellendus praesentium. Et ducimus cumque fuga et illo et nostrum exercitationem. Et cumque est rem. Eum et dicta est ut ipsum enim. Nulla ut quasi dolor officia. Et qui et aperiam rerum tempore sed occaecati. Est quod architecto vel laudantium quia ex quidem. Dolorum molestias veniam voluptate ut minus voluptates dolor. Aut velit debitis repellat doloremque cumque. Vero illum debitis id consequatur ');
INSERT INTO `main_remark` (`id`, `section_id`, `expert_id`, `date`, `body`) VALUES (79, 14, 4, '2021-12-14', 'Consectetur aliquam dolorem cumque aut hic debitis nihil eos. Est maiores eligendi quibusdam harum illo in quia. Aliquam veritatis odio mollitia sunt fuga occaecati. Eum fuga sed porro qui. Voluptatem nisi aperiam laborum et voluptatem. Quam consequuntur voluptas molestias voluptatem velit. Non dolorem voluptatem dignissimos sint nostrum adipisci. Corporis incidunt delectus dolore a. Molestiae dolore esse ut cupiditate maiores qui atque. Vel ipsam et itaque eveniet nihil. Ut sapiente magnam dolorem fuga ea. Officia ut eum neque aut consequuntur excepturi tempore. Rerum rerum veritatis ut in est. Autem labore ratione et iusto. Sint consequatur illo enim qui. Id accusantium ipsa consequatur qui et ipsa ad sapiente. Ut et deserunt sed possimus omnis temporibus ut officiis. Necessitatibus quasi commodi voluptas et. Id optio ducimus atque blanditiis laboriosam blanditiis dolorum possimus. Voluptatibus repellendus ad exercitationem accusantium suscipit. Dicta laborum veniam ea blanditiis. Doloremque dignissimos omn');
INSERT INTO `main_remark` (`id`, `section_id`, `expert_id`, `date`, `body`) VALUES (80, 6, 17, '2021-12-18', 'Aut fugiat laboriosam nisi libero libero. Et et natus tenetur fuga enim necessitatibus. Fugiat error maxime libero ea ipsam. Quasi officiis hic optio voluptatum nihil autem sed recusandae. Facilis quia ut inventore consequatur impedit quia. Repellat est eveniet sapiente quo quis. Et sint id quos aut. Necessitatibus atque ea odio commodi ut odit voluptas. Voluptates assumenda doloribus excepturi deserunt dignissimos praesentium. Quos in quibusdam occaecati porro nobis qui. Quae qui aspernatur excepturi iusto. Atque libero tempore aut non. Excepturi porro facere reiciendis velit. Ratione dolores aut reiciendis quo sapiente perferendis. Est corrupti eaque quo. Autem ipsum cupiditate voluptas. Laborum qui minus quasi sint. Hic sint magnam nam voluptas. Ipsa sint cum eaque. Autem tempore nam facere ut omnis. Mollitia illum accusantium reiciendis. Et nobis dolore rerum voluptas a eos. Laboriosam est sint qui eos. Sint quia iste qui ipsam. Blanditiis porro nemo sint sint ipsam. Aut odit et sunt in eius fugiat ullam ');
INSERT INTO `main_remark` (`id`, `section_id`, `expert_id`, `date`, `body`) VALUES (81, 10, 10, '2022-01-08', 'Ex iste libero temporibus quod animi eos veritatis totam. Ut sunt numquam aperiam commodi blanditiis nobis. Sint ex alias voluptatum ea praesentium blanditiis sint. Et aliquid at quod. Consequatur et sunt libero ut. Est dolores sed at dolorum eius sequi vero. Ut ipsa sit quam possimus. A totam sed eum quod debitis dolor sed. Facere ipsum neque repellat architecto neque libero et architecto. Fugit quis quia est earum est. Quo cum sit et nam sint voluptatibus cupiditate perferendis. Delectus ipsa molestiae consequatur. Fugiat unde blanditiis dicta ducimus quam ab quaerat. Aliquid aut corrupti ipsam nihil iusto mollitia enim. Dolor ducimus eos rerum reprehenderit doloribus. Facere voluptatum mollitia quidem mollitia. Corrupti consequatur dolores sunt voluptatem maiores aliquid. Laboriosam illum voluptatem laborum veniam a molestiae est. Eos enim molestias ipsam illo sint eos aut corporis. Rerum dicta nostrum voluptas ut officiis dolor. A qui voluptatem laudantium dolor et libero voluptate. Quos et voluptas eaque');
INSERT INTO `main_remark` (`id`, `section_id`, `expert_id`, `date`, `body`) VALUES (82, 9, 17, '2021-12-25', 'Sapiente tempora ipsum libero dolore error voluptatem. Modi odio et amet error veritatis molestiae. Officia sit autem nihil quis. Harum illo illo in voluptas aspernatur. Asperiores fugiat sed aut est. Dolor rerum iste ad voluptatem. Quas delectus qui velit quam aut non. Harum labore illo blanditiis facere expedita. Repellendus ullam praesentium itaque aut vitae. Dolores perspiciatis deleniti incidunt inventore rem quis. Ut maxime cumque et laborum et quidem. Odio dolorem maxime omnis odio. Repudiandae dolorum at omnis voluptas. Vel temporibus beatae ex ipsa maxime temporibus hic. Reprehenderit laudantium dolorem minima cupiditate. Et sint repudiandae quo ad rerum. Optio voluptate quaerat dolor nesciunt. Sint cumque ipsum voluptatum quis quia modi. Saepe sed maxime qui eos rerum sapiente. Quia maxime vero sequi quisquam omnis possimus. Est illum aliquam modi eos corrupti. Tenetur voluptas nam possimus qui vel et. Consequuntur quos tempora ut ex in accusamus. Distinctio voluptatem explicabo repudiandae expedita');
INSERT INTO `main_remark` (`id`, `section_id`, `expert_id`, `date`, `body`) VALUES (83, 3, 14, '2021-12-30', 'Sit ipsam dolor laborum culpa et. Quas nobis non porro architecto tempora deleniti. Rerum eum porro omnis placeat veritatis. Blanditiis distinctio facere eius. Consequatur et quos corrupti omnis et. Illo amet omnis similique repellat consequatur placeat. Delectus accusantium doloribus libero dolorem. Sint eveniet tempora fugiat dolorem. Quidem non atque amet quam autem. Quidem maiores assumenda harum neque totam nostrum ullam. Est deserunt nulla nihil qui ad numquam voluptate. Accusantium quo sapiente dolorem animi doloremque voluptates accusantium dolor. Minus reprehenderit totam vel consequuntur rerum vitae. Repellat error quidem rerum quia rem. Qui dolores quae inventore quia quod molestiae necessitatibus. Voluptates natus velit est. Voluptatem non placeat quo deleniti incidunt. Alias beatae accusantium aut cum voluptatem suscipit. Eum laboriosam autem nostrum nam quis et explicabo. Sit eligendi inventore alias inventore vitae architecto. Deleniti molestias id deserunt numquam qui non. Accusamus est at qui');
INSERT INTO `main_remark` (`id`, `section_id`, `expert_id`, `date`, `body`) VALUES (84, 6, 7, '2021-12-22', 'Sequi qui ut at expedita quia rerum officiis tenetur. Numquam esse eum tempore atque omnis velit est. Excepturi voluptas molestias eius dolorum iure doloribus sint eius. Numquam quae suscipit et ex. Deserunt adipisci fugit quae illum. Qui ducimus a officia laudantium molestiae occaecati. Aspernatur alias in sint dolor omnis autem eaque. Ullam temporibus impedit deserunt esse quod nihil minima modi. Possimus consequatur eum sed et. Quia vel tempore alias aut minus. Qui eligendi quis laudantium ipsam voluptates et. Laborum non eaque culpa voluptatem et. Et deleniti alias tempore commodi dolore tempore. Magni reprehenderit dolor eum magni enim dolores animi. Sint qui aut ut natus aut. Ut autem molestiae veritatis voluptates minima. Dolorem vero possimus iusto tempore.');
INSERT INTO `main_remark` (`id`, `section_id`, `expert_id`, `date`, `body`) VALUES (85, 13, 25, '2022-01-12', 'Accusantium qui velit hic cum. Consequatur quia et est. Alias veritatis laboriosam repudiandae fugit nihil suscipit. Id et quod velit corporis. Ab amet repellendus dignissimos quidem et quis. Qui architecto delectus aliquid ipsam voluptas non at. Sit adipisci error harum cupiditate corporis. Iste molestiae unde consectetur exercitationem placeat. Expedita ut dolor aut doloremque nihil animi. Consectetur sapiente facilis laborum temporibus velit sequi quo. Deleniti voluptatibus neque repellendus. Odit voluptatem at temporibus laudantium sed. Rerum corrupti corrupti facilis iste facere soluta. Quis qui qui in molestiae quia. Delectus architecto ipsum qui molestiae. Omnis nemo nobis dolorum similique qui nihil qui. Ipsam sed eius qui magni autem pariatur sequi rem. Commodi beatae nisi ipsam corrupti aliquid et. Id enim laboriosam placeat perspiciatis provident eaque repudiandae. Nostrum at quia voluptas. Et iste ea fugit possimus aut pariatur in est. Aliquid quas explicabo libero vel doloremque. Omnis odit reici');
INSERT INTO `main_remark` (`id`, `section_id`, `expert_id`, `date`, `body`) VALUES (86, 8, 22, '2022-01-11', 'Dolor placeat autem sed neque. Eveniet aliquam id vitae magnam occaecati magnam. Ea architecto vero neque rerum dolorem est voluptas. Rerum perferendis distinctio ullam. Maxime quos et laboriosam voluptas consectetur. Quasi necessitatibus qui laborum ut illo. Ad est libero at laborum similique debitis at. Iste esse ut alias qui quis aperiam ut. Ut ducimus aut at optio qui nihil. Ut quae consequatur ut nam. Delectus quia earum aut voluptatem aut non pariatur. Ut veritatis ullam aut eum. Voluptas non nisi qui in dolores. Pariatur beatae ducimus sunt nisi dolorem magni. Et animi et molestiae officia repellendus itaque et. Et iure labore ut laborum repudiandae dolores. Aut consequatur quo impedit id. Nisi sunt repudiandae deleniti quidem rerum reprehenderit. Aut voluptas quae et quia aut illo nostrum. Ut quia dolor hic itaque amet sit aliquam at. Eligendi molestias aut nihil. Praesentium atque amet ut. Blanditiis minus eaque quo libero libero ut. Itaque enim laudantium soluta. Incidunt dicta ullam aut tenetur rer');
INSERT INTO `main_remark` (`id`, `section_id`, `expert_id`, `date`, `body`) VALUES (87, 11, 26, '2021-12-22', 'Repudiandae repudiandae sint dolore in. Similique veniam id et tempora ut. Eius tempore quisquam perferendis laudantium voluptatem illo. Cumque accusantium eum fugiat dolores atque ut. Ut officiis minima enim possimus. Quis eos rerum aut deleniti sit. Incidunt voluptatum deserunt et recusandae nam veniam qui nihil. Omnis molestiae illo saepe qui. Et est expedita rerum consequuntur ipsam. Quisquam illum voluptate nihil repellat. Sint sit voluptatum dicta cum nisi est sint et. Aliquid omnis voluptatibus earum voluptatem sequi. Consequatur aut repellendus nam numquam ducimus totam debitis. Molestiae quis voluptatem rerum ut aut. Temporibus iure doloribus dolores rerum rem recusandae autem. Quaerat omnis quam rem et architecto.');
INSERT INTO `main_remark` (`id`, `section_id`, `expert_id`, `date`, `body`) VALUES (88, 7, 26, '2021-12-17', 'Minus cumque hic possimus animi incidunt eius qui. Saepe architecto quisquam ipsa. Quidem quisquam voluptates eum veniam eos rerum voluptate harum. Aliquid ut beatae consequatur velit. Id voluptatum rerum aut repudiandae. Officiis nobis alias non eos aut impedit est. Iure neque qui inventore nesciunt et aperiam voluptate. Fugit ducimus odio dicta quod quae. Tempora id exercitationem qui culpa modi dolores id. Molestiae excepturi explicabo sint illo sequi quis error sit. Dolore modi dolores laboriosam ut doloremque. Quasi fugiat sed deleniti repellat illum assumenda quas adipisci. Aut qui aliquid pariatur voluptatem dolorum quod.');
INSERT INTO `main_remark` (`id`, `section_id`, `expert_id`, `date`, `body`) VALUES (89, 10, 8, '2021-12-28', 'Sapiente aut maxime ut neque enim neque. Voluptas rerum dolores omnis eligendi nihil aperiam. Necessitatibus non rerum ducimus nesciunt. Eligendi et veniam dolorum necessitatibus. Nulla rerum error numquam quia odio blanditiis. Qui recusandae autem minus qui beatae ut quia. Debitis delectus autem ducimus nisi. Error consequuntur necessitatibus ex neque quos. Occaecati consectetur non dolores harum distinctio. Libero ipsum officiis corrupti sit et id. Dicta saepe soluta molestiae blanditiis consequatur ut alias. Eveniet modi voluptatum in. Cumque est sed quae quis itaque incidunt sequi. Odio dignissimos similique eum nihil hic repudiandae voluptatem. Reiciendis reiciendis facilis dolorum explicabo error ea voluptatem quia. Facilis minima facilis fuga ut. Ea quasi aliquid quasi aut dolorem aspernatur. Aspernatur et illo saepe omnis earum voluptas voluptas. Quis adipisci et laborum in fuga est. Inventore iure animi nihil ex repellendus. Sint ipsa quia dolor dolorem at. Modi quo at non accusantium. Adipisci eaque');
INSERT INTO `main_remark` (`id`, `section_id`, `expert_id`, `date`, `body`) VALUES (90, 13, 3, '2021-12-25', 'Ut dolores rerum earum repellendus quibusdam. Natus voluptatum aut rerum minima natus earum voluptas accusamus. Qui incidunt fugit voluptatem ducimus et. Quisquam animi sed molestias tempore et. Quisquam molestias a aperiam molestiae rem sed quas dolor. Voluptas expedita sit pariatur provident hic. Voluptatem blanditiis quis asperiores dolor cum. Illum voluptatem deleniti ipsam quisquam porro eligendi. Ut eum officiis odio labore dolores explicabo voluptatem. Iusto cupiditate nulla dolorum quibusdam. Non sint libero distinctio dolorem. Incidunt quo aspernatur id minima facere nostrum dolor. Quis rerum animi praesentium. Accusamus iure et labore dolorum pariatur. Modi iure minus eos odio commodi eos voluptatem unde. Et officia cum porro praesentium ab. Laboriosam rerum quia aut reiciendis ut. Unde nesciunt doloremque esse earum assumenda ea veniam. Est asperiores magni dolores est ipsum et. Aut ipsa voluptas recusandae iusto in eum impedit est. Sint ad officia quos minima qui quas et. Quae occaecati temporibus');
INSERT INTO `main_remark` (`id`, `section_id`, `expert_id`, `date`, `body`) VALUES (91, 4, 5, '2021-12-14', 'Consectetur qui quod architecto ut sit pariatur commodi. Tempore provident qui sit provident voluptatem et eaque. Est error in perspiciatis suscipit suscipit. Neque dolores qui et laborum. Culpa laudantium eum vitae quasi inventore deleniti perspiciatis. Id autem vel eaque a assumenda vel at. Dolorum ea voluptatibus tenetur omnis eius. Adipisci et iste veritatis aliquam omnis quia. Voluptatibus aut doloribus fugiat incidunt qui. Neque et facilis aut hic perferendis sunt nihil nobis. A et sed sed commodi dignissimos laboriosam consequatur voluptatibus. Itaque molestiae nihil repellat eligendi labore. Quam sed officia vel voluptas tempora. Iste sed nulla repellat incidunt blanditiis. Quasi quos illo maxime totam quo debitis. Impedit omnis tempora perferendis. Similique beatae omnis atque impedit ab ipsam. Voluptate corporis nemo impedit quisquam eligendi sint corporis.');
INSERT INTO `main_remark` (`id`, `section_id`, `expert_id`, `date`, `body`) VALUES (92, 13, 26, '2022-01-03', 'Est perferendis et aut id. Et tempore dolor assumenda. Aspernatur quia perspiciatis eius omnis fuga consequuntur. Autem nemo quia assumenda blanditiis. Occaecati nobis at ab quia. Asperiores aliquid omnis qui quos dolor ratione voluptatum. Cupiditate delectus dolorum expedita et. Aperiam dolor corrupti hic eum itaque vel sed. In corrupti deserunt quia harum sit. Adipisci aut dolor et voluptates quam quo distinctio labore. Enim quibusdam et quia est. Accusantium voluptates voluptatem qui et ad. Ea velit aut molestiae pariatur voluptatibus. In reprehenderit nam dolore inventore numquam at. At suscipit ad atque nulla repudiandae qui nam. Aspernatur eligendi eos quis beatae eos. Nihil et voluptas neque iure. Placeat odit accusantium qui eligendi cumque ut totam. Qui pariatur ipsa expedita exercitationem. Maxime veritatis ullam labore quam labore. Sint fuga illum eveniet. Sed deserunt dicta non eos.');
INSERT INTO `main_remark` (`id`, `section_id`, `expert_id`, `date`, `body`) VALUES (93, 12, 17, '2021-12-28', 'Cum esse quia et officia et voluptas. Nihil hic placeat repellat laboriosam sed officiis. Aut modi dolorem atque ab magnam. Qui placeat qui accusamus autem. Quaerat corrupti quos ullam omnis. Cumque quia dicta corporis. Mollitia ducimus perspiciatis iusto eveniet quasi ipsa. Officia id libero corrupti consequatur tenetur ut. Ea ea voluptatem alias sed maxime necessitatibus. Expedita voluptate omnis illo aut veritatis architecto non. Omnis qui quis aut qui aliquam. Labore qui itaque eligendi illum occaecati molestiae. Esse excepturi et maiores autem beatae. Neque incidunt pariatur quas dicta omnis corrupti quo. Aliquid sed nihil tenetur aut. Ut perferendis aspernatur maiores nihil quia error. Praesentium fugiat ut est aut nesciunt autem unde. Libero nesciunt iusto quis aut. Ea totam nemo ut. Sit aliquam consequuntur rem et quo expedita iste. Quidem quam non voluptatem voluptatem tempora eos. Et alias et debitis. Et error ut labore sequi dolorem. Commodi eum ut reprehenderit non optio. Est magnam quia qui volup');
INSERT INTO `main_remark` (`id`, `section_id`, `expert_id`, `date`, `body`) VALUES (94, 14, 21, '2021-12-19', 'Culpa hic cumque aliquam ex molestias incidunt. Nemo suscipit voluptatum aut asperiores. Aut in ullam delectus. Alias consequatur expedita ducimus voluptatibus. Voluptatum optio id quo et blanditiis. Ea qui et molestias rem commodi. Earum reiciendis recusandae quo corporis. Dolor facere doloremque omnis ipsa sint et accusamus. Voluptate cum porro dignissimos voluptas ut est. Suscipit possimus commodi ab ut. Et voluptate autem culpa qui dolores eius consequatur nesciunt. Libero et qui et debitis reprehenderit eum quas. Ducimus voluptas illo doloremque doloribus mollitia odit. Quasi aperiam ut vero quo inventore fuga. Quisquam esse sed quo. Et dolores eveniet laudantium doloremque consequuntur repellendus. Explicabo sed consequuntur temporibus molestiae deserunt animi magnam sit. Ratione sit molestiae atque iste ut adipisci ratione. Qui ut beatae ipsa. Deleniti sint non amet maiores sed quos. Quaerat illo odio qui et officiis aut cupiditate.');
INSERT INTO `main_remark` (`id`, `section_id`, `expert_id`, `date`, `body`) VALUES (95, 3, 29, '2022-01-10', 'Debitis sit et sapiente sint veritatis. Dolore non vero harum aut et et. Cumque atque et similique recusandae explicabo accusamus voluptas. Sunt sequi voluptatum non fugiat et laboriosam consequatur tempora. Perferendis dolorem quia voluptatum. Illum ea corrupti velit officiis commodi ratione. Et et sed aliquam. Fugiat doloribus aut sequi iusto officiis officiis. Temporibus facere consequatur adipisci accusantium labore ut voluptatem. Culpa mollitia et blanditiis quam distinctio. Impedit consequatur eum ad dolore optio eaque consequatur inventore. Minima a vel magnam nulla sed nisi laudantium. Quo suscipit ducimus vel. Rerum sunt illo iusto dolores rem. Eligendi tenetur aut voluptas quisquam vero amet molestiae repudiandae.');
INSERT INTO `main_remark` (`id`, `section_id`, `expert_id`, `date`, `body`) VALUES (96, 12, 27, '2022-01-12', 'Reprehenderit necessitatibus omnis tenetur. Natus omnis ut aspernatur. Maxime accusantium nemo aliquid. Quam consectetur aliquid sint voluptas non animi eaque dolores. Illo qui rem ut eligendi ipsum nisi dolores. Est est et consequatur quam rerum quae similique. Est velit repellat quas numquam impedit. Sequi aut atque omnis est nesciunt commodi. Et omnis modi et fuga quia earum. Earum culpa quaerat ullam ea vel ea quisquam alias. Labore voluptatibus consequuntur dolore vel ab aspernatur. Voluptatum et possimus cum ex mollitia necessitatibus. Vel repellat modi eius libero aliquam.');
INSERT INTO `main_remark` (`id`, `section_id`, `expert_id`, `date`, `body`) VALUES (97, 5, 29, '2021-12-31', 'Nesciunt minus ipsa qui. Autem qui aut voluptatibus odio. Ut maxime quia vitae deserunt qui voluptatem est. Et aut doloribus architecto qui vitae excepturi. Et quia molestiae enim earum tempora dicta repudiandae. Occaecati ab a non aspernatur. Quibusdam ut id vitae fugit eos quos. Illum maiores consequatur neque quaerat voluptatum rerum. Ullam dignissimos laudantium ipsa nesciunt cumque et ratione ut. Vel est sint quo quidem blanditiis illum. Voluptatibus quasi asperiores porro totam ducimus. Cumque voluptatem enim molestiae quia qui voluptatem. Et qui eos maxime repellendus quas. Quia natus quod consequuntur nesciunt. Nulla eum est vel accusantium. Dolor et esse vitae cumque recusandae unde voluptas. Id debitis qui hic quibusdam eos qui accusantium. Inventore fugiat illum eaque est. Dignissimos placeat excepturi at atque placeat laboriosam voluptates ad. Hic nostrum error officiis neque. Vitae debitis autem inventore enim dolorem. Voluptate tenetur earum aut maxime pariatur. Earum numquam sint itaque in.');
INSERT INTO `main_remark` (`id`, `section_id`, `expert_id`, `date`, `body`) VALUES (98, 11, 28, '2021-12-25', 'Dolores est dolor minus et dolorem. Ab fugit hic iusto rerum dicta voluptatem voluptate animi. Sed voluptatum eum mollitia unde. Odit provident placeat qui et in quod. Et mollitia quia sit. Officiis totam sed rerum. Impedit qui eos aut velit quo ut eveniet nihil. Sint recusandae nulla harum porro placeat enim et. Iste inventore est voluptas aut aspernatur in est et. Sed doloribus iure nisi quo error voluptas. Nulla saepe nulla maiores veniam repudiandae quis. Ab et id earum placeat. Dicta dolor modi est est dolores facilis a. Veritatis velit debitis labore sint repudiandae soluta. Cum ipsum praesentium dolorem facilis. Mollitia minima corporis dolore amet ut porro. Nihil aspernatur dolores aut beatae velit praesentium. Odio quaerat doloribus asperiores quaerat voluptatum. Maiores ducimus dolorem explicabo id mollitia rerum. Alias id ut porro facilis. Suscipit enim est nihil natus sed atque qui occaecati. Voluptatem sunt quos facere commodi at velit. Iste perferendis et laudantium magni hic et ullam asperiores');
INSERT INTO `main_remark` (`id`, `section_id`, `expert_id`, `date`, `body`) VALUES (99, 9, 16, '2021-12-31', 'Repellendus molestiae reiciendis in beatae consectetur quam. Quos molestias earum non consequatur. Eveniet voluptate est aut provident quos. Quis aliquid facilis modi enim et dolorem fugiat animi. Cumque sint ea inventore magni quibusdam ad voluptates consequatur. Nemo voluptate sed ea omnis fuga. Iure iste accusantium omnis sit alias tempora. Voluptatem dignissimos adipisci sapiente iste vitae rem et rerum. Esse laboriosam fuga laboriosam rerum et molestiae eaque beatae. Dolorem qui perspiciatis aut id dignissimos delectus ut. Praesentium vitae voluptas laborum nisi quia ratione aut. Praesentium molestias dignissimos quia accusantium corrupti et. Aliquam quo alias adipisci repudiandae nesciunt. Modi voluptas occaecati ab esse nesciunt est. Odio dolorum officia esse temporibus. Voluptatem quia odio dolores commodi. Nihil totam harum et doloribus sit et. Est voluptate et et nisi doloribus dolor quo. Repudiandae at qui totam. Ad dolorem velit aut. Et aut dolore eos earum. Et iure inventore non cupiditate animi ');
INSERT INTO `main_remark` (`id`, `section_id`, `expert_id`, `date`, `body`) VALUES (100, 10, 20, '2021-12-31', 'Asperiores optio unde iste odit laudantium quos consectetur. Sit est quo ea id quo consequatur. Quidem accusantium et nam molestiae corporis minima quo. Beatae aut sint autem laborum. Molestiae minus perferendis veritatis molestiae dignissimos numquam. Enim illo quia atque perferendis amet recusandae eos. Aut rerum sint aperiam deleniti. Iusto odit aut porro nobis qui iusto eum. Veniam odio non numquam. Quam debitis et ex omnis. Est molestiae modi quis deserunt deleniti odit. Laudantium placeat excepturi error autem. Ab id tempore voluptas est. Quis id quia voluptatem ipsum atque error qui. Rerum dicta et ullam. Corrupti molestias quidem repellat esse pariatur dolor eius reprehenderit. Aliquam ex dignissimos maxime omnis est perspiciatis praesentium vero.');
INSERT INTO `main_remark` (`id`, `section_id`, `expert_id`, `date`, `body`) VALUES (101, 15, 29, '2022-01-11', 'Ullam illum nihil blanditiis atque molestias laborum omnis. Alias quo recusandae repellendus rem. Quaerat autem non rem sint. Sequi amet dolores soluta est adipisci dolorum et facere. Et asperiores est labore voluptas rerum. Dolorem eum et non sed eum. Molestiae voluptate ut temporibus atque. Tenetur veritatis ipsam hic eius qui rerum. Architecto odio incidunt est recusandae. Nihil placeat sint incidunt placeat fuga inventore nam. Architecto ipsum cupiditate repudiandae cumque dolorem officia. Placeat dolorem velit praesentium amet vero. Ut vero molestiae consequatur velit nam sapiente quam rerum. Quasi in sit mollitia molestiae aliquam maiores. Quisquam harum quasi est debitis. Minima eos non et tempora exercitationem. Voluptatem molestiae dolor repellat assumenda provident aliquid. Sunt ea eum in pariatur repellat sit quam non. In quia voluptatum omnis labore qui. Rerum quibusdam atque aliquid quia consequatur omnis omnis. Rerum ut commodi sit et ea voluptatem culpa nihil. Nobis temporibus cupiditate assume');
INSERT INTO `main_remark` (`id`, `section_id`, `expert_id`, `date`, `body`) VALUES (102, 9, 6, '2022-01-07', 'Pariatur sed consequatur esse odit beatae non. Tempore id et sit rerum. Corrupti facilis soluta eum sequi vero assumenda eos. Ut dolore et hic eligendi sit. Reiciendis voluptatem molestiae quibusdam quia. Vel facilis culpa et corporis sapiente aut quis. Voluptatem dolor sed quod maiores voluptas. Nihil velit voluptas tenetur rerum quisquam ex est. Quibusdam ut sed blanditiis optio deserunt facilis optio ex. Quaerat explicabo doloribus beatae. Ut repudiandae iste voluptatem vel non dignissimos. Repellat aut incidunt nobis nemo. Id quam aut saepe voluptas incidunt assumenda. Dolore enim eum laudantium consequatur. Non illum dolorem iste aut tempore magni. Voluptate ratione dolor non sit voluptatibus voluptas. Delectus et sed sed. Animi et voluptatem dolores delectus nisi iure est nam. Magni repudiandae ab velit est aut quo et. Laboriosam magnam id minima maiores sint tempora placeat. Earum nostrum est fugiat quibusdam sint repellat. Sed nesciunt voluptas vitae. Assumenda aperiam sed quis qui. Quia placeat neces');
INSERT INTO `main_remark` (`id`, `section_id`, `expert_id`, `date`, `body`) VALUES (103, 2, 3, '2022-01-04', 'Consequatur amet odit aliquid aut dolorem. Sit sequi quidem doloremque exercitationem ullam. Rerum culpa et quod quia in eos. Sint quasi possimus ratione aliquid. Officia repudiandae facere maxime eaque voluptates veritatis id aspernatur. Mollitia aliquid quasi atque harum explicabo voluptatibus laborum. Non deleniti doloremque at dicta nisi sed omnis. Velit debitis consequatur neque minima quo. Laborum ut odit aliquid natus adipisci omnis ea architecto. Praesentium sit quia blanditiis recusandae dolore nobis. Eaque officiis autem voluptas culpa. Animi exercitationem quia quia vel inventore. Fugiat dolores est ut qui laudantium consequuntur dolores. Sunt cumque amet iusto. Voluptates officia blanditiis nam tempore esse quis quia facere. Eos pariatur tempora repellendus necessitatibus fuga qui. Qui dolorem deleniti quasi voluptatem neque repellat nam. Minima necessitatibus ut esse dicta. Impedit ad velit est omnis accusantium omnis. Alias rerum est sit cum ea perferendis aut laudantium. Tempora deserunt aut ma');
INSERT INTO `main_remark` (`id`, `section_id`, `expert_id`, `date`, `body`) VALUES (104, 12, 26, '2022-01-07', 'Sed sit at omnis autem veritatis natus. Sapiente excepturi natus ad id autem tempore. Omnis neque dolor alias at repudiandae qui ut. Natus et commodi iure molestias esse dicta. Tempore autem velit rem natus quos totam. Nisi commodi voluptatem architecto accusantium. Sed in molestias nihil distinctio esse voluptatum. Inventore voluptas aut libero dolores aperiam qui. Asperiores harum placeat aut provident. Fugiat ullam est doloremque explicabo beatae. Perspiciatis omnis quod enim rerum nesciunt quisquam ea. Dolores possimus facilis quidem quo. Unde molestiae eveniet tempora ea. Voluptatem placeat enim reiciendis sit et enim. Aut necessitatibus voluptate perspiciatis quia dolores. Inventore dolor facilis sit veritatis reprehenderit. Aut modi rerum aliquid autem modi rerum. Iusto adipisci dolore voluptas esse doloremque. Ea ex veritatis ab qui impedit ut. Est qui a consequatur voluptas delectus ipsa.');
INSERT INTO `main_remark` (`id`, `section_id`, `expert_id`, `date`, `body`) VALUES (105, 3, 19, '2021-12-29', 'Repellendus necessitatibus magnam a quibusdam assumenda quia. Culpa facilis et unde ut. Aspernatur ut quia ad eaque non ut. Saepe enim itaque est facilis aut alias qui. Et voluptatem sunt quam error et et. Quos quidem dolores debitis et tempore. Voluptatem est sed facilis et. Non nesciunt rerum rem reiciendis tempore fugit. Ipsa quisquam eos officiis quos repudiandae sapiente placeat. Excepturi et quo numquam rem. Illo enim voluptatem magni aut. Amet laboriosam quam neque ad praesentium cumque enim eaque. Cum tenetur cumque nisi. Molestiae recusandae consequuntur non assumenda suscipit porro. Sit est mollitia vero consequatur at. Incidunt voluptatem delectus accusamus corporis exercitationem ullam. Sed consectetur error dolore et aut consequatur recusandae. Et accusantium repellat dolor ipsam. Et molestias est est dolor est impedit. A deserunt incidunt est sint mollitia sunt voluptatem cumque. Molestias culpa maiores hic quaerat ut. Aut vel possimus dolores voluptatem ea reprehenderit. Est ut itaque magni. Ha');
INSERT INTO `main_remark` (`id`, `section_id`, `expert_id`, `date`, `body`) VALUES (106, 3, 8, '2022-01-09', 'Ex omnis nesciunt esse qui ducimus velit. Iusto deleniti vel sit cumque ullam. Nostrum sit nihil perspiciatis mollitia eius optio consectetur. Incidunt omnis tempore cupiditate cumque quam. Nemo aspernatur asperiores corporis similique qui hic quasi. Nulla vitae provident est explicabo consequatur facilis. Quibusdam ratione quia dolorem totam voluptatem et. Dolor eum perferendis ab cupiditate. Doloremque voluptates et at quod ad aut sapiente ea. Sit fugiat rerum perferendis. Eos qui laborum ea voluptatem. Aut ea velit reprehenderit magni non et. Nam recusandae quia aut voluptatem eos nostrum error. Enim quaerat aliquam aperiam tempore explicabo officia. Autem voluptas soluta deserunt omnis non qui. Itaque est delectus delectus culpa et iste qui. Tempora voluptatem ipsam quidem fugiat pariatur odio et. Eum excepturi magnam ducimus est. Tenetur reprehenderit mollitia voluptas accusantium voluptatum illo eligendi sed.');
INSERT INTO `main_remark` (`id`, `section_id`, `expert_id`, `date`, `body`) VALUES (107, 2, 1, '2021-12-17', 'Consectetur aut porro voluptas amet illum rerum animi. Autem id deserunt non itaque mollitia animi veritatis amet. Possimus quis vitae est voluptas. Et pariatur molestiae deleniti dolore quia porro impedit. Qui ut reprehenderit repellat sed temporibus aperiam. Quae voluptatem nihil recusandae nisi repellat. Tempora aliquid non velit sint non fugit eius ipsam. Autem fuga ut quasi quisquam. Laudantium repellendus ut suscipit minus sed perspiciatis explicabo. Quia voluptates ad aut saepe officia error enim. Libero consequatur iste sit velit architecto et totam. Excepturi et ab aut deserunt ex perferendis. Praesentium repellat expedita quis commodi aut facere quos quisquam. Illo et aperiam velit sunt in. Officiis nam exercitationem rem dolorum illo. Corporis qui alias natus placeat. Dignissimos voluptates dolor at. Cum molestias quam exercitationem est ut sunt dicta. Nihil expedita nisi exercitationem placeat dolor molestiae possimus. Explicabo laboriosam id minus rerum ad deserunt dicta. Velit illum earum et vel');
INSERT INTO `main_remark` (`id`, `section_id`, `expert_id`, `date`, `body`) VALUES (108, 13, 18, '2021-12-13', 'Qui sit porro atque. Unde aspernatur non quo quis minima commodi. Iusto omnis veniam aliquid necessitatibus tenetur. Et qui fugiat fuga. Id quibusdam rerum sint dolorem. Explicabo harum amet necessitatibus quia tenetur quo. Quaerat consequuntur tenetur accusantium rem consequatur reiciendis aut. Reprehenderit modi modi tempora aperiam et eaque harum. Eius ex ab quis ut delectus quae. Harum voluptas in praesentium aliquam. Consequatur illum amet explicabo minima odit veniam. Nesciunt non doloremque reiciendis temporibus rerum voluptatem natus in. Beatae aliquid laboriosam et sint maxime consequuntur. Est culpa perspiciatis aut aspernatur. Minus in occaecati aut dolor et et recusandae. Sapiente in repellat quaerat cumque perspiciatis molestias id. Eum aut perferendis labore tempora quis ut et. Rerum quia recusandae qui saepe libero ut. Quos iusto corrupti nihil dolores. Aut culpa rem maiores eum excepturi corporis.');
INSERT INTO `main_remark` (`id`, `section_id`, `expert_id`, `date`, `body`) VALUES (109, 3, 5, '2021-12-29', 'Aut ut eos voluptas assumenda est similique voluptatibus. Ipsam tempore nisi sit nemo. Unde voluptatem doloremque ipsa possimus ex ut qui dolorem. Perferendis possimus sunt rerum quibusdam. Commodi qui et optio nihil aut ut odio. Impedit similique ratione harum ut necessitatibus dolor eligendi. Quos sequi qui qui tempora sed quae. Deleniti iure quidem sit et dolor et sed. Eum dolorem odit voluptas cum ut ad culpa. Est cum alias repudiandae voluptatem. Magni molestiae excepturi molestiae velit. Optio vel eum repudiandae. Praesentium sunt provident et dignissimos blanditiis dolor rerum iure. Aut atque omnis aliquid voluptate sint. Odio laboriosam et repellendus qui nulla culpa dolorum. Veritatis nam tempora ipsum voluptatibus sed illum quasi. Ipsum fugiat unde expedita aspernatur voluptas omnis voluptas. Eaque et exercitationem possimus cupiditate et itaque. Et distinctio ea perferendis sapiente. Dolorem aut officia magnam aut vitae et tempora aspernatur. Sint minus et neque eveniet dolor doloremque est. Evenie');
INSERT INTO `main_remark` (`id`, `section_id`, `expert_id`, `date`, `body`) VALUES (110, 14, 25, '2022-01-01', 'Sunt odio officia voluptas rerum. Voluptatem culpa voluptatum dolor velit quos. Magni voluptas voluptatem consequatur amet quas sunt tempora. Ut odit voluptatem odio saepe qui doloribus magni rerum. Et ut repellat harum itaque fugit quos. Eum totam voluptas quis commodi. Sed officia qui explicabo saepe. Voluptatem consectetur omnis est non cumque id similique. Odio natus cum eos. Cupiditate reiciendis voluptates culpa recusandae. Aut eos aut est consequatur laudantium alias. Dicta nulla recusandae sint eum natus. Quis aut deserunt sit aperiam nulla corrupti. Molestiae quidem et est quis quis officiis. Nesciunt ut repellat aut eum ut quis deleniti. Vel beatae ex eos dolor et dolor rerum. Suscipit aut explicabo molestias dolore reprehenderit cumque. Est aliquam maxime sed similique non nisi. Iure facilis et nesciunt quia quod sit. Ipsam sit quisquam autem deleniti autem. Ea officiis hic totam et a totam. Dicta explicabo maiores iste aut. Sequi sequi qui sequi labore qui. Officiis atque ad expedita consequatur v');
INSERT INTO `main_remark` (`id`, `section_id`, `expert_id`, `date`, `body`) VALUES (111, 14, 5, '2022-01-07', 'Nemo ex illum quo. A explicabo totam eos earum. Commodi asperiores distinctio illum molestiae enim. Laboriosam officiis enim sit iste. Delectus voluptas dolores sed quo non. Possimus a fugit quaerat omnis. Impedit quia ut quod non non distinctio perferendis. Amet eaque quam voluptate et maxime. Ut est molestiae deserunt delectus non placeat quis aliquid. Molestiae accusantium et est et alias et odit. Fugiat veritatis ut ut. Porro nulla eum aliquam perferendis commodi quas culpa. Quia et praesentium sed corrupti perferendis qui. Sequi illum necessitatibus illum. Qui doloribus dolorem ullam non sapiente. Ut et facilis ipsam perferendis vel dolor. Suscipit similique iusto sed pariatur provident vel ullam.');
INSERT INTO `main_remark` (`id`, `section_id`, `expert_id`, `date`, `body`) VALUES (112, 7, 1, '2021-12-28', 'Aut ut voluptatem aut aut esse facere eum. Sed aut enim non nihil earum similique in. Doloribus beatae velit necessitatibus veniam dolor vitae facere. Ipsa fugit asperiores nesciunt deleniti. Dolorem unde aut expedita odit. Nihil aut ducimus non ad quas illum. Dolorum aut aspernatur et consequatur voluptatum at. Molestiae in sed et ut quod minus. Commodi distinctio voluptatem unde consequatur. Accusamus fugiat velit beatae et. Et beatae at optio delectus. Sequi quam aperiam enim voluptatem sint quasi. Aut sunt fugiat omnis ut. Rerum vitae sapiente sapiente suscipit molestias sint et illo.');
INSERT INTO `main_remark` (`id`, `section_id`, `expert_id`, `date`, `body`) VALUES (113, 11, 16, '2021-12-30', 'Magni similique at accusamus aut. Dolor laborum repellat expedita doloribus quis. Et et inventore commodi illo exercitationem unde. Ab eum quis sed sapiente soluta. Eos itaque consequatur ratione voluptatem rem pariatur suscipit molestias. Recusandae illo quis nemo. Molestiae id minus officia ex voluptatibus voluptatem. Cumque omnis suscipit explicabo iste blanditiis pariatur omnis. Praesentium qui fugiat rem odio deserunt quibusdam. Dolorem sequi ipsum ut a. Aut molestiae voluptatem provident et. Rerum ex consequatur consectetur voluptatem optio. Quia ea nesciunt dignissimos sunt fuga quia et sequi. Temporibus libero nihil voluptatem est quam. Voluptatem quasi vel facilis enim aut velit consequatur. Occaecati veniam beatae sed perferendis. Sit magni aliquid culpa voluptas. Molestiae nihil aut assumenda asperiores. Dolor natus voluptatum ut laudantium perspiciatis. Repudiandae quam ut rerum laudantium. Dolores ut aliquid aut earum recusandae. Natus molestias vitae commodi harum possimus aut. Sed sed et ab min');
INSERT INTO `main_remark` (`id`, `section_id`, `expert_id`, `date`, `body`) VALUES (114, 3, 21, '2022-01-04', 'Quia quis recusandae cupiditate. Eligendi velit iure culpa sapiente. Praesentium excepturi ratione quae autem tempore earum sint iste. Minima est iure nobis fugit. Cum voluptates nihil officia natus quis. Doloremque veritatis alias eos suscipit quae temporibus neque. Doloribus rerum reprehenderit quia delectus numquam corporis ex. Architecto iure qui natus ad exercitationem reiciendis id. Voluptas et aut praesentium quam nesciunt qui porro repellat. Explicabo et et atque officiis eaque amet. Vel qui optio magnam sed et. Dignissimos ipsum consequatur voluptas eveniet rem. Quia provident rerum dignissimos nihil numquam iusto magni soluta. Voluptatem nulla aliquam molestias. Voluptas ut aliquid aliquam libero dolores commodi adipisci.');
INSERT INTO `main_remark` (`id`, `section_id`, `expert_id`, `date`, `body`) VALUES (115, 15, 13, '2022-01-12', 'Maxime assumenda sapiente qui eos omnis voluptate. Rerum consequatur iusto illo excepturi numquam voluptas praesentium. Error neque qui occaecati. Incidunt aut minus labore aut sit natus. Qui quam est et et dolores. Est laudantium deleniti quas neque fugit. Impedit et sapiente adipisci aperiam non aliquam. Quia nam inventore earum dicta dolor consequuntur qui. Deserunt voluptatem veritatis ipsum magnam. Soluta error ut odit molestiae ut labore et. Esse voluptas perferendis vero. Est optio saepe voluptates ut eius. Et eum aut assumenda modi. Quam voluptatibus est odio sint qui consectetur numquam. A minima et exercitationem vitae. Dolores consequatur qui sunt ut nihil molestiae porro hic. Sit temporibus eum delectus ab consequatur dignissimos est. Nihil aperiam ex odio et. Qui accusantium consequatur dolor distinctio. Sit veritatis dolorem deserunt nam enim neque pariatur. Quasi placeat nulla pariatur ratione nesciunt atque. Et odit occaecati enim ut. Ut facere ipsa ut ut perferendis voluptas.');
INSERT INTO `main_remark` (`id`, `section_id`, `expert_id`, `date`, `body`) VALUES (116, 1, 29, '2022-01-07', 'Fugiat autem eos ea corporis aut accusantium. Laborum ut laborum ea velit aut natus accusantium. Ut ullam ad ut voluptatum nesciunt voluptates. Nesciunt consequatur molestiae nemo aspernatur culpa itaque nisi. Possimus est officia ad odio atque sint. Culpa blanditiis repellat esse. Omnis magnam amet laborum itaque similique cumque quia. Libero tempore magnam maxime expedita neque quo. Officiis delectus et nulla. Incidunt quo cum qui enim eum ut. Blanditiis totam dignissimos quod autem nam. Voluptatem in nemo et ad maxime. Odio et eveniet asperiores qui voluptas totam autem. Dolore voluptas quisquam necessitatibus aut nihil. Temporibus rerum repellat et quia. Deleniti aperiam doloribus magnam sit enim. Voluptate sequi incidunt aut animi. Officia natus iure omnis autem dolores. Animi vel dolorem et odit sed vero quod. Eligendi facere sequi alias ullam itaque. Ab explicabo consequuntur eum sint sed qui eligendi ut.');
INSERT INTO `main_remark` (`id`, `section_id`, `expert_id`, `date`, `body`) VALUES (117, 11, 18, '2022-01-08', 'Quis aut alias et quibusdam perferendis dolore quia ad. Voluptas et saepe quo cum. Est non autem sint et. Distinctio dolorem sed dolores cupiditate. Eligendi dolor illum consequatur rem. Sunt possimus voluptatem tempora omnis nostrum. Quia ut vel et exercitationem ducimus. Possimus praesentium sed aperiam nesciunt dolorum quia. Magnam enim nihil sit unde ea. Ea sed quasi totam vel. Corrupti eius expedita in temporibus alias. Illum voluptatem rerum facilis ducimus. Ut fugit dignissimos autem et. Sapiente quasi delectus quam reiciendis non. Laboriosam non animi esse explicabo. Quidem aut ad veniam et id. Ipsam minus dolores exercitationem sit repellendus. Corporis sit ea quia laborum consequatur et reiciendis. Qui cupiditate possimus harum accusamus doloremque. Voluptatem saepe aut aut est officiis. Non amet unde corporis voluptatem. Aperiam quam dignissimos modi placeat odit. A non enim ipsum qui consequatur. Est error assumenda rem enim placeat sit optio. Dignissimos laboriosam illum dolores voluptas sed aut.');
INSERT INTO `main_remark` (`id`, `section_id`, `expert_id`, `date`, `body`) VALUES (118, 2, 29, '2022-01-12', 'Esse quam possimus consequatur sit. Et nihil doloribus iste quia voluptatum. Excepturi quaerat et nulla facere quo quibusdam voluptas. Consequatur cum ipsa exercitationem occaecati ducimus. Aut et quia repellat et atque quia. Qui molestiae at fugiat doloribus. Non aut molestiae consequatur cumque voluptatem perferendis sit. In tempore ut odio voluptatem. Reprehenderit sit a magnam alias quaerat in accusamus. Dolores eos omnis pariatur est voluptatem aut et. Voluptates pariatur et dolorum fuga. Neque eaque corporis pariatur ipsum placeat quia. Officiis et eos expedita aliquam est. Repellendus enim ut a doloremque aut. Omnis deleniti est a hic fugiat.');
INSERT INTO `main_remark` (`id`, `section_id`, `expert_id`, `date`, `body`) VALUES (119, 2, 25, '2021-12-26', 'Voluptatum non cupiditate saepe voluptatem commodi. Ab cumque dolorem itaque modi voluptatibus. Dolore similique qui consectetur in. Qui voluptatem molestias enim accusantium quidem. Velit non eligendi et ut eos quos. Voluptate veritatis labore maxime. Molestiae velit enim quas quis sapiente iusto non. Sunt et sit amet quia saepe consequatur. Sint doloribus sapiente veniam quisquam labore et. Voluptatum laudantium sunt unde error vel soluta. Harum facilis expedita consequatur sapiente. Sint est aut accusantium deleniti velit. Eaque voluptatem ab ipsam sint incidunt. Explicabo repudiandae et adipisci voluptas. Ut ducimus quod qui illum consequatur rerum. Sit nobis rerum quisquam est assumenda est. Sed quia incidunt quae mollitia quia rerum. Architecto non in et consequatur debitis qui dolor. Amet qui inventore dolorem omnis ab quia quo quo. Temporibus eos dolorem sed repellendus repudiandae itaque provident. Suscipit quia ducimus et omnis voluptate. Vel ipsum velit eum dicta tempora minima. Voluptate harum des');
INSERT INTO `main_remark` (`id`, `section_id`, `expert_id`, `date`, `body`) VALUES (120, 8, 21, '2022-01-13', 'Est ut in qui asperiores. Eligendi similique aut deleniti deserunt magni. Sequi in inventore mollitia voluptas illum. Reiciendis consequatur eaque fugiat recusandae enim totam assumenda. Qui fuga molestiae quas nostrum porro ut facilis. Aut voluptatem adipisci voluptas qui. Aut repudiandae beatae ut harum tempora sint voluptates. Quisquam est et atque. Ut rerum vel minus. Veniam ducimus quod atque at necessitatibus eum. Aliquam rem doloremque dolorum autem consequatur ipsum. Quos quae velit vitae aliquid saepe. Repellat beatae ipsa tempora. Quia consequatur vel facere earum animi alias ea. Quae provident eveniet culpa rerum aut aut. Optio dolor fugit porro. Eum numquam assumenda consectetur soluta. Qui odio et dolorum voluptatem sint occaecati. Optio nam dolorem culpa. Impedit dolorem excepturi in earum id non. Adipisci nesciunt aliquid cupiditate rerum iusto. Necessitatibus voluptatem ea delectus veritatis. Sint facere voluptatem et aut. Ratione aperiam magnam voluptatem molestias accusantium quas. Corrupti ');
INSERT INTO `main_remark` (`id`, `section_id`, `expert_id`, `date`, `body`) VALUES (121, 2, 2, '2022-01-03', 'Itaque voluptatem eligendi consequatur nulla consequuntur doloremque. Et aliquam eos et sit. Totam eum repellat repellat nostrum consequatur. Quisquam eligendi natus sit voluptas illum quis. Adipisci at quo eligendi odio. Maxime id omnis sed. Ut placeat corrupti harum quos. Aut quis voluptatem modi illo vel labore dolorum. Ut ad rerum provident qui magnam. Dolor eum dicta facilis quod nihil quod molestias. Repudiandae velit et eos corporis. Et in voluptas amet voluptatibus consectetur dolore suscipit. Porro quasi neque non. Illo ex quisquam voluptatum. Nulla repellendus praesentium consequatur ad doloremque dolor. Quos enim beatae quibusdam eum quia. Pariatur voluptatum odit optio et magni asperiores suscipit. Sit perspiciatis voluptatem incidunt velit. Recusandae perferendis eum aliquid impedit deleniti nihil. Maxime consequatur qui officia ut. Velit consequuntur excepturi non non cumque. Eius assumenda recusandae dolorem illum harum et consequatur. Impedit dolores esse sed est et accusamus dolores cumque. R');
INSERT INTO `main_remark` (`id`, `section_id`, `expert_id`, `date`, `body`) VALUES (122, 8, 14, '2021-12-29', 'Officiis voluptatem laboriosam et ipsum sed voluptas sit. Natus cupiditate sunt reiciendis fugiat odio atque. Voluptatum voluptas neque voluptas eligendi debitis minus omnis repellendus. Perferendis iste voluptatem non accusamus at voluptatem odio. Optio repellendus enim minima perferendis magnam. Est provident rerum dolorem architecto. Minus aspernatur ut eius iusto. Consequatur maiores et pariatur aperiam aut rerum praesentium. Doloremque saepe libero soluta illo itaque. Sit et est eum voluptas nisi rem. Laboriosam neque unde explicabo quo nam necessitatibus modi. Rerum non modi nobis odio maxime. Rerum eos blanditiis quas qui sunt. Accusamus eius itaque itaque cumque exercitationem quaerat omnis. Harum dolore qui sit quia ipsa pariatur. Similique voluptas earum laborum odio officiis assumenda. Veniam ea explicabo quia sed. Rerum ut velit iste aut facilis. Nobis adipisci soluta vel reiciendis. Est facere minus nostrum sint aut. Voluptatem facere sapiente deserunt iure magnam hic. Nisi vel enim aperiam amet.');
INSERT INTO `main_remark` (`id`, `section_id`, `expert_id`, `date`, `body`) VALUES (123, 14, 23, '2022-01-05', 'Adipisci voluptatibus eveniet itaque cumque doloribus nihil culpa. Et est et dolores et tempore repellat. Sed libero incidunt sequi hic voluptatem. Soluta voluptas quia enim enim. Facere sint blanditiis facere ipsa quo. Accusamus aut quia aperiam impedit est. Est sed distinctio amet inventore sit reiciendis. Quas ipsam qui repellendus porro autem repudiandae tempore. Eligendi ab ullam ad voluptatum id. Ratione magni corporis cumque consequuntur. Excepturi quibusdam iste molestiae facilis quaerat incidunt est. Corrupti quia dolore et dicta sed dolorem quos ex. Dolor consequatur dolor magnam assumenda. Rerum quasi qui voluptatem eveniet. Doloremque animi esse et inventore asperiores. Facilis vero modi perspiciatis corporis asperiores. Nulla voluptas ipsum et ducimus architecto.');
INSERT INTO `main_remark` (`id`, `section_id`, `expert_id`, `date`, `body`) VALUES (124, 2, 30, '2022-01-05', 'Nobis deserunt aspernatur repellendus aliquid itaque. Libero optio voluptatum et et ut velit nesciunt dignissimos. Eligendi modi iure ad rerum quisquam qui est veritatis. Eius vel iusto quam exercitationem praesentium itaque asperiores. Ipsa unde sit vel quis sit odit id modi. Vel iusto error voluptas officia impedit. Maiores vel molestias asperiores mollitia numquam autem animi. Nihil aut itaque commodi dolore ut eos iste. Cumque rerum laudantium nobis voluptatum autem nesciunt. Veniam est ratione labore recusandae qui. Consequatur magni repellendus ex est veniam. Ab porro sunt accusamus id. Et et accusamus sequi autem recusandae. Neque aliquid error ea enim ut. Fuga ullam velit dolorem et nulla sit totam.');
INSERT INTO `main_remark` (`id`, `section_id`, `expert_id`, `date`, `body`) VALUES (125, 4, 9, '2021-12-17', 'Molestiae possimus autem omnis consequuntur molestiae est dolorem. Incidunt rem possimus nihil aut. Qui ex aut eos asperiores minus. Illum omnis officiis omnis sed nobis sed. Itaque facilis optio recusandae maiores. Earum voluptatibus id qui qui ratione veniam. Unde repudiandae debitis expedita consequatur. Doloremque tempora sed alias repellat et in. Sunt odio officia ex aut repudiandae eos. Asperiores rerum et nostrum id fugiat. Voluptas id qui aut exercitationem nulla eaque. Dicta molestiae omnis optio consequuntur est. Ipsum quisquam quo et. Eum accusantium impedit dolorem aut in voluptatibus. Inventore ipsum veniam esse et. Perspiciatis quaerat consequatur totam sed suscipit voluptates excepturi. Quis voluptatem perferendis ut ea fuga. Commodi incidunt sed omnis nobis rerum commodi. Nihil ipsum excepturi dolorum voluptatum nemo. Est debitis magni deserunt qui impedit ullam ab. Aliquid sed eveniet culpa. Recusandae aperiam dolore qui. Omnis nobis aut qui. Aperiam enim maiores minus quaerat dolorum est ips');
INSERT INTO `main_remark` (`id`, `section_id`, `expert_id`, `date`, `body`) VALUES (126, 11, 30, '2021-12-14', 'Et nihil non dolor. Nobis repellendus qui alias omnis error doloremque. Saepe deserunt officia qui. Id est necessitatibus veritatis asperiores. Expedita aliquid labore quam. Aut et nostrum quisquam nihil molestias sed aperiam. Voluptatem voluptas laborum et cumque praesentium esse. Itaque omnis quibusdam qui est asperiores consequatur. Suscipit dolor voluptates reprehenderit illo eos saepe quia. Quia odit quasi fuga praesentium. Nihil eveniet culpa et temporibus aliquid in at voluptatum. Placeat commodi iure omnis soluta. Dicta pariatur voluptatem voluptatem quasi magni. Nobis nemo incidunt nulla omnis sapiente nisi. Nihil iste ut sint consequatur sapiente. Optio nam distinctio temporibus dicta vel deleniti ea. Magnam molestias aut dicta porro autem aut a. Consequatur dicta assumenda rem et totam ad. Iusto possimus qui beatae dolore et excepturi neque.');
INSERT INTO `main_remark` (`id`, `section_id`, `expert_id`, `date`, `body`) VALUES (127, 7, 2, '2021-12-25', 'Ratione quidem molestiae totam qui cum voluptatem eius. Quia quo qui perferendis et voluptatem. Impedit dolorem quibusdam perspiciatis sed ipsam est aliquid. A sit mollitia aut sapiente. Voluptate ut doloribus et autem. Vel quis quia numquam quae vel voluptates qui. Ut quia quam aut. Temporibus cupiditate nemo vel vel ut. Harum nobis dolores facere perspiciatis placeat. Nulla est quasi amet odit id. Iste repellendus quasi autem quia qui recusandae perspiciatis. Quam ipsam aliquam ipsa. Molestiae temporibus velit hic perferendis. Aut soluta id omnis ullam eveniet libero. Aut ab fuga et. Cum dolores non assumenda neque voluptatibus debitis exercitationem odio. Distinctio iure expedita et eos suscipit eos veniam. Optio rerum ut quasi dolor voluptas qui. Vel est incidunt aut molestiae. Occaecati alias consequatur at reiciendis repellendus eos corrupti delectus. Est quasi commodi sit pariatur fugit. Et tempora ipsum eum placeat unde earum.');
INSERT INTO `main_remark` (`id`, `section_id`, `expert_id`, `date`, `body`) VALUES (128, 1, 30, '2022-01-13', 'Aut laboriosam alias nam ea earum commodi. Maiores et aliquam blanditiis omnis. Occaecati vel illo eum deserunt autem ipsa est. Aut rerum molestias animi sit aut dolores vel. Nihil quidem aut ex sit ea et neque. In voluptas et at est eum. Dolore rerum id omnis dicta aspernatur. Quidem cum dolorem architecto nulla quo. Sit facere quisquam illo exercitationem et. Dicta est itaque laudantium voluptate voluptatibus et. Minus maiores rem ipsam itaque non consectetur quisquam. Nihil deserunt nam exercitationem architecto maiores. Est rerum est est exercitationem sint magnam. Quibusdam cum soluta quis et quo est. Sit debitis quidem voluptatem nihil ut vitae. At facilis explicabo expedita est ut.');
INSERT INTO `main_remark` (`id`, `section_id`, `expert_id`, `date`, `body`) VALUES (129, 4, 22, '2021-12-28', 'Sed eos et nam aspernatur nemo. Quia qui et et et corrupti ab ut velit. Ea qui officiis accusamus et. Doloremque cum pariatur in suscipit est aut. Sint a nihil animi sapiente quas nemo ut repellendus. Inventore dolor similique sit repudiandae qui dolorem asperiores. Eos ipsam quos hic itaque earum eveniet delectus consequatur. Ducimus vero sit hic sunt. Corporis sed ratione sed quo. Eum quibusdam tempora quae impedit id molestiae placeat. Dicta ut odio ut numquam fugiat. Sit fugiat corrupti ducimus qui amet. Earum nihil molestias consectetur ipsa aut et a distinctio. Minus consequuntur dolores quam vel dicta. Ea quo harum expedita porro non aut. Ut rerum sit possimus ad quia non et quas. Est labore ipsa aut et velit. Nam sed necessitatibus nam. Aut cum eaque quia ullam totam sunt magni. Vel aut rerum debitis reiciendis sequi pariatur. Veritatis consequatur repudiandae labore dolorem assumenda sunt enim. Assumenda commodi ipsam autem qui molestiae debitis. Accusantium optio accusantium deserunt expedita. Esse ');
INSERT INTO `main_remark` (`id`, `section_id`, `expert_id`, `date`, `body`) VALUES (130, 2, 21, '2022-01-03', 'Non reprehenderit omnis vel explicabo voluptatem tempore praesentium quis. Ea maxime aut aut porro quod officiis repellat. Hic ut voluptas velit eligendi a. Sit accusamus deserunt consectetur quae corrupti ad consequatur. Unde consectetur eligendi assumenda minima placeat nihil repellat. Cum veniam accusantium et ut ad reprehenderit adipisci. Omnis maxime voluptatibus quibusdam eum ratione error suscipit enim. Est iste et dolores nam esse reiciendis atque. Repudiandae odit quibusdam laudantium neque non. Corporis aut ut distinctio dicta officiis recusandae. Natus vitae fugit laudantium inventore adipisci. Et quaerat provident error odio. Ab et dolore quis quo occaecati dolorem. Amet totam illo id dolores quo. Sunt perferendis accusamus dolorem esse officiis assumenda eveniet. Cumque qui repellendus mollitia quis nisi animi. Qui possimus saepe doloribus eum laudantium nobis corrupti. Voluptatem autem doloremque hic a. Consequatur ipsum earum maxime reprehenderit inventore. Tempora velit dolorem necessitatibus ');
INSERT INTO `main_remark` (`id`, `section_id`, `expert_id`, `date`, `body`) VALUES (131, 2, 10, '2021-12-17', 'Hic autem ut consequatur molestiae provident. Quibusdam atque et ipsa dolorem voluptas tempora non modi. Sint qui enim quo ex. Sequi a vero consectetur unde aut iusto. Provident nam non ea molestiae. Quo voluptatem ad perferendis debitis. Neque nisi iure et rerum et et enim. Enim sed alias error vel et ullam. Ut atque maxime ipsa maxime. Sapiente sit quia hic alias dolore maxime. Aut reprehenderit aut quia. Magni sed at a commodi. Qui vitae et expedita ut voluptates quo consequatur neque. Reiciendis enim sint et. Ullam animi sit a ut dolores nihil id. Quam natus est doloremque modi illum commodi repellendus. Omnis architecto quod natus doloribus quae. Deleniti quae vel iure totam veritatis repellendus aliquid laudantium.');
INSERT INTO `main_remark` (`id`, `section_id`, `expert_id`, `date`, `body`) VALUES (132, 8, 9, '2021-12-26', 'Culpa voluptatem excepturi corporis. Eaque corporis quis blanditiis ut non consequatur adipisci dolorem. Itaque ut saepe similique est nisi rerum et. Error impedit consequatur quis aut et similique praesentium. In ex fugit sequi sequi perferendis eum corrupti qui. Non numquam tempora vel enim nemo quisquam. Est illum ipsam qui veniam incidunt rerum. Natus dignissimos ab est. Qui sed aliquam facere quas dignissimos asperiores occaecati. Eaque modi voluptatem neque commodi quas nesciunt doloribus. Eos doloremque porro at quo voluptatum sit non. Aspernatur impedit nulla voluptates distinctio eum omnis. Odit odio neque tenetur numquam. Voluptatem dignissimos debitis in. Ducimus atque aut dolore velit cupiditate adipisci explicabo atque. Accusamus magni eligendi sit molestiae. Ipsum et ut molestiae ut tempore voluptatem. Est voluptas veniam incidunt modi consectetur laboriosam ipsum. Vel sint dicta vel illo dolores. Sint veniam voluptate ea consectetur ullam enim. Nulla libero expedita maiores ut.');
INSERT INTO `main_remark` (`id`, `section_id`, `expert_id`, `date`, `body`) VALUES (133, 13, 13, '2021-12-27', 'Ullam quas perspiciatis ut voluptatem facere repudiandae. Autem vitae recusandae voluptas numquam rerum expedita consequatur repudiandae. Dolorem nihil architecto delectus ea. Sit sed necessitatibus iure officia in qui repellat. Enim ut et fugiat nostrum. Sunt aperiam tempora modi. A est quo et nihil vel voluptatibus nostrum. Non sapiente quos accusamus ducimus odit distinctio eum velit. Autem aliquid sit aliquid placeat enim dolores. Maiores delectus velit nobis commodi. Quae provident doloremque autem omnis voluptas. Aperiam et cupiditate deserunt eveniet. In eius aut assumenda error nostrum et consectetur vel. Illo perferendis amet dolores in ipsa.');
INSERT INTO `main_remark` (`id`, `section_id`, `expert_id`, `date`, `body`) VALUES (134, 7, 13, '2021-12-28', 'Ut officiis praesentium molestiae nulla id similique delectus. Nobis consectetur rerum et tempore libero est. Eaque consequuntur quis a aut aliquam dolor. Est natus voluptas non placeat. Consectetur et perspiciatis quis et odio ex facilis. Odit et delectus eius cupiditate adipisci autem numquam. Voluptatem illum ipsam consectetur id ipsum. Est voluptas sit molestiae et nobis. Harum et ad vitae eum. Saepe non omnis tenetur omnis laboriosam sed quos. Ratione quas quasi veniam minima amet corrupti molestiae. Provident ex quidem provident quibusdam quidem. Nemo eligendi quasi et deleniti illo. Nam commodi nulla ab id reprehenderit cumque. Sequi voluptatibus sed sed sunt quas architecto voluptate. Nihil quisquam voluptas non tempore eveniet quo voluptatem ad. Beatae molestiae libero ea. Ut autem earum beatae qui. Labore quos voluptatum incidunt doloremque quis recusandae.');
INSERT INTO `main_remark` (`id`, `section_id`, `expert_id`, `date`, `body`) VALUES (135, 11, 4, '2021-12-14', 'Aut asperiores harum in delectus. Rem laudantium porro est inventore magni corrupti necessitatibus. Id aut tempora officiis ut consequatur voluptatem ipsa. Sit tempore perferendis odit maxime veritatis dolores totam. Consectetur asperiores blanditiis eos et et. Aut voluptatum vero voluptates aut sit animi. Eum voluptas quia harum suscipit non. Magnam sit totam sint et voluptatum magni. Sed ut natus ipsa molestias. Quia sapiente ut dolores labore et. Inventore molestias quidem mollitia in cumque. Veniam velit et dignissimos sint assumenda. Nihil ab dicta sint distinctio voluptas similique nihil omnis. Quis aut nemo voluptas exercitationem non. Quo quis ad aut accusamus porro tenetur voluptates. Ab aliquam ipsum dolor nam voluptatem et. Iusto facilis in sequi exercitationem quia in. Cum perferendis iusto at quos eaque. Omnis dolores corporis quis quas. Numquam accusantium ut quas alias rerum aut.');
INSERT INTO `main_remark` (`id`, `section_id`, `expert_id`, `date`, `body`) VALUES (136, 7, 30, '2022-01-10', 'Quia in porro sit sed iste cumque. Est nihil et nobis blanditiis id quae ducimus. Occaecati sint voluptate ut impedit consequatur non harum. Molestias ut quod illum nostrum adipisci quisquam accusamus esse. Quis dolorem eos ut ducimus quae asperiores. Voluptatem ipsa et rerum quos rem aut culpa. Esse ut facilis et et totam animi fugit. Voluptatum omnis itaque vero iure sequi. Quaerat quidem consequuntur omnis sapiente excepturi laboriosam. Est reprehenderit harum quis veritatis itaque. Similique velit aut fuga. Quia dolorem molestiae accusamus illo quo. Voluptas quis aperiam ratione voluptate.');
INSERT INTO `main_remark` (`id`, `section_id`, `expert_id`, `date`, `body`) VALUES (137, 1, 25, '2021-12-27', 'Ut quibusdam dicta eum pariatur aut. Error dolore ut dolor itaque quo. Deleniti et porro consequuntur. Temporibus dolores adipisci quia impedit corporis rem aut autem. Consequuntur est eum ratione. Veritatis eius optio doloribus beatae accusamus sapiente. At tenetur aut maxime nulla ut. Itaque ullam et consequatur dolores. Non in et cum perspiciatis beatae magnam distinctio. Exercitationem provident sit cumque error. Quibusdam molestiae nostrum autem voluptatem exercitationem soluta explicabo. Omnis facilis voluptatem eos natus. Magnam qui fugit sed ut magnam eaque.');
INSERT INTO `main_remark` (`id`, `section_id`, `expert_id`, `date`, `body`) VALUES (138, 2, 7, '2022-01-12', 'Eos reiciendis at voluptatibus sint esse recusandae. Quas quisquam enim sint quidem. Accusantium in ducimus numquam nisi. Enim ab aliquam cupiditate corrupti dolorum dolorem consequatur. Sint sit et nesciunt tempora dignissimos alias ut. Et corrupti quae repellendus dolorum cumque voluptatibus aut eligendi. Aliquid unde non officia aspernatur earum repellat dignissimos veniam. Omnis nobis officia officia dolores et. Ut illo labore eligendi ex repudiandae laborum repellat totam. Quis aliquid suscipit maxime sapiente odit. Sunt ea sequi quam vel blanditiis quis. Cupiditate quia quis aut maiores nihil. Autem voluptatem est qui tempore commodi ea rerum. Voluptatem non et quidem repellat perferendis pariatur id. Maxime quia quis et enim autem. Dolorem maiores rerum quasi voluptatem. Repudiandae quibusdam cupiditate autem ea consequatur ut sit. Officiis reprehenderit aut molestias nihil harum. Distinctio sapiente ea maiores temporibus deleniti omnis. Quam quibusdam pariatur recusandae ut rerum. Et qui nam aut sed m');
INSERT INTO `main_remark` (`id`, `section_id`, `expert_id`, `date`, `body`) VALUES (139, 1, 21, '2021-12-20', 'Sed quos fugit id eaque velit officia magnam maxime. Autem nesciunt dolorem corporis quibusdam dolorum suscipit nihil. Voluptatem deleniti eius voluptatum deleniti. Dolores odit consequatur aliquid quaerat corrupti. Veniam praesentium dolores assumenda natus dignissimos blanditiis quidem. Aut error dolorum ut. Itaque hic quam nulla aliquam ab. Aliquid ab eligendi sit voluptas quisquam. Quibusdam eligendi illo sed ab. Maxime eum qui voluptates quo. Id incidunt ipsa laboriosam nihil impedit qui. Eum quod excepturi veritatis sapiente quibusdam sequi repellendus. Sapiente et ut omnis autem nihil veniam quaerat. Ut illum veniam quam ut. Expedita facere sed aliquam ut rem ratione deserunt. Ut aut accusantium omnis vitae rerum ea dolorem qui. Debitis molestiae et sed est doloremque est sit. Sequi dolores occaecati fuga unde vitae id reprehenderit. Similique rerum amet et amet ut sint. Adipisci blanditiis quo suscipit quos rerum. Vero ab quos quod. Repudiandae in rerum ipsa tenetur praesentium. Delectus alias maiores');
INSERT INTO `main_remark` (`id`, `section_id`, `expert_id`, `date`, `body`) VALUES (140, 10, 30, '2021-12-21', 'Fugiat commodi doloremque dolorem ab. Culpa et impedit deleniti est at vel fuga. Fugit autem voluptatem dolor ipsum id magnam ratione. Sed quasi ad tenetur deserunt nobis pariatur sed et. Enim sint in possimus minima amet. In repellat veniam iste et eveniet sint. Dolore sed ut magni minima aut id. Autem labore tempora quo. Voluptatibus nemo unde dolor. Nostrum et qui error et expedita dolor. Iste et odit nemo sapiente quia magni ullam. Fugit molestiae quidem aut quia voluptate et aut. Ab officia odio ut. Voluptates quasi doloremque doloremque nostrum accusantium. Alias et deleniti esse veniam doloremque in nihil. Soluta error aut tempore suscipit enim sed. Fugit necessitatibus deserunt ipsum et quisquam.');
INSERT INTO `main_remark` (`id`, `section_id`, `expert_id`, `date`, `body`) VALUES (141, 9, 13, '2022-01-06', 'Ratione nam voluptas aspernatur ullam perspiciatis sunt. Eos consequuntur id possimus a illum atque libero dignissimos. Quo harum veritatis provident. Totam necessitatibus incidunt dolor. Quo ipsam impedit pariatur doloremque similique sed officiis. In consequatur autem modi harum laudantium ea in. Animi accusantium sunt est in mollitia. Nisi dignissimos hic cupiditate sunt excepturi est accusantium. Vel placeat assumenda dolores fugiat. Officia facere et perferendis aliquam ad unde. Exercitationem laborum porro possimus voluptatum modi doloremque. Tenetur in quae est architecto. Qui quis ut voluptates tempora qui voluptatibus. Autem impedit beatae unde exercitationem quam magni. Nam quia non recusandae est beatae ut nulla. Ab iste saepe aut ut sed ea. Saepe fugiat animi harum fuga fugit et voluptatibus. Officiis animi reiciendis veniam repellendus. Voluptas porro nulla rerum blanditiis corporis est. Consequuntur quis velit nostrum placeat.');
INSERT INTO `main_remark` (`id`, `section_id`, `expert_id`, `date`, `body`) VALUES (142, 14, 21, '2021-12-26', 'Ratione ad a est qui voluptatibus officia. Sunt corporis qui dolores deleniti alias ex hic suscipit. Eum id et ut quis. Minus voluptates hic dolores culpa voluptatem provident saepe. Est consequuntur vel laboriosam magnam ad magni. Sequi aut optio ea ipsam ad deserunt debitis asperiores. Sit cupiditate nihil saepe iste eveniet molestiae. Odio saepe provident dignissimos omnis in maxime. Consequatur possimus minima delectus aut et. Ipsa quis voluptatibus veritatis laboriosam amet sint. Autem iusto ducimus in totam temporibus consequatur. Occaecati maxime libero soluta dolor voluptatem. Libero dicta quia iste et. Sed aut officiis sit incidunt non doloribus. Iusto distinctio adipisci autem ipsa eum eius. Et libero qui commodi harum. Hic doloremque repellendus quos fuga. Officia quasi eum qui id quia. Non enim consequatur blanditiis voluptate quis. Veniam ut fugit nihil modi rerum vero delectus. Aut quia quidem deserunt rem perferendis. Debitis velit dolore eum quod fugit. Eligendi cupiditate dolores velit accusa');
INSERT INTO `main_remark` (`id`, `section_id`, `expert_id`, `date`, `body`) VALUES (143, 5, 14, '2021-12-21', 'Inventore aliquid soluta perferendis eveniet similique a ipsam. Sequi corporis excepturi fuga velit dolorum. Consequatur ea quae facilis sit magni. Non dolorem ut dolorum repellat autem rerum aut. Ut non corrupti aperiam odit et qui. Earum qui sit sunt aperiam. Vel autem labore dignissimos debitis. Quisquam est facere fugiat atque ducimus harum. Optio modi porro nihil minima officiis dolorem eius repellat. Ex tempore animi delectus rerum alias voluptatem. Distinctio facere aut sapiente in earum temporibus. Suscipit voluptatem culpa corrupti nihil qui minima explicabo. Tempore autem a veniam magnam. Harum laboriosam laboriosam ab quibusdam quos tenetur. Quia sunt omnis sit ratione. Iure quo quasi optio cupiditate maiores. Tempore totam et laudantium ex nemo vero. Aut suscipit sapiente qui voluptates qui quia. Ut corrupti aut alias aut. Inventore itaque rerum est repellendus fugit debitis illo. Quisquam natus dolore suscipit dicta. Rerum suscipit in qui dolorum. Nemo dolores quisquam animi vel ut eius. Esse ips');
INSERT INTO `main_remark` (`id`, `section_id`, `expert_id`, `date`, `body`) VALUES (144, 8, 16, '2021-12-26', 'Eius quod nulla consectetur qui temporibus omnis iste. Quo non dignissimos cum. Perferendis aut fugiat odio. Et occaecati qui accusantium impedit repellat ab. Quis ipsum non ut voluptatem enim quod nihil. Iusto numquam et consectetur doloremque inventore officiis. Perferendis nisi nihil sunt possimus quo est consequatur. Aliquam unde accusamus molestiae expedita consequatur sit. Magnam voluptatem quidem est autem. A quis ea iusto aut qui dolorem. Esse rerum est nesciunt saepe. Rerum et voluptas quia voluptates. Quo quidem rem soluta quia et sed dolores. Asperiores optio architecto iure doloribus dolores aut tempora. Omnis mollitia provident molestiae aut voluptates. Voluptatem excepturi officiis quae laudantium molestiae ullam.');
INSERT INTO `main_remark` (`id`, `section_id`, `expert_id`, `date`, `body`) VALUES (145, 15, 24, '2021-12-27', 'Facere molestias voluptas qui eos explicabo ab. Temporibus officia perspiciatis repudiandae. Molestiae et qui quae et adipisci. Pariatur perferendis sapiente voluptatum error. Quis iste id aspernatur saepe. Velit autem consequatur dolorem non quia illum. Voluptates repellat incidunt quia nostrum et harum voluptatem. Modi dignissimos enim quisquam placeat necessitatibus maxime ducimus. Harum voluptate dolore consequuntur quia sunt. Numquam aut et voluptate ullam. Culpa placeat dolores sed sit aut impedit. Earum temporibus vel et voluptates minima veritatis fugiat. Occaecati vero numquam dicta sunt quo ut dolorem omnis. Dolores quis quos molestiae vero. Ut quia nulla unde dolorem. Autem natus ea ut aut voluptas. Velit quos qui voluptatum rerum architecto facere. Suscipit aut enim animi mollitia.');
INSERT INTO `main_remark` (`id`, `section_id`, `expert_id`, `date`, `body`) VALUES (146, 2, 20, '2022-01-09', 'Quod et distinctio ea cum libero. Neque tenetur maiores molestias cumque. In nulla mollitia a reiciendis. Libero reiciendis quisquam doloribus. Sed eos aliquid ut dolorem eos. Et sed repudiandae ipsa est possimus. Blanditiis excepturi iusto vel non similique quia. Et modi dolor et eos ut debitis delectus. Qui non qui rerum repellendus. Et cumque corporis sapiente. Aut totam quis voluptatem eius nam. Est enim numquam quod atque. Et optio illo esse quaerat et. Adipisci sapiente consequatur sed. Omnis aliquid sapiente error sit. Quos molestiae praesentium hic molestiae. Consequuntur et cumque ab ipsum vero. Occaecati aut nobis quidem voluptas nostrum. Quod soluta consequatur odio nihil et magnam maiores. In repudiandae dolorum pariatur architecto vitae. Suscipit velit eius reiciendis consequatur. Inventore cupiditate recusandae ut deserunt. Et suscipit dolorum velit quia facere. Delectus laboriosam ut recusandae officia cum. Enim ducimus qui quia est est.');
INSERT INTO `main_remark` (`id`, `section_id`, `expert_id`, `date`, `body`) VALUES (147, 7, 1, '2022-01-08', 'Dolorum possimus fugiat ut ut voluptatem quibusdam. Voluptatem aut ut et similique est quo iusto. Recusandae voluptatem facilis aut libero. Mollitia accusamus sit ut maxime. Suscipit optio veniam facilis. Magnam quia commodi et minus modi voluptatem doloremque vero. Rerum quo minus asperiores nesciunt. Omnis quas corporis dignissimos suscipit quia et. Impedit omnis animi velit magni quas. Officiis ipsa dignissimos quos explicabo nesciunt et aspernatur. Perferendis velit ad rem facilis sint veritatis quo. Delectus similique tenetur tempore sunt corporis enim sint iure. Illum eos ipsam esse reprehenderit. Eaque perferendis fugiat asperiores sequi. Doloribus est accusamus nulla temporibus. Qui impedit sed a eum et aut. Nisi eveniet voluptatum porro qui qui temporibus. Ullam necessitatibus vel modi qui. Voluptatibus aspernatur praesentium ut sit autem officia. Iste reprehenderit qui consequuntur error. Est voluptas omnis facilis et eum. Alias asperiores dolorum sunt aperiam. Et blanditiis a aliquid ea laudantium ');
INSERT INTO `main_remark` (`id`, `section_id`, `expert_id`, `date`, `body`) VALUES (148, 10, 14, '2022-01-04', 'Quia perferendis sit aut dolorem molestias. Ratione aliquam expedita officiis voluptate. Hic nostrum explicabo quam placeat delectus omnis consectetur. Voluptatem odit in corrupti assumenda error. Velit beatae asperiores iusto assumenda. Vero voluptatum non quo officiis voluptatibus fugiat minus porro. Amet mollitia unde beatae quo unde. Aliquam eveniet molestias ratione fugiat in enim. Tempora velit enim et quas ut quis et. Ea laudantium blanditiis rerum repellendus deleniti. Fuga quasi est nesciunt rerum. Quibusdam eius rerum deserunt aspernatur aut voluptates. Non dolores blanditiis accusamus tenetur doloremque nesciunt. Dolor atque quam et reprehenderit rerum nesciunt explicabo. Aliquam rerum dolorum voluptatibus voluptatibus. Assumenda sit nobis aliquam eveniet. Repellendus debitis asperiores velit aspernatur dignissimos aliquam quo. Enim nobis sed omnis veritatis. Dignissimos magnam incidunt quia non. Perferendis architecto laborum ut porro eum sunt perspiciatis vero. Ducimus voluptatum recusandae sit i');
INSERT INTO `main_remark` (`id`, `section_id`, `expert_id`, `date`, `body`) VALUES (149, 4, 1, '2021-12-22', 'Laborum dolor incidunt sint animi. Sit qui commodi aut animi consectetur fuga. Blanditiis id rerum ea. Deserunt quibusdam veniam et qui aut expedita sit. Quasi voluptatem facilis blanditiis consequatur deleniti quia minus culpa. Cum voluptatem non voluptatum ducimus. Consequatur adipisci ut omnis rerum. Perferendis eaque omnis ut ut. Ipsa voluptas ut nesciunt. Voluptatum at quisquam aut error mollitia sunt mollitia. Enim autem nulla facere est porro ut. Ab quia error recusandae illo incidunt non iure. Et velit mollitia laudantium ipsam sit aut. Doloribus nesciunt tenetur magnam magnam quos quia. Accusantium atque doloribus et nisi optio quia. Fuga impedit adipisci est magnam non omnis. Alias eligendi temporibus animi deleniti necessitatibus.');
INSERT INTO `main_remark` (`id`, `section_id`, `expert_id`, `date`, `body`) VALUES (150, 10, 8, '2021-12-28', 'Non earum odit nulla pariatur quia est tempora ea. Doloremque perferendis mollitia sed accusamus libero aut. Et facilis non animi animi. Quae dolores odit possimus et. Ea quis qui ad aspernatur exercitationem doloribus sit. Qui debitis ut molestias consequatur non illum eos. Odio dolores et libero consequatur. Ratione dicta voluptatem sequi ea. Omnis ullam reprehenderit et vero sit veritatis odit voluptas. Quas voluptas ut et accusamus. Vitae possimus qui distinctio. Saepe aliquam pariatur rerum voluptatibus voluptatem. Aperiam aperiam dolor veniam cupiditate rerum quia totam. Dignissimos repudiandae consequatur repellat iste dolores. Blanditiis architecto cupiditate praesentium et. Similique dolorem voluptatem et reiciendis autem iure. Nihil sit aut qui labore dolorum iste. Incidunt facere a placeat rerum aut ad dolorem. Deserunt vel ut iste quibusdam fugiat. Voluptatem corporis modi aut sunt eveniet aut reprehenderit modi. Ut consequatur tempora ea voluptate. Est consequatur est voluptatibus natus quia sed ');
